<?xml version = '1.0' encoding = 'UTF-8'?>
<Diagram class="oracle.dbtools.crest.swingui.logical.DPVLogical" name="Logical" id="2D8E7696-859A-6361-467B-8D1E9BEE59C6">
<createdBy>Darklight</createdBy>
<modifiedBy>Darklight</modifiedBy>
<createdTime>2025-08-23 00:52:45 UTC</createdTime>
<autoRoute>false</autoRoute>
<boxInbox>true</boxInbox>
<showLegend>false</showLegend>
<showLabels>true</showLabels>
<showRelAttributes>true</showRelAttributes>
<gridEnabled>false</gridEnabled>
<showGrid>false</showGrid>
<diagramColor>-1</diagramColor>
<display>false</display>
<notation>0</notation>
<showComments>true</showComments>
<showClassificationTypes>true</showClassificationTypes>
<hideDetailsOnZoomOut>false</hideDetailsOnZoomOut>
<showDynamicProperties>true</showDynamicProperties>
<objectViews>
<OView class="oracle.dbtools.crest.swingui.logical.TVEntity" oid="0D9F0583-1392-1367-FD25-9AD136CA6611" otype="Entity" vid="17AC307D-6889-888E-9C77-AE475199B895">
<hideElementsInCurrentOnly>false</hideElementsInCurrentOnly>
<bounds x="186" y="429" width="388" height="273"/>
</OView>
<OView class="oracle.dbtools.crest.swingui.logical.TVEntity" oid="2BEC5A44-23AD-A0F7-3B15-C67B4BFB0F30" otype="Entity" vid="1F647ECA-ACB4-5854-65D1-31790A690A91">
<hideElementsInCurrentOnly>false</hideElementsInCurrentOnly>
<bounds x="297" y="39" width="188" height="107"/>
</OView>
<OView class="oracle.dbtools.crest.swingui.logical.TVEntity" oid="31506014-7D28-F843-56BC-F7491F531EBE" otype="Entity" vid="20EE3614-0868-B142-741B-706944C3C360">
<hideElementsInCurrentOnly>false</hideElementsInCurrentOnly>
<bounds x="974" y="389" width="193" height="104"/>
</OView>
<OView class="oracle.dbtools.crest.swingui.logical.TVEntity" oid="8EBB9C20-02D4-0246-B61F-3B54C9217846" otype="Entity" vid="A20388D0-1F97-D637-F50B-3E2B61553C00">
<hideElementsInCurrentOnly>false</hideElementsInCurrentOnly>
<bounds x="196" y="648" width="184" height="44"/>
</OView>
<OView class="oracle.dbtools.crest.swingui.logical.TVEntity" oid="A106977B-AA9A-88F6-9FAB-4623B5DED9B1" otype="Entity" vid="D36DFBCD-E4E0-5D6A-111A-89FDEA7A3A46">
<hideElementsInCurrentOnly>false</hideElementsInCurrentOnly>
<bounds x="678" y="373" width="229" height="145"/>
</OView>
<OView class="oracle.dbtools.crest.swingui.logical.TVEntity" oid="A588A654-E6E8-3987-0460-C4F0411724EF" otype="Entity" vid="49C1DD6A-9150-1856-1246-3F186613DED0">
<hideElementsInCurrentOnly>false</hideElementsInCurrentOnly>
<bounds x="706" y="214" width="170" height="135"/>
</OView>
<OView class="oracle.dbtools.crest.swingui.logical.TVEntity" oid="AD6DAA0D-4ED0-222A-C183-1D8E7348F4DF" otype="Entity" vid="5E3BFD19-46B2-6DD5-2A2F-7E93CFD4B192">
<hideElementsInCurrentOnly>false</hideElementsInCurrentOnly>
<bounds x="264" y="196" width="244" height="151"/>
</OView>
<OView class="oracle.dbtools.crest.swingui.logical.TVEntity" oid="DA83FB39-FAFA-53C8-D2AA-9C480E232B02" otype="Entity" vid="186ABCA5-25B4-8827-D442-87D56DABB182">
<hideElementsInCurrentOnly>false</hideElementsInCurrentOnly>
<bounds x="689" y="577" width="220" height="89"/>
</OView>
<OView class="oracle.dbtools.crest.swingui.logical.TVEntity" oid="FE16554F-9228-9DC7-3611-249A0EC6E663" otype="Entity" vid="EA9C30D3-7C88-739C-9B7C-8B8536990382">
<hideElementsInCurrentOnly>false</hideElementsInCurrentOnly>
<bounds x="385" y="647" width="179" height="45"/>
</OView>
</objectViews>
<connectors>
<Connector class="oracle.dbtools.crest.swingui.logical.TVRelation" oid="49F41590-40C7-60F4-7FA7-E1B96039400E" otype="Relation" vid_source="D36DFBCD-E4E0-5D6A-111A-89FDEA7A3A46" vid_target="20EE3614-0868-B142-741B-706944C3C360">
<hideElementsInCurrentOnly>false</hideElementsInCurrentOnly>
<backgroundColor>-16777216</backgroundColor>
<lineWidth>1</lineWidth>
<points>
<point x="907" y="441"/>
<point x="974" y="441"/>
</points>
</Connector>
<Connector class="oracle.dbtools.crest.swingui.logical.TVRelation" oid="4D213983-571E-0016-FCAF-B70458709030" otype="Relation" vid_source="1F647ECA-ACB4-5854-65D1-31790A690A91" vid_target="5E3BFD19-46B2-6DD5-2A2F-7E93CFD4B192">
<hideElementsInCurrentOnly>false</hideElementsInCurrentOnly>
<backgroundColor>-16777216</backgroundColor>
<lineWidth>1</lineWidth>
<points>
<point x="391" y="146"/>
<point x="391" y="196"/>
</points>
</Connector>
<Connector class="oracle.dbtools.crest.swingui.logical.TVInheritanceRelation" oid="5F018907-B953-69DE-7974-8E5537A86B47" otype="Hierarchy relation" vid_source="17AC307D-6889-888E-9C77-AE475199B895" vid_target="A20388D0-1F97-D637-F50B-3E2B61553C00">
<hideElementsInCurrentOnly>false</hideElementsInCurrentOnly>
<backgroundColor>-65536</backgroundColor>
<lineWidth>1</lineWidth>
</Connector>
<Connector class="oracle.dbtools.crest.swingui.logical.TVRelation" oid="7386020F-EE73-1262-20EE-EFD919A0215B" otype="Relation" vid_source="5E3BFD19-46B2-6DD5-2A2F-7E93CFD4B192" vid_target="49C1DD6A-9150-1856-1246-3F186613DED0">
<hideElementsInCurrentOnly>false</hideElementsInCurrentOnly>
<backgroundColor>-16777216</backgroundColor>
<lineWidth>1</lineWidth>
<points>
<point x="508" y="280"/>
<point x="706" y="280"/>
</points>
</Connector>
<Connector class="oracle.dbtools.crest.swingui.logical.TVInheritanceRelation" oid="A9EA9B19-AE5B-A394-C987-972F1C3A9324" otype="Hierarchy relation" vid_source="17AC307D-6889-888E-9C77-AE475199B895" vid_target="EA9C30D3-7C88-739C-9B7C-8B8536990382">
<hideElementsInCurrentOnly>false</hideElementsInCurrentOnly>
<backgroundColor>-65536</backgroundColor>
<lineWidth>1</lineWidth>
</Connector>
<Connector class="oracle.dbtools.crest.swingui.logical.TVRelation" oid="AE7B4A4C-C5C9-45E5-0024-528BCC5A1366" otype="Relation" vid_source="5E3BFD19-46B2-6DD5-2A2F-7E93CFD4B192" vid_target="186ABCA5-25B4-8827-D442-87D56DABB182">
<hideElementsInCurrentOnly>false</hideElementsInCurrentOnly>
<backgroundColor>-16777216</backgroundColor>
<lineWidth>1</lineWidth>
<points>
<point x="446" y="341"/>
<point x="746" y="577"/>
</points>
</Connector>
<Connector class="oracle.dbtools.crest.swingui.logical.TVRelation" oid="B7053A89-A2AD-678C-C1F9-3D4EE6C5AF75" otype="Relation" vid_source="17AC307D-6889-888E-9C77-AE475199B895" vid_target="186ABCA5-25B4-8827-D442-87D56DABB182">
<hideElementsInCurrentOnly>false</hideElementsInCurrentOnly>
<backgroundColor>-16777216</backgroundColor>
<lineWidth>1</lineWidth>
<points>
<point x="574" y="621"/>
<point x="689" y="621"/>
</points>
</Connector>
<Connector class="oracle.dbtools.crest.swingui.logical.TVRelation" oid="C7ECC466-935A-B750-2503-91A3B605A5B7" otype="Relation" vid_source="186ABCA5-25B4-8827-D442-87D56DABB182" vid_target="D36DFBCD-E4E0-5D6A-111A-89FDEA7A3A46">
<hideElementsInCurrentOnly>false</hideElementsInCurrentOnly>
<backgroundColor>-16777216</backgroundColor>
<lineWidth>1</lineWidth>
<points>
<point x="798" y="577"/>
<point x="793" y="518"/>
</points>
</Connector>
<Connector class="oracle.dbtools.crest.swingui.logical.TVRelation" oid="D1896CD5-98F3-D151-1905-EDC6C15F5E1D" otype="Relation" vid_source="49C1DD6A-9150-1856-1246-3F186613DED0" vid_target="D36DFBCD-E4E0-5D6A-111A-89FDEA7A3A46">
<hideElementsInCurrentOnly>false</hideElementsInCurrentOnly>
<backgroundColor>-16777216</backgroundColor>
<lineWidth>1</lineWidth>
<points>
<point x="791" y="349"/>
<point x="791" y="373"/>
</points>
</Connector>
</connectors>
</Diagram>