<?xml version = '1.0' encoding = 'UTF-8'?>
<Entity class="oracle.dbtools.crest.model.design.logical.Entity" directorySegmentName="seg_0" id="0D9F0583-1392-1367-FD25-9AD136CA6611" name="EMPLEADO">
<createdBy>Darklight</createdBy>
<createdTime>2025-08-23 02:07:53 UTC</createdTime>
<ownerDesignName>Exp1_S2_Grupo22</ownerDesignName>
<engineerTo>
<item key="7628B1AF-3FA5-ACB0-A52B-CA1A2A67C833" value="true"/>
</engineerTo>
<adequatelyNormalized>NO</adequatelyNormalized>
<expectedVolumes>0</expectedVolumes>
<fwdEngineeringStrategyName>Single Table</fwdEngineeringStrategyName>
<growthPercent>0</growthPercent>
<growthType>Year</growthType>
<maxVolumes>9999999</maxVolumes>
<minVolumes>0</minVolumes>
<normalForm>Third</normalForm>
<attributes itemClass="oracle.dbtools.crest.model.design.logical.Attribute">
<Attribute name="rut" id="BD2A7473-AABE-5498-6B9F-7ECD5AB211AD">
<createdBy>Darklight</createdBy>
<createdTime>2025-08-23 03:27:44 UTC</createdTime>
<ownerDesignName>Exp1_S2_Grupo22</ownerDesignName>
<engineerTo>
<item key="7628B1AF-3FA5-ACB0-A52B-CA1A2A67C833" value="true"/>
</engineerTo>
<useDomainConstraints>false</useDomainConstraints>
<use>1</use>
<logicalDatatype>LOGDT024</logicalDatatype>
<dataTypeSize>12 CHAR</dataTypeSize>
<ownDataTypeParameters>12 CHAR,,</ownDataTypeParameters>
</Attribute>
<Attribute name="nombre_empleado" id="84806686-5891-AF8C-3EA7-F7F36C843044">
<createdBy>Darklight</createdBy>
<createdTime>2025-08-23 03:27:54 UTC</createdTime>
<ownerDesignName>Exp1_S2_Grupo22</ownerDesignName>
<engineerTo>
<item key="7628B1AF-3FA5-ACB0-A52B-CA1A2A67C833" value="true"/>
</engineerTo>
<useDomainConstraints>false</useDomainConstraints>
<use>1</use>
<logicalDatatype>LOGDT024</logicalDatatype>
<dataTypeSize>50 CHAR</dataTypeSize>
<ownDataTypeParameters>50 CHAR,,</ownDataTypeParameters>
</Attribute>
<Attribute name="direccion" id="E8D7F7B1-5F0A-2B5E-1874-CE0E25B13D72">
<createdBy>Darklight</createdBy>
<createdTime>2025-08-23 03:28:20 UTC</createdTime>
<ownerDesignName>Exp1_S2_Grupo22</ownerDesignName>
<engineerTo>
<item key="7628B1AF-3FA5-ACB0-A52B-CA1A2A67C833" value="true"/>
</engineerTo>
<useDomainConstraints>false</useDomainConstraints>
<use>1</use>
<logicalDatatype>LOGDT024</logicalDatatype>
<dataTypeSize>50 CHAR</dataTypeSize>
<ownDataTypeParameters>50 CHAR,,</ownDataTypeParameters>
</Attribute>
<Attribute name="sueldo_base" id="CB0A6E65-8C5F-9AB7-F990-229CA8A1EE2F">
<createdBy>Darklight</createdBy>
<createdTime>2025-08-23 03:28:32 UTC</createdTime>
<ownerDesignName>Exp1_S2_Grupo22</ownerDesignName>
<engineerTo>
<item key="7628B1AF-3FA5-ACB0-A52B-CA1A2A67C833" value="true"/>
</engineerTo>
<useDomainConstraints>false</useDomainConstraints>
<use>1</use>
<logicalDatatype>LOGDT011</logicalDatatype>
<ownDataTypeParameters>,,</ownDataTypeParameters>
</Attribute>
<Attribute name="fecha_ingreso" id="33F2A4D8-5B0F-0FA0-7EBF-C890DE38F400">
<createdBy>Darklight</createdBy>
<createdTime>2025-08-23 03:28:55 UTC</createdTime>
<ownerDesignName>Exp1_S2_Grupo22</ownerDesignName>
<engineerTo>
<item key="7628B1AF-3FA5-ACB0-A52B-CA1A2A67C833" value="true"/>
</engineerTo>
<useDomainConstraints>false</useDomainConstraints>
<use>1</use>
<logicalDatatype>LOGDT007</logicalDatatype>
<ownDataTypeParameters>,,</ownDataTypeParameters>
</Attribute>
<Attribute name="genero" id="8CF541C1-1587-653F-B75B-1B91AC86C506">
<createdBy>Darklight</createdBy>
<createdTime>2025-08-23 03:29:10 UTC</createdTime>
<ownerDesignName>Exp1_S2_Grupo22</ownerDesignName>
<engineerTo>
<item key="7628B1AF-3FA5-ACB0-A52B-CA1A2A67C833" value="true"/>
</engineerTo>
<useDomainConstraints>false</useDomainConstraints>
<use>1</use>
<logicalDatatype>LOGDT011</logicalDatatype>
<ownDataTypeParameters>,,</ownDataTypeParameters>
</Attribute>
<Attribute name="telefono_movil" id="543B45E1-B469-1829-1D3C-74EC743520BD">
<createdBy>Darklight</createdBy>
<createdTime>2025-08-23 03:29:23 UTC</createdTime>
<ownerDesignName>Exp1_S2_Grupo22</ownerDesignName>
<engineerTo>
<item key="7628B1AF-3FA5-ACB0-A52B-CA1A2A67C833" value="true"/>
</engineerTo>
<useDomainConstraints>false</useDomainConstraints>
<use>1</use>
<logicalDatatype>LOGDT011</logicalDatatype>
<ownDataTypeParameters>,,</ownDataTypeParameters>
</Attribute>
<Attribute name="tipo_afp" id="1F7C26A3-FA0E-7CAA-76EC-59A90F6539B3">
<createdBy>Darklight</createdBy>
<createdTime>2025-08-23 03:29:51 UTC</createdTime>
<ownerDesignName>Exp1_S2_Grupo22</ownerDesignName>
<engineerTo>
<item key="7628B1AF-3FA5-ACB0-A52B-CA1A2A67C833" value="true"/>
</engineerTo>
<useDomainConstraints>false</useDomainConstraints>
<use>1</use>
<logicalDatatype>LOGDT011</logicalDatatype>
<ownDataTypeParameters>,,</ownDataTypeParameters>
</Attribute>
<Attribute name="telefono_contacto" id="6CE5DD17-D9FA-FB49-EE65-1A474BBA9B14">
<createdBy>Darklight</createdBy>
<createdTime>2025-08-23 03:29:36 UTC</createdTime>
<ownerDesignName>Exp1_S2_Grupo22</ownerDesignName>
<engineerTo>
<item key="7628B1AF-3FA5-ACB0-A52B-CA1A2A67C833" value="true"/>
</engineerTo>
<nullsAllowed>true</nullsAllowed>
<useDomainConstraints>false</useDomainConstraints>
<use>1</use>
<logicalDatatype>LOGDT011</logicalDatatype>
<ownDataTypeParameters>,,</ownDataTypeParameters>
</Attribute>
</attributes>
<identifiers itemClass="oracle.dbtools.crest.model.design.logical.CandidateKey">
<identifier id="F6560DDC-9D6D-3B55-ED40-564A14F50B69" name="EMPLEADO PK">
<createdBy>Darklight</createdBy>
<createdTime>2025-08-23 03:27:56 UTC</createdTime>
<ownerDesignName>Exp1_S2_Grupo22</ownerDesignName>
<engineerTo>
<item key="7628B1AF-3FA5-ACB0-A52B-CA1A2A67C833" value="true"/>
</engineerTo>
<pk>true</pk>
<newElementsIDs>BD2A7473-AABE-5498-6B9F-7ECD5AB211AD</newElementsIDs>
<usedAttributes>
<attributeRef>BD2A7473-AABE-5498-6B9F-7ECD5AB211AD</attributeRef>
</usedAttributes>
</identifier>
</identifiers>
</Entity>