<?xml version = '1.0' encoding = 'UTF-8'?>
<Entity class="oracle.dbtools.crest.model.design.logical.Entity" directorySegmentName="seg_0" id="31506014-7D28-F843-56BC-F7491F531EBE" name="EQUIPAJE">
<createdBy>Darklight</createdBy>
<createdTime>2025-08-23 01:14:51 UTC</createdTime>
<ownerDesignName>Exp1_S2_Grupo22</ownerDesignName>
<engineerTo>
<item key="7628B1AF-3FA5-ACB0-A52B-CA1A2A67C833" value="true"/>
</engineerTo>
<adequatelyNormalized>NO</adequatelyNormalized>
<expectedVolumes>0</expectedVolumes>
<fwdEngineeringStrategyName>Single Table</fwdEngineeringStrategyName>
<growthPercent>0</growthPercent>
<growthType>Year</growthType>
<maxVolumes>9999999</maxVolumes>
<minVolumes>0</minVolumes>
<normalForm>Third</normalForm>
<attributes itemClass="oracle.dbtools.crest.model.design.logical.Attribute">
<Attribute name="codigo" id="97386AD7-DDEC-93C3-7B1C-0ED8410D75C8">
<createdBy>Darklight</createdBy>
<createdTime>2025-08-23 01:16:08 UTC</createdTime>
<ownerDesignName>Exp1_S2_Grupo22</ownerDesignName>
<engineerTo>
<item key="7628B1AF-3FA5-ACB0-A52B-CA1A2A67C833" value="true"/>
</engineerTo>
<useDomainConstraints>false</useDomainConstraints>
<use>1</use>
<logicalDatatype>LOGDT011</logicalDatatype>
<ownDataTypeParameters>,,</ownDataTypeParameters>
</Attribute>
<Attribute name="color" id="FBB2B1EF-AF96-F8DA-58B0-5FFCA0CEEB07">
<createdBy>Darklight</createdBy>
<createdTime>2025-08-23 01:16:28 UTC</createdTime>
<ownerDesignName>Exp1_S2_Grupo22</ownerDesignName>
<engineerTo>
<item key="7628B1AF-3FA5-ACB0-A52B-CA1A2A67C833" value="true"/>
</engineerTo>
<useDomainConstraints>false</useDomainConstraints>
<use>1</use>
<logicalDatatype>LOGDT011</logicalDatatype>
<ownDataTypeParameters>,,</ownDataTypeParameters>
</Attribute>
<Attribute name="peso" id="5C47A2FF-7CA5-80D7-5BC2-8254B033B097">
<createdBy>Darklight</createdBy>
<createdTime>2025-08-23 01:16:50 UTC</createdTime>
<ownerDesignName>Exp1_S2_Grupo22</ownerDesignName>
<engineerTo>
<item key="7628B1AF-3FA5-ACB0-A52B-CA1A2A67C833" value="true"/>
</engineerTo>
<useDomainConstraints>false</useDomainConstraints>
<use>1</use>
<logicalDatatype>LOGDT019</logicalDatatype>
<dataTypePrecision>3</dataTypePrecision>
<dataTypeScale>2</dataTypeScale>
<ownDataTypeParameters>,3,2</ownDataTypeParameters>
</Attribute>
<Attribute name="n_pasaporte" id="7E9D9CDD-18FA-C6F9-0410-8C6CE2043F8B">
<createdBy>Darklight</createdBy>
<createdTime>2025-08-23 05:20:31 UTC</createdTime>
<generatorID>49F41590-40C7-60F4-7FA7-E1B96039400E</generatorID>
<ownerDesignName>Exp1_S2_Grupo22</ownerDesignName>
<engineerTo>
<item key="7628B1AF-3FA5-ACB0-A52B-CA1A2A67C833" value="true"/>
</engineerTo>
<referedAttribute>7EA7B5CA-E7B4-DDA3-41B9-9B5F88C4C9F8</referedAttribute>
<useDomainConstraints>false</useDomainConstraints>
<use>1</use>
<logicalDatatype>LOGDT011</logicalDatatype>
<ownDataTypeParameters>,,</ownDataTypeParameters>
</Attribute>
</attributes>
<identifiers itemClass="oracle.dbtools.crest.model.design.logical.CandidateKey">
<identifier id="A8404396-5AC7-4695-7E2E-EF5FFB20D9FB" name="EQUIPAJE PK">
<createdBy>Darklight</createdBy>
<createdTime>2025-08-23 01:16:20 UTC</createdTime>
<ownerDesignName>Exp1_S2_Grupo22</ownerDesignName>
<engineerTo>
<item key="7628B1AF-3FA5-ACB0-A52B-CA1A2A67C833" value="true"/>
</engineerTo>
<pk>true</pk>
<usedAttributes>
<attributeRef>97386AD7-DDEC-93C3-7B1C-0ED8410D75C8</attributeRef>
</usedAttributes>
</identifier>
</identifiers>
</Entity>