<?xml version = '1.0' encoding = 'UTF-8'?>
<Entity class="oracle.dbtools.crest.model.design.logical.Entity" directorySegmentName="seg_0" id="A106977B-AA9A-88F6-9FAB-4623B5DED9B1" name="PASAJERO">
<createdBy>Darklight</createdBy>
<createdTime>2025-08-23 00:54:25 UTC</createdTime>
<ownerDesignName>Exp1_S2_Grupo22</ownerDesignName>
<engineerTo>
<item key="7628B1AF-3FA5-ACB0-A52B-CA1A2A67C833" value="true"/>
</engineerTo>
<adequatelyNormalized>NO</adequatelyNormalized>
<expectedVolumes>0</expectedVolumes>
<fwdEngineeringStrategyName>Single Table</fwdEngineeringStrategyName>
<growthPercent>0</growthPercent>
<growthType>Year</growthType>
<maxVolumes>9999999</maxVolumes>
<minVolumes>0</minVolumes>
<normalForm>Third</normalForm>
<attributes itemClass="oracle.dbtools.crest.model.design.logical.Attribute">
<Attribute name="n_pasaporte" id="7EA7B5CA-E7B4-DDA3-41B9-9B5F88C4C9F8">
<createdBy>Darklight</createdBy>
<createdTime>2025-08-23 01:06:07 UTC</createdTime>
<ownerDesignName>Exp1_S2_Grupo22</ownerDesignName>
<engineerTo>
<item key="7628B1AF-3FA5-ACB0-A52B-CA1A2A67C833" value="true"/>
</engineerTo>
<useDomainConstraints>false</useDomainConstraints>
<use>1</use>
<logicalDatatype>LOGDT011</logicalDatatype>
<ownDataTypeParameters>,,</ownDataTypeParameters>
</Attribute>
<Attribute name="nombre_pasajero" id="66E662EC-0F2B-84E9-D404-67519ACF55D8">
<createdBy>Darklight</createdBy>
<createdTime>2025-08-23 00:56:51 UTC</createdTime>
<ownerDesignName>Exp1_S2_Grupo22</ownerDesignName>
<engineerTo>
<item key="7628B1AF-3FA5-ACB0-A52B-CA1A2A67C833" value="true"/>
</engineerTo>
<useDomainConstraints>false</useDomainConstraints>
<use>1</use>
<logicalDatatype>LOGDT024</logicalDatatype>
<dataTypeSize>50 CHAR</dataTypeSize>
<ownDataTypeParameters>50 CHAR,,</ownDataTypeParameters>
</Attribute>
<Attribute name="fecha_nacimiento" id="6CA79E33-A234-FC77-8A6D-31DEF77B10B7">
<createdBy>Darklight</createdBy>
<createdTime>2025-08-23 01:03:56 UTC</createdTime>
<ownerDesignName>Exp1_S2_Grupo22</ownerDesignName>
<engineerTo>
<item key="7628B1AF-3FA5-ACB0-A52B-CA1A2A67C833" value="true"/>
</engineerTo>
<useDomainConstraints>false</useDomainConstraints>
<use>1</use>
<logicalDatatype>LOGDT007</logicalDatatype>
<ownDataTypeParameters>,,</ownDataTypeParameters>
</Attribute>
<Attribute name="nacionalidad" id="ADE0E36F-86D9-6A67-E7CA-949D037C9BC8">
<createdBy>Darklight</createdBy>
<createdTime>2025-08-23 01:05:13 UTC</createdTime>
<ownerDesignName>Exp1_S2_Grupo22</ownerDesignName>
<engineerTo>
<item key="7628B1AF-3FA5-ACB0-A52B-CA1A2A67C833" value="true"/>
</engineerTo>
<useDomainConstraints>false</useDomainConstraints>
<use>1</use>
<logicalDatatype>LOGDT011</logicalDatatype>
<ownDataTypeParameters>,,</ownDataTypeParameters>
</Attribute>
<Attribute name="correo_electronico" id="073E8EFE-F56D-DAD1-BB7C-63E904E5BD02">
<createdBy>Darklight</createdBy>
<createdTime>2025-08-23 01:13:29 UTC</createdTime>
<ownerDesignName>Exp1_S2_Grupo22</ownerDesignName>
<engineerTo>
<item key="7628B1AF-3FA5-ACB0-A52B-CA1A2A67C833" value="true"/>
</engineerTo>
<nullsAllowed>true</nullsAllowed>
<useDomainConstraints>false</useDomainConstraints>
<use>1</use>
<logicalDatatype>LOGDT024</logicalDatatype>
<dataTypeSize>100 CHAR</dataTypeSize>
<ownDataTypeParameters>100 CHAR,,</ownDataTypeParameters>
</Attribute>
<Attribute name="n_reserva" id="0E58B4DF-9696-C196-AE0A-5E74BB5724DF">
<createdBy>Darklight</createdBy>
<createdTime>2025-08-23 03:43:26 UTC</createdTime>
<generatorID>D1896CD5-98F3-D151-1905-EDC6C15F5E1D</generatorID>
<ownerDesignName>Exp1_S2_Grupo22</ownerDesignName>
<engineerTo>
<item key="7628B1AF-3FA5-ACB0-A52B-CA1A2A67C833" value="true"/>
</engineerTo>
<referedAttribute>FACA1EE6-50AF-6E3A-ACA9-238F6CA6C03D</referedAttribute>
<useDomainConstraints>false</useDomainConstraints>
<use>1</use>
<logicalDatatype>LOGDT011</logicalDatatype>
<ownDataTypeParameters>,,</ownDataTypeParameters>
</Attribute>
<Attribute name="n_vuelo1" id="8CFB9A9D-6EF0-D21C-66A1-CAE64B333345">
<createdBy>Darklight</createdBy>
<createdTime>2025-08-23 05:17:33 UTC</createdTime>
<generatorID>C7ECC466-935A-B750-2503-91A3B605A5B7</generatorID>
<ownerDesignName>Exp1_S2_Grupo22</ownerDesignName>
<engineerTo>
<item key="7628B1AF-3FA5-ACB0-A52B-CA1A2A67C833" value="true"/>
</engineerTo>
<referedAttribute>5EE72E07-26A2-1057-814B-A84F597A2142</referedAttribute>
<useDomainConstraints>false</useDomainConstraints>
<use>1</use>
<logicalDatatype>LOGDT011</logicalDatatype>
<ownDataTypeParameters>,,</ownDataTypeParameters>
</Attribute>
</attributes>
<identifiers itemClass="oracle.dbtools.crest.model.design.logical.CandidateKey">
<identifier id="CDCB6548-D29C-C14B-C303-21646C20E1DD" name="PASAJERO PK">
<createdBy>Darklight</createdBy>
<createdTime>2025-08-23 01:14:31 UTC</createdTime>
<ownerDesignName>Exp1_S2_Grupo22</ownerDesignName>
<engineerTo>
<item key="7628B1AF-3FA5-ACB0-A52B-CA1A2A67C833" value="true"/>
</engineerTo>
<pk>true</pk>
<newElementsIDs>7EA7B5CA-E7B4-DDA3-41B9-9B5F88C4C9F8</newElementsIDs>
<usedAttributes>
<attributeRef>7EA7B5CA-E7B4-DDA3-41B9-9B5F88C4C9F8</attributeRef>
</usedAttributes>
</identifier>
</identifiers>
</Entity>