<?xml version = '1.0' encoding = 'UTF-8'?>
<Entity class="oracle.dbtools.crest.model.design.logical.Entity" directorySegmentName="seg_0" id="A588A654-E6E8-3987-0460-C4F0411724EF" name="RESERVA">
<createdBy>Darklight</createdBy>
<createdTime>2025-08-23 01:55:20 UTC</createdTime>
<ownerDesignName>Exp1_S2_Grupo22</ownerDesignName>
<engineerTo>
<item key="7628B1AF-3FA5-ACB0-A52B-CA1A2A67C833" value="true"/>
</engineerTo>
<adequatelyNormalized>NO</adequatelyNormalized>
<expectedVolumes>0</expectedVolumes>
<fwdEngineeringStrategyName>Single Table</fwdEngineeringStrategyName>
<growthPercent>0</growthPercent>
<growthType>Year</growthType>
<maxVolumes>9999999</maxVolumes>
<minVolumes>0</minVolumes>
<normalForm>Third</normalForm>
<attributes itemClass="oracle.dbtools.crest.model.design.logical.Attribute">
<Attribute name="n_reserva" id="FACA1EE6-50AF-6E3A-ACA9-238F6CA6C03D">
<createdBy>Darklight</createdBy>
<createdTime>2025-08-23 01:56:21 UTC</createdTime>
<ownerDesignName>Exp1_S2_Grupo22</ownerDesignName>
<engineerTo>
<item key="7628B1AF-3FA5-ACB0-A52B-CA1A2A67C833" value="true"/>
</engineerTo>
<useDomainConstraints>false</useDomainConstraints>
<use>1</use>
<logicalDatatype>LOGDT011</logicalDatatype>
<ownDataTypeParameters>,,</ownDataTypeParameters>
</Attribute>
<Attribute name="fecha_reserva" id="DD564A17-F0BD-F4F2-FBFF-CCE4F59DF339">
<createdBy>Darklight</createdBy>
<createdTime>2025-08-23 01:56:36 UTC</createdTime>
<ownerDesignName>Exp1_S2_Grupo22</ownerDesignName>
<engineerTo>
<item key="7628B1AF-3FA5-ACB0-A52B-CA1A2A67C833" value="true"/>
</engineerTo>
<useDomainConstraints>false</useDomainConstraints>
<use>1</use>
<logicalDatatype>LOGDT007</logicalDatatype>
<ownDataTypeParameters>,,</ownDataTypeParameters>
</Attribute>
<Attribute name="fecha_viaje" id="47E4C2EC-780C-9E77-B788-39F69203A2AD">
<createdBy>Darklight</createdBy>
<createdTime>2025-08-23 01:56:59 UTC</createdTime>
<ownerDesignName>Exp1_S2_Grupo22</ownerDesignName>
<engineerTo>
<item key="7628B1AF-3FA5-ACB0-A52B-CA1A2A67C833" value="true"/>
</engineerTo>
<useDomainConstraints>false</useDomainConstraints>
<use>1</use>
<logicalDatatype>LOGDT007</logicalDatatype>
<ownDataTypeParameters>,,</ownDataTypeParameters>
</Attribute>
<Attribute name="estado" id="8916FFC3-C2E8-4CA7-CDC6-6258C1BBC706">
<createdBy>Darklight</createdBy>
<createdTime>2025-08-23 01:57:28 UTC</createdTime>
<ownerDesignName>Exp1_S2_Grupo22</ownerDesignName>
<engineerTo>
<item key="7628B1AF-3FA5-ACB0-A52B-CA1A2A67C833" value="true"/>
</engineerTo>
<useDomainConstraints>false</useDomainConstraints>
<use>1</use>
<logicalDatatype>LOGDT006</logicalDatatype>
<ownDataTypeParameters>,,</ownDataTypeParameters>
</Attribute>
<Attribute name="n_vuelo" id="AF65630A-9639-A4BA-B8B4-416CBB6110D2">
<createdBy>Darklight</createdBy>
<createdTime>2025-08-23 05:04:47 UTC</createdTime>
<generatorID>7386020F-EE73-1262-20EE-EFD919A0215B</generatorID>
<ownerDesignName>Exp1_S2_Grupo22</ownerDesignName>
<engineerTo>
<item key="7628B1AF-3FA5-ACB0-A52B-CA1A2A67C833" value="true"/>
</engineerTo>
<referedAttribute>4C08A5CE-151F-0F46-BEE1-AC9CAFA259D0</referedAttribute>
<useDomainConstraints>false</useDomainConstraints>
<use>1</use>
<logicalDatatype>LOGDT011</logicalDatatype>
<ownDataTypeParameters>,,</ownDataTypeParameters>
</Attribute>
<Attribute name="n_pasaporte" id="F8C22A25-4717-F7BE-D351-39000ACF6F85">
<createdBy>Darklight</createdBy>
<createdTime>2025-08-23 05:20:31 UTC</createdTime>
<generatorID>D1896CD5-98F3-D151-1905-EDC6C15F5E1D</generatorID>
<ownerDesignName>Exp1_S2_Grupo22</ownerDesignName>
<engineerTo>
<item key="7628B1AF-3FA5-ACB0-A52B-CA1A2A67C833" value="true"/>
</engineerTo>
<referedAttribute>7EA7B5CA-E7B4-DDA3-41B9-9B5F88C4C9F8</referedAttribute>
<useDomainConstraints>false</useDomainConstraints>
<use>1</use>
<logicalDatatype>LOGDT011</logicalDatatype>
<ownDataTypeParameters>,,</ownDataTypeParameters>
</Attribute>
</attributes>
<identifiers itemClass="oracle.dbtools.crest.model.design.logical.CandidateKey">
<identifier id="CC5DA7CD-1731-03E6-5C99-9279D5F6AE3C" name="RESERVA PK">
<createdBy>Darklight</createdBy>
<createdTime>2025-08-23 01:56:24 UTC</createdTime>
<ownerDesignName>Exp1_S2_Grupo22</ownerDesignName>
<engineerTo>
<item key="7628B1AF-3FA5-ACB0-A52B-CA1A2A67C833" value="true"/>
</engineerTo>
<pk>true</pk>
<usedAttributes>
<attributeRef>FACA1EE6-50AF-6E3A-ACA9-238F6CA6C03D</attributeRef>
</usedAttributes>
</identifier>
</identifiers>
</Entity>