<?xml version = '1.0' encoding = 'UTF-8'?>
<Entity class="oracle.dbtools.crest.model.design.logical.Entity" directorySegmentName="seg_0" id="DA83FB39-FAFA-53C8-D2AA-9C480E232B02" name="ATENCION">
<createdBy>Darklight</createdBy>
<createdTime>2025-08-23 04:18:03 UTC</createdTime>
<ownerDesignName>Exp1_S2_Grupo22</ownerDesignName>
<engineerTo>
<item key="7628B1AF-3FA5-ACB0-A52B-CA1A2A67C833" value="true"/>
</engineerTo>
<adequatelyNormalized>NO</adequatelyNormalized>
<expectedVolumes>0</expectedVolumes>
<fwdEngineeringStrategyName>Single Table</fwdEngineeringStrategyName>
<growthPercent>0</growthPercent>
<growthType>Year</growthType>
<maxVolumes>9999999</maxVolumes>
<minVolumes>0</minVolumes>
<normalForm>Third</normalForm>
<attributes itemClass="oracle.dbtools.crest.model.design.logical.Attribute">
<Attribute name="n_vuelo1" directorySegmentName="seg_0" id="5EE72E07-26A2-1057-814B-A84F597A2142">
<createdBy>Darklight</createdBy>
<createdTime>2025-08-23 05:09:27 UTC</createdTime>
<generatorID>AE7B4A4C-C5C9-45E5-0024-528BCC5A1366</generatorID>
<ownerDesignName>Exp1_S2_Grupo22</ownerDesignName>
<engineerTo>
<item key="7628B1AF-3FA5-ACB0-A52B-CA1A2A67C833" value="true"/>
</engineerTo>
<referedAttribute>4C08A5CE-151F-0F46-BEE1-AC9CAFA259D0</referedAttribute>
<useDomainConstraints>false</useDomainConstraints>
<use>1</use>
<logicalDatatype>LOGDT011</logicalDatatype>
<ownDataTypeParameters>,,</ownDataTypeParameters>
</Attribute>
<Attribute name="rut" id="9E398DAF-C1F6-3677-BBC3-62AA2B9D2FD4">
<createdBy>Darklight</createdBy>
<createdTime>2025-08-23 04:41:16 UTC</createdTime>
<generatorID>B7053A89-A2AD-678C-C1F9-3D4EE6C5AF75</generatorID>
<ownerDesignName>Exp1_S2_Grupo22</ownerDesignName>
<engineerTo>
<item key="7628B1AF-3FA5-ACB0-A52B-CA1A2A67C833" value="true"/>
</engineerTo>
<referedAttribute>BD2A7473-AABE-5498-6B9F-7ECD5AB211AD</referedAttribute>
<useDomainConstraints>false</useDomainConstraints>
<use>1</use>
<logicalDatatype>LOGDT024</logicalDatatype>
<dataTypeSize>12 CHAR</dataTypeSize>
<ownDataTypeParameters>,,</ownDataTypeParameters>
</Attribute>
<Attribute name="n_pasaporte" id="7C3C61D2-8C53-9CAC-6162-383144575879">
<createdBy>Darklight</createdBy>
<createdTime>2025-08-23 05:20:31 UTC</createdTime>
<generatorID>C7ECC466-935A-B750-2503-91A3B605A5B7</generatorID>
<ownerDesignName>Exp1_S2_Grupo22</ownerDesignName>
<engineerTo>
<item key="7628B1AF-3FA5-ACB0-A52B-CA1A2A67C833" value="true"/>
</engineerTo>
<referedAttribute>7EA7B5CA-E7B4-DDA3-41B9-9B5F88C4C9F8</referedAttribute>
<useDomainConstraints>false</useDomainConstraints>
<use>1</use>
<logicalDatatype>LOGDT011</logicalDatatype>
<ownDataTypeParameters>,,</ownDataTypeParameters>
</Attribute>
</attributes>
<identifiers itemClass="oracle.dbtools.crest.model.design.logical.CandidateKey">
<identifier id="79D45DDE-C11A-A6DD-F897-59696984D0BB" name="ATENCION PK">
<createdBy>Darklight</createdBy>
<createdTime>2025-08-23 04:18:09 UTC</createdTime>
<ownerDesignName>Exp1_S2_Grupo22</ownerDesignName>
<engineerTo>
<item key="7628B1AF-3FA5-ACB0-A52B-CA1A2A67C833" value="true"/>
</engineerTo>
<pk>true</pk>
<newElementsIDs>AE7B4A4C-C5C9-45E5-0024-528BCC5A1366,5EE72E07-26A2-1057-814B-A84F597A2142</newElementsIDs>
<usedAttributes>
<attributeRef>5EE72E07-26A2-1057-814B-A84F597A2142</attributeRef>
</usedAttributes>
</identifier>
</identifiers>
</Entity>