<?xml version = '1.0' encoding = 'UTF-8'?>
<Entity class="oracle.dbtools.crest.model.design.logical.Entity" directorySegmentName="seg_0" id="FE16554F-9228-9DC7-3611-249A0EC6E663" name="ADMINISTRATIVO">
<createdBy>Darklight</createdBy>
<createdTime>2025-08-23 02:59:54 UTC</createdTime>
<ownerDesignName>Exp1_S2_Grupo22</ownerDesignName>
<engineerTo>
<item key="7628B1AF-3FA5-ACB0-A52B-CA1A2A67C833" value="true"/>
</engineerTo>
<adequatelyNormalized>NO</adequatelyNormalized>
<expectedVolumes>0</expectedVolumes>
<fwdEngineeringStrategyName>Single Table</fwdEngineeringStrategyName>
<growthPercent>0</growthPercent>
<growthType>Year</growthType>
<hierarchicalParent>0D9F0583-1392-1367-FD25-9AD136CA6611</hierarchicalParent>
<maxVolumes>9999999</maxVolumes>
<minVolumes>0</minVolumes>
<normalForm>Third</normalForm>
<attributes itemClass="oracle.dbtools.crest.model.design.logical.Attribute">
<Attribute name="total_horas_extra" id="B2A47F0B-7F3F-74E5-D59A-0C41E3C25506">
<createdBy>Darklight</createdBy>
<createdTime>2025-08-23 03:17:13 UTC</createdTime>
<ownerDesignName>Exp1_S2_Grupo22</ownerDesignName>
<engineerTo>
<item key="7628B1AF-3FA5-ACB0-A52B-CA1A2A67C833" value="true"/>
</engineerTo>
<useDomainConstraints>false</useDomainConstraints>
<use>1</use>
<logicalDatatype>LOGDT008</logicalDatatype>
<ownDataTypeParameters>,,</ownDataTypeParameters>
</Attribute>
</attributes>
</Entity>