<?xml version = '1.0' encoding = 'UTF-8'?>
<Relation class="oracle.dbtools.crest.model.design.logical.Relation" name="Relation_4" directorySegmentName="seg_0" id="1547E7CF-F798-93EF-15B9-49A922DE52BB">
<createdBy>Darklight</createdBy>
<createdTime>2025-09-06 06:19:02 UTC</createdTime>
<ownerDesignName>Exp2_S4_Grupo22</ownerDesignName>
<engineerTo>
<item key="8425D1A2-55C5-C21F-94D6-5C4A3F40FAC8" value="true"/>
</engineerTo>
<sourcePk>6DF9BFD4-C5E1-4759-2D3F-579D6582A84B</sourcePk>
<identifying>false</identifying>
<optionalSource>true</optionalSource>
<optionalTarget>false</optionalTarget>
<sourceCardinality>1</sourceCardinality>
<sourceEntity>3368D684-A974-8504-BC9F-EA7E19F0C862</sourceEntity>
<targetCardinalityString>1</targetCardinalityString>
<targetEntity>DC69D988-6DA5-B903-A027-FFE986E4C32D</targetEntity>
<transferable>true</transferable>
<deleteRule>NO ACTION</deleteRule>
</Relation>