<?xml version = '1.0' encoding = 'UTF-8'?>
<Relation class="oracle.dbtools.crest.model.design.logical.Relation" name="Relation_20" directorySegmentName="seg_0" id="35FCB1DB-2152-2531-C8CA-9B2AC0DE6E34">
<createdBy>Darklight</createdBy>
<createdTime>2025-09-06 20:09:25 UTC</createdTime>
<ownerDesignName>Exp2_S4_Grupo22</ownerDesignName>
<engineerTo>
<item key="8425D1A2-55C5-C21F-94D6-5C4A3F40FAC8" value="true"/>
</engineerTo>
<sourcePk>45FF2937-E57C-B9AB-2D6C-CD343F5FCE20</sourcePk>
<identifying>false</identifying>
<optionalSource>true</optionalSource>
<optionalTarget>false</optionalTarget>
<sourceCardinality>1</sourceCardinality>
<sourceEntity>BB1C52EB-83A9-7B2D-D11D-544216DED0A3</sourceEntity>
<targetCardinalityString>*</targetCardinalityString>
<targetEntity>596E5308-D9A6-B89A-8568-75E8E3D5656B</targetEntity>
<transferable>true</transferable>
<deleteRule>NO ACTION</deleteRule>
<attributes itemClass="oracle.dbtools.crest.model.design.logical.Attribute">
<attribute name="fecha_postulacion" id="B440B9C5-73A7-2BCA-F96B-824E03240839">
<createdBy>Darklight</createdBy>
<createdTime>2025-09-06 20:10:20 UTC</createdTime>
<ownerDesignName>Exp2_S4_Grupo22</ownerDesignName>
<engineerTo>
<item key="8425D1A2-55C5-C21F-94D6-5C4A3F40FAC8" value="true"/>
</engineerTo>
<useDomainConstraints>false</useDomainConstraints>
<use>1</use>
<logicalDatatype>LOGDT007</logicalDatatype>
<ownDataTypeParameters>,,</ownDataTypeParameters>
</attribute>
</attributes>
</Relation>