<?xml version = '1.0' encoding = 'UTF-8'?>
<Relation class="oracle.dbtools.crest.model.design.logical.Relation" name="Relation_13" directorySegmentName="seg_0" id="38DE6422-77BB-5F7B-4FDF-D37105094706">
<createdBy>Darklight</createdBy>
<createdTime>2025-09-06 06:46:02 UTC</createdTime>
<ownerDesignName>Exp2_S4_Grupo22</ownerDesignName>
<engineerTo>
<item key="8425D1A2-55C5-C21F-94D6-5C4A3F40FAC8" value="true"/>
</engineerTo>
<sourcePk>8A7F016B-D705-C6C7-6203-154B8E4F1061</sourcePk>
<identifying>false</identifying>
<optionalSource>false</optionalSource>
<optionalTarget>false</optionalTarget>
<sourceCardinality>1</sourceCardinality>
<sourceEntity>6966C742-334E-6CBD-6D75-C0EE4898478C</sourceEntity>
<targetCardinalityString>*</targetCardinalityString>
<targetEntity>0CC33E2C-AA1C-2A70-AC49-7D92314476FE</targetEntity>
<transferable>true</transferable>
<deleteRule>NO ACTION</deleteRule>
</Relation>