<?xml version = '1.0' encoding = 'UTF-8'?>
<Relation class="oracle.dbtools.crest.model.design.logical.Relation" name="Relation_14" directorySegmentName="seg_0" id="605382B1-78A6-23FC-6164-8953692CD7B5">
<createdBy>Darklight</createdBy>
<createdTime>2025-09-06 06:49:07 UTC</createdTime>
<ownerDesignName>Exp2_S4_Grupo22</ownerDesignName>
<engineerTo>
<item key="8425D1A2-55C5-C21F-94D6-5C4A3F40FAC8" value="true"/>
</engineerTo>
<sourcePk>D401E583-38D0-BB26-F25B-07C9C35BFD19</sourcePk>
<targetPk>86023883-A27D-BD8F-339E-70BD3BB830E5</targetPk>
<identifying>false</identifying>
<optionalSource>false</optionalSource>
<optionalTarget>true</optionalTarget>
<sourceCardinality>1</sourceCardinality>
<sourceEntity>69838A3C-C52C-36B5-BB35-B85C61873B2E</sourceEntity>
<targetCardinalityString>1</targetCardinalityString>
<targetEntity>596E5308-D9A6-B89A-8568-75E8E3D5656B</targetEntity>
<transferable>true</transferable>
<deleteRule>NO ACTION</deleteRule>
</Relation>