<?xml version = '1.0' encoding = 'UTF-8'?>
<Relation class="oracle.dbtools.crest.model.design.logical.Relation" name="Relation_16" directorySegmentName="seg_0" id="6548E7C2-31A6-4B68-BDF0-7B6FB82CCD6B">
<createdBy>Darklight</createdBy>
<createdTime>2025-09-06 19:43:29 UTC</createdTime>
<ownerDesignName>Exp2_S4_Grupo22</ownerDesignName>
<engineerTo>
<item key="8425D1A2-55C5-C21F-94D6-5C4A3F40FAC8" value="true"/>
</engineerTo>
<sourcePk>6BCA88DB-BC13-5209-66C6-1DC0578C8872</sourcePk>
<identifying>false</identifying>
<optionalSource>false</optionalSource>
<optionalTarget>false</optionalTarget>
<sourceCardinality>1</sourceCardinality>
<sourceEntity>81BDD933-F0A8-B8F2-59F7-FDD8EB8A0A0B</sourceEntity>
<targetCardinalityString>*</targetCardinalityString>
<targetEntity>596E5308-D9A6-B89A-8568-75E8E3D5656B</targetEntity>
<transferable>true</transferable>
<deleteRule>NO ACTION</deleteRule>
</Relation>