<?xml version = '1.0' encoding = 'UTF-8'?>
<Relation class="oracle.dbtools.crest.model.design.logical.Relation" name="Relation_2" directorySegmentName="seg_0" id="6CFE0C98-1193-7D88-3644-AB77396CAC23">
<createdBy>Darklight</createdBy>
<createdTime>2025-09-06 06:06:12 UTC</createdTime>
<ownerDesignName>Exp2_S4_Grupo22</ownerDesignName>
<engineerTo>
<item key="8425D1A2-55C5-C21F-94D6-5C4A3F40FAC8" value="true"/>
</engineerTo>
<targetPk>D6B0731D-12E8-32B4-EAA2-4FA2F3532BBE</targetPk>
<identifying>false</identifying>
<optionalSource>false</optionalSource>
<optionalTarget>true</optionalTarget>
<sourceCardinality>1</sourceCardinality>
<sourceEntity>3368D684-A974-8504-BC9F-EA7E19F0C862</sourceEntity>
<targetCardinalityString>1</targetCardinalityString>
<targetEntity>C67BC278-9BD9-EB77-5615-0F9EA84C0D97</targetEntity>
<transferable>true</transferable>
<deleteRule>NO ACTION</deleteRule>
<attributes itemClass="oracle.dbtools.crest.model.design.logical.Attribute">
<attribute name="fecha_obtencion" id="89909592-80E6-B4B7-3157-A2BFA8BEB4B5">
<createdBy>Darklight</createdBy>
<createdTime>2025-09-06 20:26:47 UTC</createdTime>
<ownerDesignName>Exp2_S4_Grupo22</ownerDesignName>
<engineerTo>
<item key="8425D1A2-55C5-C21F-94D6-5C4A3F40FAC8" value="true"/>
</engineerTo>
<useDomainConstraints>false</useDomainConstraints>
<use>1</use>
<logicalDatatype>LOGDT007</logicalDatatype>
<ownDataTypeParameters>,,</ownDataTypeParameters>
</attribute>
</attributes>
</Relation>