<?xml version = '1.0' encoding = 'UTF-8'?>
<Relation class="oracle.dbtools.crest.model.design.logical.Relation" name="Relation_19" directorySegmentName="seg_0" id="6D95C831-F923-27CB-D0E6-D42859A594C9">
<createdBy>Darklight</createdBy>
<createdTime>2025-09-06 19:52:24 UTC</createdTime>
<ownerDesignName>Exp2_S4_Grupo22</ownerDesignName>
<engineerTo>
<item key="8425D1A2-55C5-C21F-94D6-5C4A3F40FAC8" value="true"/>
</engineerTo>
<sourcePk>3AC423A1-AFD6-1AC5-6AFE-511EDC0436EA</sourcePk>
<identifying>false</identifying>
<optionalSource>false</optionalSource>
<optionalTarget>false</optionalTarget>
<sourceCardinality>1</sourceCardinality>
<sourceEntity>3FF080A3-86AB-B837-DF10-D7633E1160B5</sourceEntity>
<targetCardinalityString>*</targetCardinalityString>
<targetEntity>596E5308-D9A6-B89A-8568-75E8E3D5656B</targetEntity>
<transferable>true</transferable>
<deleteRule>NO ACTION</deleteRule>
</Relation>