<?xml version = '1.0' encoding = 'UTF-8'?>
<Relation class="oracle.dbtools.crest.model.design.logical.Relation" name="Relation_10" directorySegmentName="seg_0" id="909BA41F-9303-AC29-0FD0-296107F7A5A4">
<createdBy>Darklight</createdBy>
<createdTime>2025-09-06 06:39:38 UTC</createdTime>
<ownerDesignName>Exp2_S4_Grupo22</ownerDesignName>
<engineerTo>
<item key="8425D1A2-55C5-C21F-94D6-5C4A3F40FAC8" value="true"/>
</engineerTo>
<sourcePk>4FEB1CD1-8D35-5AD8-3666-E442B7C8F851</sourcePk>
<identifying>false</identifying>
<optionalSource>false</optionalSource>
<optionalTarget>false</optionalTarget>
<sourceCardinality>1</sourceCardinality>
<sourceEntity>8E8A2FE0-91D0-524E-CF8F-5B93A85FC51B</sourceEntity>
<targetCardinalityString>*</targetCardinalityString>
<targetEntity>596E5308-D9A6-B89A-8568-75E8E3D5656B</targetEntity>
<transferable>true</transferable>
<deleteRule>NO ACTION</deleteRule>
</Relation>