<?xml version = '1.0' encoding = 'UTF-8'?>
<Relation class="oracle.dbtools.crest.model.design.logical.Relation" name="Relation_7" directorySegmentName="seg_0" id="FCA293A0-7D49-89D9-7864-C7F8A81AD5AA">
<createdBy>Darklight</createdBy>
<createdTime>2025-09-06 06:24:17 UTC</createdTime>
<ownerDesignName>Exp2_S4_Grupo22</ownerDesignName>
<engineerTo>
<item key="8425D1A2-55C5-C21F-94D6-5C4A3F40FAC8" value="true"/>
</engineerTo>
<sourcePk>86023883-A27D-BD8F-339E-70BD3BB830E5</sourcePk>
<targetPk>6DF9BFD4-C5E1-4759-2D3F-579D6582A84B</targetPk>
<identifying>false</identifying>
<optionalSource>false</optionalSource>
<optionalTarget>false</optionalTarget>
<sourceCardinality>1</sourceCardinality>
<sourceEntity>596E5308-D9A6-B89A-8568-75E8E3D5656B</sourceEntity>
<targetCardinalityString>1</targetCardinalityString>
<targetEntity>3368D684-A974-8504-BC9F-EA7E19F0C862</targetEntity>
<transferable>true</transferable>
<deleteRule>NO ACTION</deleteRule>
</Relation>