<?xml version = '1.0' encoding = 'UTF-8'?>
<Diagram class="oracle.dbtools.crest.swingui.logical.DPVLogical" name="Logical" id="B6ED55A6-44B1-488F-5B28-AC571C08232B">
<createdBy>Darklight</createdBy>
<modifiedBy>Darklight</modifiedBy>
<createdTime>2025-09-06 05:59:33 UTC</createdTime>
<autoRoute>false</autoRoute>
<boxInbox>false</boxInbox>
<showLegend>false</showLegend>
<showLabels>false</showLabels>
<showRelAttributes>true</showRelAttributes>
<gridEnabled>false</gridEnabled>
<showGrid>false</showGrid>
<diagramColor>-1</diagramColor>
<display>false</display>
<notation>0</notation>
<objectViews>
<OView class="oracle.dbtools.crest.swingui.logical.TVEntity" oid="0CC33E2C-AA1C-2A70-AC49-7D92314476FE" otype="Entity" vid="15FC9D2E-65F2-4AE2-68EC-87A09E977C4F">
<hideElementsInCurrentOnly>false</hideElementsInCurrentOnly>
<bounds x="949" y="195" width="242" height="86"/>
</OView>
<OView class="oracle.dbtools.crest.swingui.logical.TVEntity" oid="3368D684-A974-8504-BC9F-EA7E19F0C862" otype="Entity" vid="574CAECD-34DB-C866-7AA7-908935EC5CED">
<hideElementsInCurrentOnly>false</hideElementsInCurrentOnly>
<bounds x="405" y="539" width="212" height="87"/>
</OView>
<OView class="oracle.dbtools.crest.swingui.logical.TVEntity" oid="3FF080A3-86AB-B837-DF10-D7633E1160B5" otype="Entity" vid="F033673A-21D4-03B3-1B1F-80C6D0A3346D">
<hideElementsInCurrentOnly>false</hideElementsInCurrentOnly>
<bounds x="65" y="328" width="200" height="61"/>
</OView>
<OView class="oracle.dbtools.crest.swingui.logical.TVEntity" oid="596E5308-D9A6-B89A-8568-75E8E3D5656B" otype="Entity" vid="031F5226-8A7F-1583-E894-B35671BD1F8F">
<hideElementsInCurrentOnly>false</hideElementsInCurrentOnly>
<bounds x="389" y="308" width="237" height="202"/>
</OView>
<OView class="oracle.dbtools.crest.swingui.logical.TVEntity" oid="6966C742-334E-6CBD-6D75-C0EE4898478C" otype="Entity" vid="49281B36-7C2E-7478-95C0-CC28ABE7E2BF">
<hideElementsInCurrentOnly>false</hideElementsInCurrentOnly>
<bounds x="1032" y="364" width="144" height="78"/>
</OView>
<OView class="oracle.dbtools.crest.swingui.logical.TVEntity" oid="69838A3C-C52C-36B5-BB35-B85C61873B2E" otype="Entity" vid="05B72DD2-A066-224A-2AF0-A8BC2FBBC3A7">
<hideElementsInCurrentOnly>false</hideElementsInCurrentOnly>
<bounds x="69" y="433" width="200" height="82"/>
</OView>
<OView class="oracle.dbtools.crest.swingui.logical.TVEntity" oid="81BDD933-F0A8-B8F2-59F7-FDD8EB8A0A0B" otype="Entity" vid="558EA88E-E964-A6E3-E807-4268FDE9C7BF">
<hideElementsInCurrentOnly>false</hideElementsInCurrentOnly>
<bounds x="707" y="349" width="159" height="73"/>
</OView>
<OView class="oracle.dbtools.crest.swingui.logical.TVEntity" oid="8E8A2FE0-91D0-524E-CF8F-5B93A85FC51B" otype="Entity" vid="2AEC7F3E-B5FF-0BDE-E83A-D2C364C5E14C">
<hideElementsInCurrentOnly>false</hideElementsInCurrentOnly>
<bounds x="708" y="453" width="202" height="58"/>
</OView>
<OView class="oracle.dbtools.crest.swingui.logical.TVEntity" oid="A6724B16-F25B-8A91-E6EE-1371DDEC9458" otype="Entity" vid="D1FE0C5A-2C40-8A12-B2A5-1960A97E5109">
<hideElementsInCurrentOnly>false</hideElementsInCurrentOnly>
<bounds x="708" y="217" width="182" height="90"/>
</OView>
<OView class="oracle.dbtools.crest.swingui.logical.TVEntity" oid="BB1C52EB-83A9-7B2D-D11D-544216DED0A3" otype="Entity" vid="1B7A049D-F67C-BF9A-3F2F-54CACAD9BC3E">
<hideElementsInCurrentOnly>false</hideElementsInCurrentOnly>
<bounds x="769" y="46" width="270" height="111"/>
</OView>
<OView class="oracle.dbtools.crest.swingui.logical.TVEntity" oid="C67BC278-9BD9-EB77-5615-0F9EA84C0D97" otype="Entity" vid="2C58DD18-A351-3B7F-B190-6CD878369F56">
<hideElementsInCurrentOnly>false</hideElementsInCurrentOnly>
<bounds x="904" y="573" width="176" height="122"/>
</OView>
<OView class="oracle.dbtools.crest.swingui.logical.TVEntity" oid="DC69D988-6DA5-B903-A027-FFE986E4C32D" otype="Entity" vid="8D1A1C67-9C9B-8496-7EAE-B8A679FA515C">
<hideElementsInCurrentOnly>false</hideElementsInCurrentOnly>
<bounds x="405" y="642" width="211" height="92"/>
</OView>
</objectViews>
<connectors>
<Connector class="oracle.dbtools.crest.swingui.logical.TVRelation" oid="1547E7CF-F798-93EF-15B9-49A922DE52BB" otype="Relation" vid_source="574CAECD-34DB-C866-7AA7-908935EC5CED" vid_target="8D1A1C67-9C9B-8496-7EAE-B8A679FA515C">
<hideElementsInCurrentOnly>false</hideElementsInCurrentOnly>
<backgroundColor>-16777216</backgroundColor>
<lineWidth>1</lineWidth>
<points>
<point x="510" y="626"/>
<point x="510" y="642"/>
</points>
</Connector>
<Connector class="oracle.dbtools.crest.swingui.logical.TVRelation" oid="15DCE0FA-2396-E882-B4E1-12957866A0DC" otype="Relation" vid_source="49281B36-7C2E-7478-95C0-CC28ABE7E2BF" vid_target="D1FE0C5A-2C40-8A12-B2A5-1960A97E5109">
<hideElementsInCurrentOnly>false</hideElementsInCurrentOnly>
<backgroundColor>-16777216</backgroundColor>
<lineWidth>1</lineWidth>
<points>
<point x="1039" y="364"/>
<point x="1039" y="293"/>
<point x="890" y="293"/>
</points>
</Connector>
<Connector class="oracle.dbtools.crest.swingui.logical.TVRelation" oid="35FCB1DB-2152-2531-C8CA-9B2AC0DE6E34" otype="Relation" vid_source="1B7A049D-F67C-BF9A-3F2F-54CACAD9BC3E" vid_target="031F5226-8A7F-1583-E894-B35671BD1F8F">
<hideElementsInCurrentOnly>false</hideElementsInCurrentOnly>
<backgroundColor>-16777216</backgroundColor>
<lineWidth>1</lineWidth>
<centerLabel class="oracle.dbtools.crest.model.design.Label">
<site>1</site>
<labelBounds x="21" y="67" width="166" height="32"/>
<noBackgroundColor>true</noBackgroundColor>
<noForegroundColor>true</noForegroundColor>
</centerLabel>
<points>
<point x="769" y="90"/>
<point x="519" y="90"/>
<point x="519" y="308"/>
</points>
</Connector>
<Connector class="oracle.dbtools.crest.swingui.logical.TVRelation" oid="38DE6422-77BB-5F7B-4FDF-D37105094706" otype="Relation" vid_source="49281B36-7C2E-7478-95C0-CC28ABE7E2BF" vid_target="15FC9D2E-65F2-4AE2-68EC-87A09E977C4F">
<hideElementsInCurrentOnly>false</hideElementsInCurrentOnly>
<backgroundColor>-16777216</backgroundColor>
<lineWidth>1</lineWidth>
<points>
<point x="1104" y="364"/>
<point x="1104" y="281"/>
</points>
</Connector>
<Connector class="oracle.dbtools.crest.swingui.logical.TVRelation" oid="605382B1-78A6-23FC-6164-8953692CD7B5" otype="Relation" vid_source="05B72DD2-A066-224A-2AF0-A8BC2FBBC3A7" vid_target="031F5226-8A7F-1583-E894-B35671BD1F8F">
<hideElementsInCurrentOnly>false</hideElementsInCurrentOnly>
<backgroundColor>-16777216</backgroundColor>
<lineWidth>1</lineWidth>
<points>
<point x="269" y="471"/>
<point x="389" y="471"/>
</points>
</Connector>
<Connector class="oracle.dbtools.crest.swingui.logical.TVRelation" oid="6548E7C2-31A6-4B68-BDF0-7B6FB82CCD6B" otype="Relation" vid_source="558EA88E-E964-A6E3-E807-4268FDE9C7BF" vid_target="031F5226-8A7F-1583-E894-B35671BD1F8F">
<hideElementsInCurrentOnly>false</hideElementsInCurrentOnly>
<backgroundColor>-16777216</backgroundColor>
<lineWidth>1</lineWidth>
<points>
<point x="707" y="400"/>
<point x="626" y="400"/>
</points>
</Connector>
<Connector class="oracle.dbtools.crest.swingui.logical.TVRelation" oid="6CFE0C98-1193-7D88-3644-AB77396CAC23" otype="Relation" vid_source="574CAECD-34DB-C866-7AA7-908935EC5CED" vid_target="2C58DD18-A351-3B7F-B190-6CD878369F56">
<hideElementsInCurrentOnly>false</hideElementsInCurrentOnly>
<backgroundColor>-16777216</backgroundColor>
<lineWidth>1</lineWidth>
<centerLabel class="oracle.dbtools.crest.model.design.Label">
<site>1</site>
<labelBounds x="8" y="35" width="155" height="34"/>
<noBackgroundColor>true</noBackgroundColor>
<noForegroundColor>true</noForegroundColor>
</centerLabel>
<points>
<point x="617" y="599"/>
<point x="904" y="599"/>
</points>
</Connector>
<Connector class="oracle.dbtools.crest.swingui.logical.TVRelation" oid="6D95C831-F923-27CB-D0E6-D42859A594C9" otype="Relation" vid_source="F033673A-21D4-03B3-1B1F-80C6D0A3346D" vid_target="031F5226-8A7F-1583-E894-B35671BD1F8F">
<hideElementsInCurrentOnly>false</hideElementsInCurrentOnly>
<backgroundColor>-16777216</backgroundColor>
<lineWidth>1</lineWidth>
<points>
<point x="265" y="358"/>
<point x="389" y="358"/>
</points>
</Connector>
<Connector class="oracle.dbtools.crest.swingui.logical.TVRelation" oid="8EB3F82C-7704-E440-596F-1CC5D458F09F" otype="Relation" vid_source="49281B36-7C2E-7478-95C0-CC28ABE7E2BF" vid_target="558EA88E-E964-A6E3-E807-4268FDE9C7BF">
<hideElementsInCurrentOnly>false</hideElementsInCurrentOnly>
<backgroundColor>-16777216</backgroundColor>
<lineWidth>1</lineWidth>
<points>
<point x="1032" y="408"/>
<point x="866" y="408"/>
</points>
</Connector>
<Connector class="oracle.dbtools.crest.swingui.logical.TVRelation" oid="909BA41F-9303-AC29-0FD0-296107F7A5A4" otype="Relation" vid_source="2AEC7F3E-B5FF-0BDE-E83A-D2C364C5E14C" vid_target="031F5226-8A7F-1583-E894-B35671BD1F8F">
<hideElementsInCurrentOnly>false</hideElementsInCurrentOnly>
<backgroundColor>-16777216</backgroundColor>
<lineWidth>1</lineWidth>
<points>
<point x="708" y="496"/>
<point x="626" y="496"/>
</points>
</Connector>
<Connector class="oracle.dbtools.crest.swingui.logical.TVInheritanceRelation" oid="B848A5D2-F119-1451-E357-7560428C49F5" otype="Hierarchy relation" vid_source="1B7A049D-F67C-BF9A-3F2F-54CACAD9BC3E" vid_target="15FC9D2E-65F2-4AE2-68EC-87A09E977C4F">
<hideElementsInCurrentOnly>false</hideElementsInCurrentOnly>
<backgroundColor>-65536</backgroundColor>
<lineWidth>1</lineWidth>
<points>
<point x="994" y="157"/>
<point x="994" y="195"/>
</points>
</Connector>
<Connector class="oracle.dbtools.crest.swingui.logical.TVRelation" oid="D99AC209-D3D6-EF62-63A7-DEDB943FBF55" otype="Relation" vid_source="8D1A1C67-9C9B-8496-7EAE-B8A679FA515C" vid_target="2C58DD18-A351-3B7F-B190-6CD878369F56">
<hideElementsInCurrentOnly>false</hideElementsInCurrentOnly>
<backgroundColor>-16777216</backgroundColor>
<lineWidth>1</lineWidth>
<centerLabel class="oracle.dbtools.crest.model.design.Label">
<site>1</site>
<labelBounds x="23" y="21" width="152" height="32"/>
<noBackgroundColor>true</noBackgroundColor>
<noForegroundColor>true</noForegroundColor>
</centerLabel>
<points>
<point x="616" y="668"/>
<point x="904" y="668"/>
</points>
</Connector>
<Connector class="oracle.dbtools.crest.swingui.logical.TVInheritanceRelation" oid="DE856A14-1BFB-F58D-C37C-473EDB825206" otype="Hierarchy relation" vid_source="1B7A049D-F67C-BF9A-3F2F-54CACAD9BC3E" vid_target="D1FE0C5A-2C40-8A12-B2A5-1960A97E5109">
<hideElementsInCurrentOnly>false</hideElementsInCurrentOnly>
<backgroundColor>-65536</backgroundColor>
<lineWidth>1</lineWidth>
<points>
<point x="829" y="157"/>
<point x="829" y="217"/>
</points>
</Connector>
<Connector class="oracle.dbtools.crest.swingui.logical.TVRelation" oid="FCA293A0-7D49-89D9-7864-C7F8A81AD5AA" otype="Relation" vid_source="031F5226-8A7F-1583-E894-B35671BD1F8F" vid_target="574CAECD-34DB-C866-7AA7-908935EC5CED">
<hideElementsInCurrentOnly>false</hideElementsInCurrentOnly>
<backgroundColor>-16777216</backgroundColor>
<lineWidth>1</lineWidth>
<points>
<point x="511" y="510"/>
<point x="511" y="539"/>
</points>
</Connector>
</connectors>
</Diagram>