<?xml version = '1.0' encoding = 'UTF-8'?>
<Relation class="oracle.dbtools.crest.model.design.logical.Relation" name="Pasajero - Equipaje" directorySegmentName="seg_0" id="49F41590-40C7-60F4-7FA7-E1B96039400E">
<createdBy>Darklight</createdBy>
<createdTime>2025-08-23 01:21:04 UTC</createdTime>
<ownerDesignName>Exp1_S2_Grupo22</ownerDesignName>
<engineerTo>
<item key="7628B1AF-3FA5-ACB0-A52B-CA1A2A67C833" value="true"/>
</engineerTo>
<sourcePk>CDCB6548-D29C-C14B-C303-21646C20E1DD</sourcePk>
<targetPk>A8404396-5AC7-4695-7E2E-EF5FFB20D9FB</targetPk>
<identifying>false</identifying>
<optionalSource>true</optionalSource>
<optionalTarget>false</optionalTarget>
<sourceCardinality>1</sourceCardinality>
<sourceEntity>A106977B-AA9A-88F6-9FAB-4623B5DED9B1</sourceEntity>
<targetCardinalityString>*</targetCardinalityString>
<targetEntity>31506014-7D28-F843-56BC-F7491F531EBE</targetEntity>
<transferable>true</transferable>
<deleteRule>NO ACTION</deleteRule>
</Relation>