<?xml version = '1.0' encoding = 'UTF-8'?>
<Relation class="oracle.dbtools.crest.model.design.logical.Relation" name="Avion - Vuelo" directorySegmentName="seg_0" id="4D213983-571E-0016-FCAF-B70458709030">
<createdBy>Darklight</createdBy>
<createdTime>2025-08-23 02:01:15 UTC</createdTime>
<ownerDesignName>Exp1_S2_Grupo22</ownerDesignName>
<engineerTo>
<item key="557A4980-8674-F9DB-D084-C7C7AD7828BD" value="true"/>
</engineerTo>
<sourcePk>D2BBFC9C-9179-283C-0E4F-8C518E9DE6DA</sourcePk>
<targetPk>C8E8A67C-A0B5-600B-563D-7FA80F5D956F</targetPk>
<identifying>false</identifying>
<optionalSource>false</optionalSource>
<optionalTarget>false</optionalTarget>
<sourceCardinality>1</sourceCardinality>
<sourceEntity>2BEC5A44-23AD-A0F7-3B15-C67B4BFB0F30</sourceEntity>
<targetCardinalityString>*</targetCardinalityString>
<targetEntity>AD6DAA0D-4ED0-222A-C183-1D8E7348F4DF</targetEntity>
<transferable>true</transferable>
<deleteRule>NO ACTION</deleteRule>
</Relation>