<?xml version = '1.0' encoding = 'UTF-8'?>
<Relation class="oracle.dbtools.crest.model.design.logical.Relation" name="Vuelo - Reserva" directorySegmentName="seg_0" id="7386020F-EE73-1262-20EE-EFD919A0215B">
<createdBy>Darklight</createdBy>
<createdTime>2025-08-23 02:00:52 UTC</createdTime>
<ownerDesignName>Exp1_S2_Grupo22</ownerDesignName>
<engineerTo>
<item key="557A4980-8674-F9DB-D084-C7C7AD7828BD" value="true"/>
</engineerTo>
<sourcePk>C8E8A67C-A0B5-600B-563D-7FA80F5D956F</sourcePk>
<targetPk>CC5DA7CD-1731-03E6-5C99-9279D5F6AE3C</targetPk>
<identifying>false</identifying>
<optionalSource>true</optionalSource>
<optionalTarget>false</optionalTarget>
<sourceCardinality>1</sourceCardinality>
<sourceEntity>AD6DAA0D-4ED0-222A-C183-1D8E7348F4DF</sourceEntity>
<targetCardinalityString>*</targetCardinalityString>
<targetEntity>A588A654-E6E8-3987-0460-C4F0411724EF</targetEntity>
<transferable>true</transferable>
<deleteRule>NO ACTION</deleteRule>
</Relation>