<?xml version = '1.0' encoding = 'UTF-8'?>
<Relation class="oracle.dbtools.crest.model.design.logical.Relation" name="Vuelo - Atencion" directorySegmentName="seg_0" id="AE7B4A4C-C5C9-45E5-0024-528BCC5A1366">
<createdBy>Darklight</createdBy>
<createdTime>2025-08-23 05:09:27 UTC</createdTime>
<ownerDesignName>Exp1_S2_Grupo22</ownerDesignName>
<engineerTo>
<item key="557A4980-8674-F9DB-D084-C7C7AD7828BD" value="true"/>
</engineerTo>
<sourcePk>C8E8A67C-A0B5-600B-563D-7FA80F5D956F</sourcePk>
<targetPk>79D45DDE-C11A-A6DD-F897-59696984D0BB</targetPk>
<dominantRole>AD6DAA0D-4ED0-222A-C183-1D8E7348F4DF</dominantRole>
<identifying>true</identifying>
<optionalSource>true</optionalSource>
<optionalTarget>false</optionalTarget>
<sourceCardinality>1</sourceCardinality>
<sourceEntity>AD6DAA0D-4ED0-222A-C183-1D8E7348F4DF</sourceEntity>
<targetCardinalityString>1</targetCardinalityString>
<targetEntity>DA83FB39-FAFA-53C8-D2AA-9C480E232B02</targetEntity>
<transferable>true</transferable>
<deleteRule>NO ACTION</deleteRule>
</Relation>