<?xml version = '1.0' encoding = 'UTF-8'?>
<Relation class="oracle.dbtools.crest.model.design.logical.Relation" name="Empleado - Atencion" directorySegmentName="seg_0" id="B7053A89-A2AD-678C-C1F9-3D4EE6C5AF75">
<createdBy>Darklight</createdBy>
<createdTime>2025-08-23 04:41:16 UTC</createdTime>
<ownerDesignName>Exp1_S2_Grupo22</ownerDesignName>
<engineerTo>
<item key="7628B1AF-3FA5-ACB0-A52B-CA1A2A67C833" value="true"/>
</engineerTo>
<sourcePk>F6560DDC-9D6D-3B55-ED40-564A14F50B69</sourcePk>
<targetPk>79D45DDE-C11A-A6DD-F897-59696984D0BB</targetPk>
<identifying>false</identifying>
<optionalSource>true</optionalSource>
<optionalTarget>false</optionalTarget>
<sourceCardinality>1</sourceCardinality>
<sourceEntity>0D9F0583-1392-1367-FD25-9AD136CA6611</sourceEntity>
<targetCardinalityString>1</targetCardinalityString>
<targetEntity>DA83FB39-FAFA-53C8-D2AA-9C480E232B02</targetEntity>
<transferable>true</transferable>
<deleteRule>NO ACTION</deleteRule>
</Relation>