<?xml version = '1.0' encoding = 'UTF-8'?>
<Relation class="oracle.dbtools.crest.model.design.logical.Relation" name="Atencion - Pasajero" directorySegmentName="seg_0" id="C7ECC466-935A-B750-2503-91A3B605A5B7">
<createdBy>Darklight</createdBy>
<createdTime>2025-08-23 04:19:02 UTC</createdTime>
<ownerDesignName>Exp1_S2_Grupo22</ownerDesignName>
<engineerTo>
<item key="7628B1AF-3FA5-ACB0-A52B-CA1A2A67C833" value="true"/>
</engineerTo>
<sourcePk>79D45DDE-C11A-A6DD-F897-59696984D0BB</sourcePk>
<targetPk>CDCB6548-D29C-C14B-C303-21646C20E1DD</targetPk>
<identifying>false</identifying>
<optionalSource>false</optionalSource>
<optionalTarget>false</optionalTarget>
<sourceCardinality>1</sourceCardinality>
<sourceEntity>DA83FB39-FAFA-53C8-D2AA-9C480E232B02</sourceEntity>
<targetCardinalityString>1</targetCardinalityString>
<targetEntity>A106977B-AA9A-88F6-9FAB-4623B5DED9B1</targetEntity>
<transferable>true</transferable>
<deleteRule>NO ACTION</deleteRule>
</Relation>