<?xml version = '1.0' encoding = 'UTF-8'?>
<Relation class="oracle.dbtools.crest.model.design.logical.Relation" name="Reserva - Pasajero" directorySegmentName="seg_0" id="D1896CD5-98F3-D151-1905-EDC6C15F5E1D">
<createdBy>Darklight</createdBy>
<createdTime>2025-08-23 03:43:26 UTC</createdTime>
<ownerDesignName>Exp1_S2_Grupo22</ownerDesignName>
<engineerTo>
<item key="7628B1AF-3FA5-ACB0-A52B-CA1A2A67C833" value="true"/>
</engineerTo>
<sourcePk>CC5DA7CD-1731-03E6-5C99-9279D5F6AE3C</sourcePk>
<targetPk>CDCB6548-D29C-C14B-C303-21646C20E1DD</targetPk>
<identifying>false</identifying>
<optionalSource>false</optionalSource>
<optionalTarget>false</optionalTarget>
<sourceCardinality>1</sourceCardinality>
<sourceEntity>A588A654-E6E8-3987-0460-C4F0411724EF</sourceEntity>
<targetCardinalityString>1</targetCardinalityString>
<targetEntity>A106977B-AA9A-88F6-9FAB-4623B5DED9B1</targetEntity>
<transferable>true</transferable>
<deleteRule>NO ACTION</deleteRule>
</Relation>