<?xml version = '1.0' encoding = 'UTF-8'?>
<Entity class="oracle.dbtools.crest.model.design.logical.Entity" directorySegmentName="seg_0" id="05E108B4-A719-8469-6E7D-5C66EAAE1F13" name="ESPECIALIDAD">
<createdBy>Darklight</createdBy>
<createdTime>2025-09-11 03:30:19 UTC</createdTime>
<ownerDesignName>Exp2_S5_Benjamin_Ruiz</ownerDesignName>
<engineerTo>
<item key="2BAFFC25-4113-A07D-7FD2-1CD9E452AE18" value="true"/>
</engineerTo>
<adequatelyNormalized>NO</adequatelyNormalized>
<expectedVolumes>0</expectedVolumes>
<fwdEngineeringStrategyName>Single Table</fwdEngineeringStrategyName>
<growthPercent>0</growthPercent>
<growthType>Year</growthType>
<maxVolumes>9999999</maxVolumes>
<minVolumes>0</minVolumes>
<normalForm>Third</normalForm>
<attributes itemClass="oracle.dbtools.crest.model.design.logical.Attribute">
<Attribute name="id_especialidad" id="13061B41-772D-C79E-8C44-7DFFF9EFCC3D">
<createdBy>Darklight</createdBy>
<createdTime>2025-09-11 04:17:46 UTC</createdTime>
<ownerDesignName>Exp2_S5_Benjamin_Ruiz</ownerDesignName>
<engineerTo>
<item key="2BAFFC25-4113-A07D-7FD2-1CD9E452AE18" value="true"/>
</engineerTo>
<useDomainConstraints>false</useDomainConstraints>
<use>1</use>
<logicalDatatype>LOGDT011</logicalDatatype>
<ownDataTypeParameters>,,</ownDataTypeParameters>
</Attribute>
<Attribute name="tipo_especialidad" id="B18BF473-810F-EFC4-EF57-81EB248F6E4A">
<createdBy>Darklight</createdBy>
<createdTime>2025-09-11 04:17:57 UTC</createdTime>
<ownerDesignName>Exp2_S5_Benjamin_Ruiz</ownerDesignName>
<engineerTo>
<item key="2BAFFC25-4113-A07D-7FD2-1CD9E452AE18" value="true"/>
</engineerTo>
<useDomainConstraints>false</useDomainConstraints>
<use>1</use>
<logicalDatatype>LOGDT024</logicalDatatype>
<dataTypeSize>20 CHAR</dataTypeSize>
<ownDataTypeParameters>20 CHAR,,</ownDataTypeParameters>
</Attribute>
</attributes>
<identifiers itemClass="oracle.dbtools.crest.model.design.logical.CandidateKey">
<identifier id="9BE42BFA-DCBD-F63D-A73F-089F2B75D044" name="ESPECIALIDAD PK">
<createdBy>Darklight</createdBy>
<createdTime>2025-09-11 04:17:56 UTC</createdTime>
<ownerDesignName>Exp2_S5_Benjamin_Ruiz</ownerDesignName>
<shouldEngineer>false</shouldEngineer>
<engineerTo>
<item key="2BAFFC25-4113-A07D-7FD2-1CD9E452AE18" value="false"/>
</engineerTo>
<pk>true</pk>
<usedAttributes>
<attributeRef>13061B41-772D-C79E-8C44-7DFFF9EFCC3D</attributeRef>
</usedAttributes>
</identifier>
</identifiers>
</Entity>