<?xml version = '1.0' encoding = 'UTF-8'?>
<Entity class="oracle.dbtools.crest.model.design.logical.Entity" directorySegmentName="seg_0" id="47D9B09D-8AA2-9388-4463-F615E9163C85" name="ATENCION_MEDICA">
<createdBy>Darklight</createdBy>
<createdTime>2025-09-11 03:26:50 UTC</createdTime>
<ownerDesignName>Exp2_S5_Benjamin_Ruiz</ownerDesignName>
<engineerTo>
<item key="2BAFFC25-4113-A07D-7FD2-1CD9E452AE18" value="true"/>
</engineerTo>
<adequatelyNormalized>NO</adequatelyNormalized>
<expectedVolumes>0</expectedVolumes>
<fwdEngineeringStrategyName>Single Table</fwdEngineeringStrategyName>
<growthPercent>0</growthPercent>
<growthType>Year</growthType>
<maxVolumes>9999999</maxVolumes>
<minVolumes>0</minVolumes>
<normalForm>Third</normalForm>
<attributes itemClass="oracle.dbtools.crest.model.design.logical.Attribute">
<Attribute name="id_atencion" id="850EDA74-B53F-A9C8-FE1B-51FCF25E3B80">
<createdBy>Darklight</createdBy>
<createdTime>2025-09-11 05:07:32 UTC</createdTime>
<ownerDesignName>Exp2_S5_Benjamin_Ruiz</ownerDesignName>
<engineerTo>
<item key="2BAFFC25-4113-A07D-7FD2-1CD9E452AE18" value="true"/>
</engineerTo>
<useDomainConstraints>false</useDomainConstraints>
<use>1</use>
<logicalDatatype>LOGDT011</logicalDatatype>
<ownDataTypeParameters>,,</ownDataTypeParameters>
</Attribute>
<Attribute name="rut_paciente" id="600E36B4-DAD7-BB44-DE5B-DF3A41228A31">
<createdBy>Darklight</createdBy>
<createdTime>2025-09-11 04:12:46 UTC</createdTime>
<generatorID>EF226F1F-1A86-7D91-76AA-C8FC29C6666C</generatorID>
<ownerDesignName>Exp2_S5_Benjamin_Ruiz</ownerDesignName>
<engineerTo>
<item key="2BAFFC25-4113-A07D-7FD2-1CD9E452AE18" value="true"/>
</engineerTo>
<referedAttribute>C6405B0F-089D-4DC7-924A-791F82525F6F</referedAttribute>
<useDomainConstraints>false</useDomainConstraints>
<use>1</use>
<logicalDatatype>LOGDT024</logicalDatatype>
<dataTypeSize>9 CHAR</dataTypeSize>
<ownDataTypeParameters>9 CHAR,,</ownDataTypeParameters>
</Attribute>
<Attribute name="id_pago" id="5B4D323A-A326-6269-4840-8080AAE59025">
<createdBy>Darklight</createdBy>
<createdTime>2025-09-11 04:59:18 UTC</createdTime>
<generatorID>84FFD1AB-9A7D-1AFE-1AD2-C11B94EA20A7</generatorID>
<ownerDesignName>Exp2_S5_Benjamin_Ruiz</ownerDesignName>
<engineerTo>
<item key="2BAFFC25-4113-A07D-7FD2-1CD9E452AE18" value="true"/>
</engineerTo>
<referedAttribute>23F81CE0-B257-DE14-CD6D-4DF57D56025D</referedAttribute>
<useDomainConstraints>false</useDomainConstraints>
<use>1</use>
<logicalDatatype>LOGDT011</logicalDatatype>
<ownDataTypeParameters>,,</ownDataTypeParameters>
</Attribute>
<Attribute name="rut_medico" id="88AB0A75-D0C9-052C-7298-7873D3C28C59">
<createdBy>Darklight</createdBy>
<createdTime>2025-09-11 05:09:23 UTC</createdTime>
<generatorID>52820F9F-91D1-F5F9-9A24-089648DFB719</generatorID>
<ownerDesignName>Exp2_S5_Benjamin_Ruiz</ownerDesignName>
<engineerTo>
<item key="2BAFFC25-4113-A07D-7FD2-1CD9E452AE18" value="true"/>
</engineerTo>
<referedAttribute>6C62DFBF-5C24-AD5B-F461-670580FAC910</referedAttribute>
<useDomainConstraints>false</useDomainConstraints>
<use>1</use>
<logicalDatatype>LOGDT024</logicalDatatype>
<dataTypeSize>9 CHAR</dataTypeSize>
<ownDataTypeParameters>9 CHAR,,</ownDataTypeParameters>
</Attribute>
<Attribute name="id_tipo_atencion" id="4072D738-94BF-BB86-05B1-8BD827E7D30F">
<createdBy>Darklight</createdBy>
<createdTime>2025-09-11 16:48:14 UTC</createdTime>
<generatorID>B966D155-B1BD-8618-C9D8-C84912B0D2B3</generatorID>
<ownerDesignName>Exp2_S5_Benjamin_Ruiz</ownerDesignName>
<engineerTo>
<item key="2BAFFC25-4113-A07D-7FD2-1CD9E452AE18" value="true"/>
</engineerTo>
<referedAttribute>CF33B419-F268-A05A-7792-4A89ED0D5F8C</referedAttribute>
<useDomainConstraints>false</useDomainConstraints>
<use>1</use>
<logicalDatatype>LOGDT011</logicalDatatype>
<ownDataTypeParameters>,,</ownDataTypeParameters>
</Attribute>
</attributes>
<identifiers itemClass="oracle.dbtools.crest.model.design.logical.CandidateKey">
<identifier id="7CBD6DFA-E2E5-EB75-1A72-24982D1387E6" name="ATE_MEDICA PK">
<createdBy>Darklight</createdBy>
<createdTime>2025-09-11 05:07:42 UTC</createdTime>
<ownerDesignName>Exp2_S5_Benjamin_Ruiz</ownerDesignName>
<engineerTo>
<item key="2BAFFC25-4113-A07D-7FD2-1CD9E452AE18" value="true"/>
</engineerTo>
<pk>true</pk>
<newElementsIDs>850EDA74-B53F-A9C8-FE1B-51FCF25E3B80</newElementsIDs>
<usedAttributes>
<attributeRef>850EDA74-B53F-A9C8-FE1B-51FCF25E3B80</attributeRef>
</usedAttributes>
</identifier>
</identifiers>
</Entity>