<?xml version = '1.0' encoding = 'UTF-8'?>
<Entity class="oracle.dbtools.crest.model.design.logical.Entity" directorySegmentName="seg_0" id="66808175-FB78-4F82-8C4F-586ED8D1E49A" name="REGION">
<createdBy>Darklight</createdBy>
<createdTime>2025-09-11 04:18:27 UTC</createdTime>
<ownerDesignName>Exp2_S5_Benjamin_Ruiz</ownerDesignName>
<engineerTo>
<item key="2BAFFC25-4113-A07D-7FD2-1CD9E452AE18" value="true"/>
</engineerTo>
<adequatelyNormalized>NO</adequatelyNormalized>
<expectedVolumes>0</expectedVolumes>
<fwdEngineeringStrategyName>Single Table</fwdEngineeringStrategyName>
<growthPercent>0</growthPercent>
<growthType>Year</growthType>
<maxVolumes>9999999</maxVolumes>
<minVolumes>0</minVolumes>
<normalForm>Third</normalForm>
<attributes itemClass="oracle.dbtools.crest.model.design.logical.Attribute">
<Attribute name="id_region" id="B60487DA-E7E1-CEF8-C5DF-938351733B44">
<createdBy>Darklight</createdBy>
<createdTime>2025-09-11 04:19:07 UTC</createdTime>
<ownerDesignName>Exp2_S5_Benjamin_Ruiz</ownerDesignName>
<engineerTo>
<item key="2BAFFC25-4113-A07D-7FD2-1CD9E452AE18" value="true"/>
</engineerTo>
<useDomainConstraints>false</useDomainConstraints>
<use>1</use>
<logicalDatatype>LOGDT011</logicalDatatype>
<ownDataTypeParameters>,,</ownDataTypeParameters>
</Attribute>
<Attribute name="nombre_region" id="64C48422-37CF-FBBA-0596-8A78B99B4860">
<createdBy>Darklight</createdBy>
<createdTime>2025-09-11 04:19:17 UTC</createdTime>
<ownerDesignName>Exp2_S5_Benjamin_Ruiz</ownerDesignName>
<engineerTo>
<item key="2BAFFC25-4113-A07D-7FD2-1CD9E452AE18" value="true"/>
</engineerTo>
<useDomainConstraints>false</useDomainConstraints>
<use>1</use>
<logicalDatatype>LOGDT024</logicalDatatype>
<dataTypeSize>20 CHAR</dataTypeSize>
<ownDataTypeParameters>20 CHAR,,</ownDataTypeParameters>
</Attribute>
</attributes>
<identifiers itemClass="oracle.dbtools.crest.model.design.logical.CandidateKey">
<identifier id="09EA03BD-C1C7-B54B-CB40-B743BC0B61E8" name="REGION PK">
<createdBy>Darklight</createdBy>
<createdTime>2025-09-11 04:19:16 UTC</createdTime>
<ownerDesignName>Exp2_S5_Benjamin_Ruiz</ownerDesignName>
<shouldEngineer>false</shouldEngineer>
<engineerTo>
<item key="2BAFFC25-4113-A07D-7FD2-1CD9E452AE18" value="false"/>
</engineerTo>
<pk>true</pk>
<usedAttributes>
<attributeRef>B60487DA-E7E1-CEF8-C5DF-938351733B44</attributeRef>
</usedAttributes>
</identifier>
<identifier id="62F8C065-F0BE-2629-976E-68D6FB8E8F68" name="NOMBRE_REGION UK">
<createdBy>Darklight</createdBy>
<createdTime>2025-09-12 01:01:16 UTC</createdTime>
<ownerDesignName>Exp2_S5_Benjamin_Ruiz</ownerDesignName>
<engineerTo>
<item key="2BAFFC25-4113-A07D-7FD2-1CD9E452AE18" value="true"/>
</engineerTo>
<newElementsIDs>64C48422-37CF-FBBA-0596-8A78B99B4860</newElementsIDs>
<usedAttributes>
<attributeRef>64C48422-37CF-FBBA-0596-8A78B99B4860</attributeRef>
</usedAttributes>
</identifier>
</identifiers>
</Entity>