<?xml version = '1.0' encoding = 'UTF-8'?>
<Entity class="oracle.dbtools.crest.model.design.logical.Entity" directorySegmentName="seg_0" id="748950D1-FDD7-8110-5ED0-1670ADD1DAF6" name="INSTITUCION_SALUD">
<createdBy>Darklight</createdBy>
<createdTime>2025-09-11 04:56:37 UTC</createdTime>
<ownerDesignName>Exp2_S5_Benjamin_Ruiz</ownerDesignName>
<engineerTo>
<item key="2BAFFC25-4113-A07D-7FD2-1CD9E452AE18" value="true"/>
</engineerTo>
<adequatelyNormalized>NO</adequatelyNormalized>
<expectedVolumes>0</expectedVolumes>
<fwdEngineeringStrategyName>Single Table</fwdEngineeringStrategyName>
<growthPercent>0</growthPercent>
<growthType>Year</growthType>
<maxVolumes>9999999</maxVolumes>
<minVolumes>0</minVolumes>
<normalForm>Third</normalForm>
<attributes itemClass="oracle.dbtools.crest.model.design.logical.Attribute">
<Attribute name="id_institucion" id="164E44BB-26FF-7432-423B-3A6B5125F9FA">
<createdBy>Darklight</createdBy>
<createdTime>2025-09-11 04:56:45 UTC</createdTime>
<ownerDesignName>Exp2_S5_Benjamin_Ruiz</ownerDesignName>
<engineerTo>
<item key="2BAFFC25-4113-A07D-7FD2-1CD9E452AE18" value="true"/>
</engineerTo>
<useDomainConstraints>false</useDomainConstraints>
<use>1</use>
<logicalDatatype>LOGDT011</logicalDatatype>
<ownDataTypeParameters>,,</ownDataTypeParameters>
</Attribute>
<Attribute name="nombre_institucion" id="B06411F9-4C81-DF4D-565C-8F0114C2BDA5">
<createdBy>Darklight</createdBy>
<createdTime>2025-09-11 04:56:54 UTC</createdTime>
<ownerDesignName>Exp2_S5_Benjamin_Ruiz</ownerDesignName>
<engineerTo>
<item key="2BAFFC25-4113-A07D-7FD2-1CD9E452AE18" value="true"/>
</engineerTo>
<useDomainConstraints>false</useDomainConstraints>
<use>1</use>
<logicalDatatype>LOGDT024</logicalDatatype>
<dataTypeSize>20 CHAR</dataTypeSize>
<ownDataTypeParameters>20 CHAR,,</ownDataTypeParameters>
</Attribute>
</attributes>
<identifiers itemClass="oracle.dbtools.crest.model.design.logical.CandidateKey">
<identifier id="F7284793-FF2E-542F-5F36-654FD760AE47" name="INS_SALUD PK">
<createdBy>Darklight</createdBy>
<createdTime>2025-09-11 04:56:53 UTC</createdTime>
<ownerDesignName>Exp2_S5_Benjamin_Ruiz</ownerDesignName>
<engineerTo>
<item key="2BAFFC25-4113-A07D-7FD2-1CD9E452AE18" value="true"/>
</engineerTo>
<pk>true</pk>
<newElementsIDs>164E44BB-26FF-7432-423B-3A6B5125F9FA</newElementsIDs>
<usedAttributes>
<attributeRef>164E44BB-26FF-7432-423B-3A6B5125F9FA</attributeRef>
</usedAttributes>
</identifier>
</identifiers>
</Entity>