<?xml version = '1.0' encoding = 'UTF-8'?>
<Entity class="oracle.dbtools.crest.model.design.logical.Entity" directorySegmentName="seg_0" id="83CDCA33-69E5-A2E8-688C-B99487D677D2" name="MEDICO">
<createdBy>Darklight</createdBy>
<createdTime>2025-09-11 03:30:15 UTC</createdTime>
<ownerDesignName>Exp2_S5_Benjamin_Ruiz</ownerDesignName>
<engineerTo>
<item key="2BAFFC25-4113-A07D-7FD2-1CD9E452AE18" value="true"/>
</engineerTo>
<adequatelyNormalized>NO</adequatelyNormalized>
<expectedVolumes>0</expectedVolumes>
<fwdEngineeringStrategyName>Single Table</fwdEngineeringStrategyName>
<growthPercent>0</growthPercent>
<growthType>Year</growthType>
<maxVolumes>9999999</maxVolumes>
<minVolumes>0</minVolumes>
<normalForm>Third</normalForm>
<attributes itemClass="oracle.dbtools.crest.model.design.logical.Attribute">
<Attribute name="rut_medico" id="6C62DFBF-5C24-AD5B-F461-670580FAC910">
<createdBy>Darklight</createdBy>
<createdTime>2025-09-11 03:33:44 UTC</createdTime>
<ownerDesignName>Exp2_S5_Benjamin_Ruiz</ownerDesignName>
<engineerTo>
<item key="2BAFFC25-4113-A07D-7FD2-1CD9E452AE18" value="true"/>
</engineerTo>
<useDomainConstraints>false</useDomainConstraints>
<use>1</use>
<logicalDatatype>LOGDT024</logicalDatatype>
<dataTypeSize>9 CHAR</dataTypeSize>
<ownDataTypeParameters>9 CHAR,,</ownDataTypeParameters>
</Attribute>
<Attribute name="nombre_completo" id="FEC4D5C6-B7D7-3630-F73D-7540BA3B82CB">
<createdBy>Darklight</createdBy>
<createdTime>2025-09-11 03:34:26 UTC</createdTime>
<ownerDesignName>Exp2_S5_Benjamin_Ruiz</ownerDesignName>
<engineerTo>
<item key="2BAFFC25-4113-A07D-7FD2-1CD9E452AE18" value="true"/>
</engineerTo>
<useDomainConstraints>false</useDomainConstraints>
<use>1</use>
<logicalDatatype>LOGDT024</logicalDatatype>
<dataTypeSize>30 CHAR</dataTypeSize>
<ownDataTypeParameters>30 CHAR,,</ownDataTypeParameters>
</Attribute>
<Attribute name="fecha_ingreso" id="586CB5C8-E860-DB2D-4B96-035DCB596FAB">
<createdBy>Darklight</createdBy>
<createdTime>2025-09-11 03:34:49 UTC</createdTime>
<ownerDesignName>Exp2_S5_Benjamin_Ruiz</ownerDesignName>
<engineerTo>
<item key="2BAFFC25-4113-A07D-7FD2-1CD9E452AE18" value="true"/>
</engineerTo>
<useDomainConstraints>false</useDomainConstraints>
<use>1</use>
<logicalDatatype>LOGDT007</logicalDatatype>
<ownDataTypeParameters>,,</ownDataTypeParameters>
</Attribute>
<Attribute name="rut_medico1" id="5A5E050B-D390-123D-82B3-2A51685AEEED">
<createdBy>Darklight</createdBy>
<createdTime>2025-09-11 03:35:52 UTC</createdTime>
<generatorID>B6D5BBC2-84B3-86AC-6BED-556FE3B56D61</generatorID>
<ownerDesignName>Exp2_S5_Benjamin_Ruiz</ownerDesignName>
<engineerTo>
<item key="2BAFFC25-4113-A07D-7FD2-1CD9E452AE18" value="true"/>
</engineerTo>
<nullsAllowed>true</nullsAllowed>
<referedAttribute>6C62DFBF-5C24-AD5B-F461-670580FAC910</referedAttribute>
<useDomainConstraints>false</useDomainConstraints>
<use>1</use>
<logicalDatatype>LOGDT024</logicalDatatype>
<dataTypeSize>9 CHAR</dataTypeSize>
<ownDataTypeParameters>9 CHAR,,</ownDataTypeParameters>
</Attribute>
<Attribute name="id_codigo_examen" id="82AC64A6-3182-D237-1D9A-2B4ACCC4E154">
<createdBy>Darklight</createdBy>
<createdTime>2025-09-11 04:08:47 UTC</createdTime>
<generatorID>8BDD2DF1-251F-E57F-1DC1-19492E346593</generatorID>
<ownerDesignName>Exp2_S5_Benjamin_Ruiz</ownerDesignName>
<engineerTo>
<item key="2BAFFC25-4113-A07D-7FD2-1CD9E452AE18" value="true"/>
</engineerTo>
<nullsAllowed>true</nullsAllowed>
<referedAttribute>00212DA4-A28E-85E7-BD36-46CFC67C5381</referedAttribute>
<useDomainConstraints>false</useDomainConstraints>
<use>1</use>
<logicalDatatype>LOGDT011</logicalDatatype>
<ownDataTypeParameters>,,</ownDataTypeParameters>
</Attribute>
<Attribute name="id_especialidad" id="3882092F-F168-2885-B306-586C502FE07C">
<createdBy>Darklight</createdBy>
<createdTime>2025-09-11 04:55:32 UTC</createdTime>
<generatorID>2308C4B8-1CAD-795A-E054-F0B9B11685B6</generatorID>
<ownerDesignName>Exp2_S5_Benjamin_Ruiz</ownerDesignName>
<engineerTo>
<item key="2BAFFC25-4113-A07D-7FD2-1CD9E452AE18" value="true"/>
</engineerTo>
<referedAttribute>13061B41-772D-C79E-8C44-7DFFF9EFCC3D</referedAttribute>
<useDomainConstraints>false</useDomainConstraints>
<use>1</use>
<logicalDatatype>LOGDT011</logicalDatatype>
<ownDataTypeParameters>,,</ownDataTypeParameters>
</Attribute>
<Attribute name="id_afp" id="38412844-0067-D5A3-42C5-CF2F6700FC56">
<createdBy>Darklight</createdBy>
<createdTime>2025-09-11 04:56:18 UTC</createdTime>
<generatorID>558683F3-6965-590A-1866-DBD86664433F</generatorID>
<ownerDesignName>Exp2_S5_Benjamin_Ruiz</ownerDesignName>
<engineerTo>
<item key="2BAFFC25-4113-A07D-7FD2-1CD9E452AE18" value="true"/>
</engineerTo>
<referedAttribute>2A0B74B9-2503-B201-2F03-40289661921D</referedAttribute>
<useDomainConstraints>false</useDomainConstraints>
<use>1</use>
<logicalDatatype>LOGDT011</logicalDatatype>
<ownDataTypeParameters>,,</ownDataTypeParameters>
</Attribute>
<Attribute name="id_institucion" id="DF79CFCE-166D-D2A8-7C46-5521EE00F027">
<createdBy>Darklight</createdBy>
<createdTime>2025-09-11 04:57:21 UTC</createdTime>
<generatorID>A1FA4D34-6F2D-8932-9C9C-2C9424FAEBD3</generatorID>
<ownerDesignName>Exp2_S5_Benjamin_Ruiz</ownerDesignName>
<engineerTo>
<item key="2BAFFC25-4113-A07D-7FD2-1CD9E452AE18" value="true"/>
</engineerTo>
<referedAttribute>164E44BB-26FF-7432-423B-3A6B5125F9FA</referedAttribute>
<useDomainConstraints>false</useDomainConstraints>
<use>1</use>
<logicalDatatype>LOGDT011</logicalDatatype>
<ownDataTypeParameters>,,</ownDataTypeParameters>
</Attribute>
</attributes>
<identifiers itemClass="oracle.dbtools.crest.model.design.logical.CandidateKey">
<identifier id="C630853D-6A63-3708-4B3E-AC4346446418" name="MEDICO PK">
<createdBy>Darklight</createdBy>
<createdTime>2025-09-11 03:34:42 UTC</createdTime>
<ownerDesignName>Exp2_S5_Benjamin_Ruiz</ownerDesignName>
<shouldEngineer>false</shouldEngineer>
<engineerTo>
<item key="2BAFFC25-4113-A07D-7FD2-1CD9E452AE18" value="false"/>
</engineerTo>
<pk>true</pk>
<usedAttributes>
<attributeRef>6C62DFBF-5C24-AD5B-F461-670580FAC910</attributeRef>
</usedAttributes>
</identifier>
</identifiers>
</Entity>