<?xml version = '1.0' encoding = 'UTF-8'?>
<Entity class="oracle.dbtools.crest.model.design.logical.Entity" directorySegmentName="seg_0" id="9AB06F73-7A37-7C80-9955-1EE6815FA8AF" name="COMUNA">
<createdBy>Darklight</createdBy>
<createdTime>2025-09-11 04:18:24 UTC</createdTime>
<ownerDesignName>Exp2_S5_Benjamin_Ruiz</ownerDesignName>
<engineerTo>
<item key="2BAFFC25-4113-A07D-7FD2-1CD9E452AE18" value="true"/>
</engineerTo>
<adequatelyNormalized>NO</adequatelyNormalized>
<expectedVolumes>0</expectedVolumes>
<fwdEngineeringStrategyName>Single Table</fwdEngineeringStrategyName>
<growthPercent>0</growthPercent>
<growthType>Year</growthType>
<maxVolumes>9999999</maxVolumes>
<minVolumes>0</minVolumes>
<normalForm>Third</normalForm>
<attributes itemClass="oracle.dbtools.crest.model.design.logical.Attribute">
<Attribute name="id_comuna" id="1905852C-EF02-4897-1026-07DB387BAC3C">
<createdBy>Darklight</createdBy>
<createdTime>2025-09-11 04:18:44 UTC</createdTime>
<ownerDesignName>Exp2_S5_Benjamin_Ruiz</ownerDesignName>
<engineerTo>
<item key="2BAFFC25-4113-A07D-7FD2-1CD9E452AE18" value="true"/>
</engineerTo>
<useDomainConstraints>false</useDomainConstraints>
<use>1</use>
<logicalDatatype>LOGDT011</logicalDatatype>
<ownDataTypeParameters>,,</ownDataTypeParameters>
</Attribute>
<Attribute name="nombre_comuna" id="DC7EAEBD-D754-7E62-5968-FE3DE15140A2">
<createdBy>Darklight</createdBy>
<createdTime>2025-09-11 04:18:55 UTC</createdTime>
<ownerDesignName>Exp2_S5_Benjamin_Ruiz</ownerDesignName>
<engineerTo>
<item key="2BAFFC25-4113-A07D-7FD2-1CD9E452AE18" value="true"/>
</engineerTo>
<useDomainConstraints>false</useDomainConstraints>
<use>1</use>
<logicalDatatype>LOGDT024</logicalDatatype>
<dataTypeSize>20 CHAR</dataTypeSize>
<ownDataTypeParameters>20 CHAR,,</ownDataTypeParameters>
</Attribute>
<Attribute name="id_region" id="33A24006-45A5-C837-9A9A-7B7B23F19140">
<createdBy>Darklight</createdBy>
<createdTime>2025-09-11 19:26:44 UTC</createdTime>
<generatorID>36CE4B9A-9AC1-F80E-15B2-0980CBBE3AB9</generatorID>
<ownerDesignName>Exp2_S5_Benjamin_Ruiz</ownerDesignName>
<engineerTo>
<item key="2BAFFC25-4113-A07D-7FD2-1CD9E452AE18" value="true"/>
</engineerTo>
<referedAttribute>B60487DA-E7E1-CEF8-C5DF-938351733B44</referedAttribute>
<useDomainConstraints>false</useDomainConstraints>
<use>1</use>
<logicalDatatype>LOGDT011</logicalDatatype>
<ownDataTypeParameters>,,</ownDataTypeParameters>
</Attribute>
</attributes>
<identifiers itemClass="oracle.dbtools.crest.model.design.logical.CandidateKey">
<identifier id="B0617FBB-2DCF-33BD-B2FE-98FC397CEBB7" name="COMUNA PK">
<createdBy>Darklight</createdBy>
<createdTime>2025-09-11 04:18:54 UTC</createdTime>
<ownerDesignName>Exp2_S5_Benjamin_Ruiz</ownerDesignName>
<shouldEngineer>false</shouldEngineer>
<engineerTo>
<item key="2BAFFC25-4113-A07D-7FD2-1CD9E452AE18" value="false"/>
</engineerTo>
<pk>true</pk>
<usedAttributes>
<attributeRef>1905852C-EF02-4897-1026-07DB387BAC3C</attributeRef>
</usedAttributes>
</identifier>
<identifier id="6AA19E24-6700-15F9-1134-E7DFF90A833F" name="NOMBRE_COMUNA UK">
<createdBy>Darklight</createdBy>
<createdTime>2025-09-12 01:00:42 UTC</createdTime>
<ownerDesignName>Exp2_S5_Benjamin_Ruiz</ownerDesignName>
<engineerTo>
<item key="2BAFFC25-4113-A07D-7FD2-1CD9E452AE18" value="true"/>
</engineerTo>
<newElementsIDs>DC7EAEBD-D754-7E62-5968-FE3DE15140A2</newElementsIDs>
<usedAttributes>
<attributeRef>DC7EAEBD-D754-7E62-5968-FE3DE15140A2</attributeRef>
</usedAttributes>
</identifier>
</identifiers>
</Entity>