<?xml version = '1.0' encoding = 'UTF-8'?>
<Entity class="oracle.dbtools.crest.model.design.logical.Entity" directorySegmentName="seg_0" id="DF6B9B8F-8D0D-2E94-1D60-7F0B7CE62507" name="PAGO_ATENCION">
<createdBy>Darklight</createdBy>
<createdTime>2025-09-11 03:30:39 UTC</createdTime>
<ownerDesignName>Exp2_S5_Benjamin_Ruiz</ownerDesignName>
<engineerTo>
<item key="2BAFFC25-4113-A07D-7FD2-1CD9E452AE18" value="true"/>
</engineerTo>
<adequatelyNormalized>NO</adequatelyNormalized>
<expectedVolumes>0</expectedVolumes>
<fwdEngineeringStrategyName>Single Table</fwdEngineeringStrategyName>
<growthPercent>0</growthPercent>
<growthType>Year</growthType>
<maxVolumes>9999999</maxVolumes>
<minVolumes>0</minVolumes>
<normalForm>Third</normalForm>
<attributes itemClass="oracle.dbtools.crest.model.design.logical.Attribute">
<Attribute name="id_pago" id="23F81CE0-B257-DE14-CD6D-4DF57D56025D">
<createdBy>Darklight</createdBy>
<createdTime>2025-09-11 04:58:28 UTC</createdTime>
<ownerDesignName>Exp2_S5_Benjamin_Ruiz</ownerDesignName>
<engineerTo>
<item key="2BAFFC25-4113-A07D-7FD2-1CD9E452AE18" value="true"/>
</engineerTo>
<useDomainConstraints>false</useDomainConstraints>
<use>1</use>
<logicalDatatype>LOGDT011</logicalDatatype>
<ownDataTypeParameters>,,</ownDataTypeParameters>
</Attribute>
<Attribute name="tipo_pago" id="58131F60-44B2-0660-DB4D-93C58AD7548D">
<createdBy>Darklight</createdBy>
<createdTime>2025-09-11 04:58:38 UTC</createdTime>
<ownerDesignName>Exp2_S5_Benjamin_Ruiz</ownerDesignName>
<engineerTo>
<item key="2BAFFC25-4113-A07D-7FD2-1CD9E452AE18" value="true"/>
</engineerTo>
<useDomainConstraints>false</useDomainConstraints>
<use>1</use>
<logicalDatatype>LOGDT024</logicalDatatype>
<dataTypeSize>20 CHAR</dataTypeSize>
<ownDataTypeParameters>20 CHAR,,</ownDataTypeParameters>
</Attribute>
</attributes>
<identifiers itemClass="oracle.dbtools.crest.model.design.logical.CandidateKey">
<identifier id="44041785-4B2E-BF15-A4A3-DBF2FFAC441E" name="PAGO_ATENCION PK">
<createdBy>Darklight</createdBy>
<createdTime>2025-09-11 04:58:37 UTC</createdTime>
<ownerDesignName>Exp2_S5_Benjamin_Ruiz</ownerDesignName>
<engineerTo>
<item key="2BAFFC25-4113-A07D-7FD2-1CD9E452AE18" value="true"/>
</engineerTo>
<pk>true</pk>
<newElementsIDs>23F81CE0-B257-DE14-CD6D-4DF57D56025D</newElementsIDs>
<usedAttributes>
<attributeRef>23F81CE0-B257-DE14-CD6D-4DF57D56025D</attributeRef>
</usedAttributes>
</identifier>
</identifiers>
</Entity>