<?xml version = '1.0' encoding = 'UTF-8'?>
<Entity class="oracle.dbtools.crest.model.design.logical.Entity" directorySegmentName="seg_0" id="EC897F7E-DE8A-737A-3969-64F8EBD170DD" name="CONDICION_PREPARACION">
<createdBy>Darklight</createdBy>
<createdTime>2025-09-11 04:04:32 UTC</createdTime>
<ownerDesignName>Exp2_S5_Benjamin_Ruiz</ownerDesignName>
<engineerTo>
<item key="2BAFFC25-4113-A07D-7FD2-1CD9E452AE18" value="true"/>
</engineerTo>
<adequatelyNormalized>NO</adequatelyNormalized>
<expectedVolumes>0</expectedVolumes>
<fwdEngineeringStrategyName>Single Table</fwdEngineeringStrategyName>
<growthPercent>0</growthPercent>
<growthType>Year</growthType>
<maxVolumes>9999999</maxVolumes>
<minVolumes>0</minVolumes>
<normalForm>Third</normalForm>
<attributes itemClass="oracle.dbtools.crest.model.design.logical.Attribute">
<Attribute name="id_condicion" id="EC65B6DB-DB10-DC63-1D3F-7259151B0183">
<createdBy>Darklight</createdBy>
<createdTime>2025-09-11 04:04:42 UTC</createdTime>
<ownerDesignName>Exp2_S5_Benjamin_Ruiz</ownerDesignName>
<engineerTo>
<item key="2BAFFC25-4113-A07D-7FD2-1CD9E452AE18" value="true"/>
</engineerTo>
<useDomainConstraints>false</useDomainConstraints>
<use>1</use>
<logicalDatatype>LOGDT011</logicalDatatype>
<ownDataTypeParameters>,,</ownDataTypeParameters>
</Attribute>
<Attribute name="condicion" id="7FE80D7A-A959-B6AF-4252-A1B4FFF4D468">
<createdBy>Darklight</createdBy>
<createdTime>2025-09-11 04:04:52 UTC</createdTime>
<ownerDesignName>Exp2_S5_Benjamin_Ruiz</ownerDesignName>
<engineerTo>
<item key="2BAFFC25-4113-A07D-7FD2-1CD9E452AE18" value="true"/>
</engineerTo>
<useDomainConstraints>false</useDomainConstraints>
<use>1</use>
<logicalDatatype>LOGDT024</logicalDatatype>
<dataTypeSize>30 CHAR</dataTypeSize>
<ownDataTypeParameters>30 CHAR,,</ownDataTypeParameters>
</Attribute>
<Attribute name="id_codigo_examen" id="FE9190EA-9651-1D45-6EC3-4D96C9FF4955">
<createdBy>Darklight</createdBy>
<createdTime>2025-09-11 04:25:59 UTC</createdTime>
<generatorID>0B66C630-58F7-E3C5-A448-1A78534862CB</generatorID>
<ownerDesignName>Exp2_S5_Benjamin_Ruiz</ownerDesignName>
<engineerTo>
<item key="2BAFFC25-4113-A07D-7FD2-1CD9E452AE18" value="true"/>
</engineerTo>
<nullsAllowed>true</nullsAllowed>
<referedAttribute>00212DA4-A28E-85E7-BD36-46CFC67C5381</referedAttribute>
<useDomainConstraints>false</useDomainConstraints>
<use>1</use>
<logicalDatatype>LOGDT011</logicalDatatype>
<ownDataTypeParameters>,,</ownDataTypeParameters>
</Attribute>
</attributes>
<identifiers itemClass="oracle.dbtools.crest.model.design.logical.CandidateKey">
<identifier id="EA5E4583-2B8F-28B7-0388-467E29FF1C9A" name="CON_PREPARACION PK">
<createdBy>Darklight</createdBy>
<createdTime>2025-09-11 04:04:51 UTC</createdTime>
<ownerDesignName>Exp2_S5_Benjamin_Ruiz</ownerDesignName>
<shouldEngineer>false</shouldEngineer>
<engineerTo>
<item key="2BAFFC25-4113-A07D-7FD2-1CD9E452AE18" value="false"/>
</engineerTo>
<pk>true</pk>
<newElementsIDs>EC65B6DB-DB10-DC63-1D3F-7259151B0183</newElementsIDs>
<usedAttributes>
<attributeRef>EC65B6DB-DB10-DC63-1D3F-7259151B0183</attributeRef>
</usedAttributes>
</identifier>
</identifiers>
</Entity>