<?xml version = '1.0' encoding = 'UTF-8'?>
<Entity class="oracle.dbtools.crest.model.design.logical.Entity" directorySegmentName="seg_0" id="EEF91EE6-13B5-34ED-635D-41CDA6515C44" name="TIPO_ATENCION">
<createdBy>Darklight</createdBy>
<createdTime>2025-09-11 05:08:07 UTC</createdTime>
<ownerDesignName>Exp2_S5_Benjamin_Ruiz</ownerDesignName>
<engineerTo>
<item key="2BAFFC25-4113-A07D-7FD2-1CD9E452AE18" value="true"/>
</engineerTo>
<adequatelyNormalized>NO</adequatelyNormalized>
<expectedVolumes>0</expectedVolumes>
<fwdEngineeringStrategyName>Single Table</fwdEngineeringStrategyName>
<growthPercent>0</growthPercent>
<growthType>Year</growthType>
<maxVolumes>9999999</maxVolumes>
<minVolumes>0</minVolumes>
<normalForm>Third</normalForm>
<attributes itemClass="oracle.dbtools.crest.model.design.logical.Attribute">
<Attribute name="id_tipo_atencion" id="CF33B419-F268-A05A-7792-4A89ED0D5F8C">
<createdBy>Darklight</createdBy>
<createdTime>2025-09-11 05:08:16 UTC</createdTime>
<ownerDesignName>Exp2_S5_Benjamin_Ruiz</ownerDesignName>
<engineerTo>
<item key="2BAFFC25-4113-A07D-7FD2-1CD9E452AE18" value="true"/>
</engineerTo>
<useDomainConstraints>false</useDomainConstraints>
<use>1</use>
<logicalDatatype>LOGDT011</logicalDatatype>
<ownDataTypeParameters>,,</ownDataTypeParameters>
</Attribute>
<Attribute name="tipo_atencion" id="4D6D077A-F2AD-13FE-9E6A-F5E0CFF586AC">
<createdBy>Darklight</createdBy>
<createdTime>2025-09-11 05:08:25 UTC</createdTime>
<ownerDesignName>Exp2_S5_Benjamin_Ruiz</ownerDesignName>
<engineerTo>
<item key="2BAFFC25-4113-A07D-7FD2-1CD9E452AE18" value="true"/>
</engineerTo>
<useDomainConstraints>false</useDomainConstraints>
<use>1</use>
<logicalDatatype>LOGDT024</logicalDatatype>
<dataTypeSize>20 CHAR</dataTypeSize>
<ownDataTypeParameters>20 CHAR,,</ownDataTypeParameters>
</Attribute>
</attributes>
<identifiers itemClass="oracle.dbtools.crest.model.design.logical.CandidateKey">
<identifier id="699D7F5A-8DE7-9533-F537-32D27CAEB23D" name="T_ATENCION PK">
<createdBy>Darklight</createdBy>
<createdTime>2025-09-11 05:08:23 UTC</createdTime>
<ownerDesignName>Exp2_S5_Benjamin_Ruiz</ownerDesignName>
<engineerTo>
<item key="2BAFFC25-4113-A07D-7FD2-1CD9E452AE18" value="true"/>
</engineerTo>
<pk>true</pk>
<newElementsIDs>CF33B419-F268-A05A-7792-4A89ED0D5F8C</newElementsIDs>
<usedAttributes>
<attributeRef>CF33B419-F268-A05A-7792-4A89ED0D5F8C</attributeRef>
</usedAttributes>
</identifier>
</identifiers>
</Entity>