<?xml version = '1.0' encoding = 'UTF-8'?>
<Diagram class="oracle.dbtools.crest.swingui.relational.DPVRelational" name="Relational_1" id="284C91B6-DD84-7974-F2FC-289A710E5361">
<createdBy>Darklight</createdBy>
<modifiedBy>Darklight</modifiedBy>
<createdTime>2025-10-07 19:31:41 UTC</createdTime>
<autoRoute>false</autoRoute>
<boxInbox>true</boxInbox>
<showLegend>false</showLegend>
<showLabels>false</showLabels>
<showRelAttributes>false</showRelAttributes>
<gridEnabled>false</gridEnabled>
<showGrid>false</showGrid>
<diagramColor>-1</diagramColor>
<display>false</display>
<notation>1</notation>
<objectViews>
<OView class="oracle.dbtools.crest.swingui.relational.TVTable" oid="1D57F32C-B512-DFD2-AD45-F8311AC2B46C" otype="Table" vid="CE03DE3C-D062-BC25-4255-AE03A005D56A">
<hideElementsInCurrentOnly>false</hideElementsInCurrentOnly>
<bounds x="1699" y="479" width="229" height="102"/>
</OView>
<OView class="oracle.dbtools.crest.swingui.relational.TVTable" oid="364835C4-F713-B2CE-BA2F-3A77A817151F" otype="Table" vid="3BA27C0C-8888-6612-0A8F-6AD5A5803200">
<hideElementsInCurrentOnly>false</hideElementsInCurrentOnly>
<bounds x="1220" y="313" width="298" height="240"/>
</OView>
<OView class="oracle.dbtools.crest.swingui.relational.TVTable" oid="3831F12D-9329-221C-8EA7-51DC4A8A63D3" otype="Table" vid="BDC6994F-FFD4-A3BE-5CEA-A85B437FE257">
<hideElementsInCurrentOnly>false</hideElementsInCurrentOnly>
<bounds x="174" y="120" width="263" height="108"/>
</OView>
<OView class="oracle.dbtools.crest.swingui.relational.TVTable" oid="3E2C88F6-A753-945C-1A72-95FB38A18136" otype="Table" vid="334BD9DC-43FD-0906-4139-CB411B3BA6CF">
<hideElementsInCurrentOnly>false</hideElementsInCurrentOnly>
<bounds x="177" y="713" width="224" height="74"/>
</OView>
<OView class="oracle.dbtools.crest.swingui.relational.TVTable" oid="42C714F9-538B-D7CB-E393-AA92A740560E" otype="Table" vid="0F14A7CA-1467-AA6E-48C3-B798C052B36F">
<hideElementsInCurrentOnly>false</hideElementsInCurrentOnly>
<bounds x="1662" y="390" width="212" height="74"/>
</OView>
<OView class="oracle.dbtools.crest.swingui.relational.TVTable" oid="528C9B2B-6AB5-6AC2-C1DE-EA84A932C545" otype="Table" vid="6525CB32-445E-2C83-62FD-2047B4C90B5F">
<hideElementsInCurrentOnly>false</hideElementsInCurrentOnly>
<bounds x="93" y="453" width="390" height="200"/>
</OView>
<OView class="oracle.dbtools.crest.swingui.relational.TVTable" oid="54D9FF02-1504-8D57-6FAC-6A7B45C246EC" otype="Table" vid="4808F4A8-6C89-15DF-BF68-B7C1C5DD8013">
<hideElementsInCurrentOnly>false</hideElementsInCurrentOnly>
<bounds x="91" y="263" width="408" height="136"/>
</OView>
<OView class="oracle.dbtools.crest.swingui.relational.TVTable" oid="58B34963-D559-6094-ED59-C967ACDBD20A" otype="Table" vid="1387AC4F-5DD7-42A4-0DB3-475A00EEEA3C">
<hideElementsInCurrentOnly>false</hideElementsInCurrentOnly>
<bounds x="1397" y="127" width="354" height="150"/>
</OView>
<OView class="oracle.dbtools.crest.swingui.relational.TVTable" oid="6896C718-C717-1583-5C5B-785EB8F02AB1" otype="Table" vid="BA9D54FF-4328-BE0D-CC33-0EA3E0620967">
<hideElementsInCurrentOnly>false</hideElementsInCurrentOnly>
<bounds x="1230" y="30" width="218" height="74"/>
</OView>
<OView class="oracle.dbtools.crest.swingui.relational.TVTable" oid="89CC6B6D-7807-721A-6139-A4E308B4A703" otype="Table" vid="17E3E133-35E9-A165-D871-6D74BE3145D1">
<hideElementsInCurrentOnly>false</hideElementsInCurrentOnly>
<bounds x="935" y="141" width="362" height="136"/>
</OView>
<OView class="oracle.dbtools.crest.swingui.relational.TVTable" oid="9ABC69C8-F070-22E7-1BB5-27362CE95875" otype="Table" vid="FEB54637-048E-06E1-12E7-884CCA3C9F99">
<hideElementsInCurrentOnly>false</hideElementsInCurrentOnly>
<bounds x="194" y="6" width="217" height="74"/>
</OView>
<OView class="oracle.dbtools.crest.swingui.relational.TVTable" oid="B695DC29-DA17-EFF2-8FD0-2F8053B554B0" otype="Table" vid="ECE572DF-ED0A-BA25-6633-75F2AE330A5F">
<hideElementsInCurrentOnly>false</hideElementsInCurrentOnly>
<bounds x="594" y="429" width="589" height="178"/>
</OView>
<OView class="oracle.dbtools.crest.swingui.relational.TVTable" oid="D29CEC56-F3A9-4BB7-3B2F-39995F4BA53F" otype="Table" vid="91397F8F-725F-0DAE-F545-AD7604AE8F6E">
<hideElementsInCurrentOnly>false</hideElementsInCurrentOnly>
<bounds x="1663" y="295" width="202" height="74"/>
</OView>
<OView class="oracle.dbtools.crest.swingui.relational.TVTable" oid="DC45CE9A-3BB6-23CA-6259-CD4570703380" otype="Table" vid="350C7910-2F6A-C689-EC3B-A062C4EA25E4">
<hideElementsInCurrentOnly>false</hideElementsInCurrentOnly>
<bounds x="1197" y="595" width="584" height="213"/>
</OView>
<OView class="oracle.dbtools.crest.swingui.relational.TVTable" oid="E3EFB40B-4188-CFB7-AC89-C6B3697F35C2" otype="Table" vid="CA20A832-63EA-0A99-953C-5E0770501C7B">
<hideElementsInCurrentOnly>false</hideElementsInCurrentOnly>
<bounds x="659" y="290" width="269" height="122"/>
</OView>
</objectViews>
<connectors>
<Connector class="oracle.dbtools.crest.swingui.relational.TVFKRelation" oid="083C5932-E7DD-9D8D-03BA-5A2D810C93E6" otype="FKIndexAssociation" vid_source="3BA27C0C-8888-6612-0A8F-6AD5A5803200" vid_target="17E3E133-35E9-A165-D871-6D74BE3145D1">
<hideElementsInCurrentOnly>false</hideElementsInCurrentOnly>
<backgroundColor>-16777216</backgroundColor>
<lineWidth>1</lineWidth>
<points>
<point x="1258" y="313"/>
<point x="1258" y="277"/>
</points>
</Connector>
<Connector class="oracle.dbtools.crest.swingui.relational.TVFKRelation" oid="4089A929-7C31-5D5E-F7B3-990E2AEC2FD9" otype="FKIndexAssociation" vid_source="3BA27C0C-8888-6612-0A8F-6AD5A5803200" vid_target="3BA27C0C-8888-6612-0A8F-6AD5A5803200">
<hideElementsInCurrentOnly>false</hideElementsInCurrentOnly>
<backgroundColor>-16777216</backgroundColor>
<lineWidth>1</lineWidth>
<points>
<point x="1482" y="489"/>
<point x="1482" y="476"/>
<point x="1482" y="528"/>
<point x="1359" y="528"/>
<point x="1359" y="553"/>
</points>
</Connector>
<Connector class="oracle.dbtools.crest.swingui.relational.TVFKRelation" oid="43B1ADE3-54CE-FDCA-18E1-5B8B3EA7B809" otype="FKIndexAssociation" vid_source="6525CB32-445E-2C83-62FD-2047B4C90B5F" vid_target="350C7910-2F6A-C689-EC3B-A062C4EA25E4">
<hideElementsInCurrentOnly>false</hideElementsInCurrentOnly>
<backgroundColor>-16777216</backgroundColor>
<lineWidth>1</lineWidth>
<points>
<point x="483" y="624"/>
<point x="1197" y="624"/>
</points>
</Connector>
<Connector class="oracle.dbtools.crest.swingui.relational.TVFKRelation" oid="4F1BF261-7915-5140-BD5B-3B90784E5313" otype="FKIndexAssociation" vid_source="CE03DE3C-D062-BC25-4255-AE03A005D56A" vid_target="350C7910-2F6A-C689-EC3B-A062C4EA25E4">
<hideElementsInCurrentOnly>false</hideElementsInCurrentOnly>
<backgroundColor>-16777216</backgroundColor>
<lineWidth>1</lineWidth>
<points>
<point x="1740" y="581"/>
<point x="1740" y="595"/>
</points>
</Connector>
<Connector class="oracle.dbtools.crest.swingui.relational.TVFKRelation" oid="5B1F659B-A780-56B7-5DC7-8AFCA7CCD045" otype="FKIndexAssociation" vid_source="FEB54637-048E-06E1-12E7-884CCA3C9F99" vid_target="BDC6994F-FFD4-A3BE-5CEA-A85B437FE257">
<hideElementsInCurrentOnly>false</hideElementsInCurrentOnly>
<backgroundColor>-16777216</backgroundColor>
<lineWidth>1</lineWidth>
<points>
<point x="302" y="80"/>
<point x="302" y="120"/>
</points>
</Connector>
<Connector class="oracle.dbtools.crest.swingui.relational.TVFKRelation" oid="65635483-27E8-9803-5685-538E0106BCB6" otype="FKIndexAssociation" vid_source="6525CB32-445E-2C83-62FD-2047B4C90B5F" vid_target="ECE572DF-ED0A-BA25-6633-75F2AE330A5F">
<hideElementsInCurrentOnly>false</hideElementsInCurrentOnly>
<backgroundColor>-16777216</backgroundColor>
<lineWidth>1</lineWidth>
<points>
<point x="483" y="530"/>
<point x="594" y="530"/>
</points>
</Connector>
<Connector class="oracle.dbtools.crest.swingui.relational.TVFKRelation" oid="69E8899F-1EDE-17B0-4C48-91AB1892C73E" otype="FKIndexAssociation" vid_source="3BA27C0C-8888-6612-0A8F-6AD5A5803200" vid_target="ECE572DF-ED0A-BA25-6633-75F2AE330A5F">
<hideElementsInCurrentOnly>false</hideElementsInCurrentOnly>
<backgroundColor>-16777216</backgroundColor>
<lineWidth>1</lineWidth>
<points>
<point x="1220" y="491"/>
<point x="1183" y="491"/>
</points>
</Connector>
<Connector class="oracle.dbtools.crest.swingui.relational.TVFKRelation" oid="6E066DA0-5663-33A8-217F-C7D0637098E5" otype="FKIndexAssociation" vid_source="BDC6994F-FFD4-A3BE-5CEA-A85B437FE257" vid_target="4808F4A8-6C89-15DF-BF68-B7C1C5DD8013">
<hideElementsInCurrentOnly>false</hideElementsInCurrentOnly>
<backgroundColor>-16777216</backgroundColor>
<lineWidth>1</lineWidth>
<points>
<point x="305" y="228"/>
<point x="305" y="263"/>
</points>
</Connector>
<Connector class="oracle.dbtools.crest.swingui.relational.TVFKRelation" oid="6EB436AA-F798-9B0D-94C9-A5B22186A5BA" otype="FKIndexAssociation" vid_source="4808F4A8-6C89-15DF-BF68-B7C1C5DD8013" vid_target="CA20A832-63EA-0A99-953C-5E0770501C7B">
<hideElementsInCurrentOnly>false</hideElementsInCurrentOnly>
<backgroundColor>-16777216</backgroundColor>
<lineWidth>1</lineWidth>
<points>
<point x="499" y="344"/>
<point x="659" y="344"/>
</points>
</Connector>
<Connector class="oracle.dbtools.crest.swingui.relational.TVFKRelation" oid="789B47B4-1D16-2D7F-A234-8B2229A72331" otype="FKIndexAssociation" vid_source="3BA27C0C-8888-6612-0A8F-6AD5A5803200" vid_target="CA20A832-63EA-0A99-953C-5E0770501C7B">
<hideElementsInCurrentOnly>false</hideElementsInCurrentOnly>
<backgroundColor>-16777216</backgroundColor>
<lineWidth>1</lineWidth>
<points>
<point x="1220" y="362"/>
<point x="928" y="362"/>
</points>
</Connector>
<Connector class="oracle.dbtools.crest.swingui.relational.TVFKRelation" oid="7BBBC19F-48C8-619C-CA17-F4A256C7C6E4" otype="FKIndexAssociation" vid_source="BA9D54FF-4328-BE0D-CC33-0EA3E0620967" vid_target="17E3E133-35E9-A165-D871-6D74BE3145D1">
<hideElementsInCurrentOnly>false</hideElementsInCurrentOnly>
<backgroundColor>-16777216</backgroundColor>
<lineWidth>1</lineWidth>
<points>
<point x="1263" y="104"/>
<point x="1263" y="141"/>
</points>
</Connector>
<Connector class="oracle.dbtools.crest.swingui.relational.TVFKRelation" oid="7EAFE17B-6B0F-EE52-D3BB-6DDA9B9DED22" otype="FKIndexAssociation" vid_source="4808F4A8-6C89-15DF-BF68-B7C1C5DD8013" vid_target="6525CB32-445E-2C83-62FD-2047B4C90B5F">
<hideElementsInCurrentOnly>false</hideElementsInCurrentOnly>
<backgroundColor>-16777216</backgroundColor>
<lineWidth>1</lineWidth>
<points>
<point x="288" y="399"/>
<point x="288" y="453"/>
</points>
</Connector>
<Connector class="oracle.dbtools.crest.swingui.relational.TVFKRelation" oid="83CF21C7-5E39-15FD-03C1-DE23AC24D776" otype="FKIndexAssociation" vid_source="3BA27C0C-8888-6612-0A8F-6AD5A5803200" vid_target="1387AC4F-5DD7-42A4-0DB3-475A00EEEA3C">
<hideElementsInCurrentOnly>false</hideElementsInCurrentOnly>
<backgroundColor>-16777216</backgroundColor>
<lineWidth>1</lineWidth>
<points>
<point x="1457" y="313"/>
<point x="1457" y="277"/>
</points>
</Connector>
<Connector class="oracle.dbtools.crest.swingui.relational.TVFKRelation" oid="9BF772C8-A0DC-5B96-6357-1790EAF82D43" otype="FKIndexAssociation" vid_source="BA9D54FF-4328-BE0D-CC33-0EA3E0620967" vid_target="1387AC4F-5DD7-42A4-0DB3-475A00EEEA3C">
<hideElementsInCurrentOnly>false</hideElementsInCurrentOnly>
<backgroundColor>-16777216</backgroundColor>
<lineWidth>1</lineWidth>
<points>
<point x="1422" y="104"/>
<point x="1422" y="127"/>
</points>
</Connector>
<Connector class="oracle.dbtools.crest.swingui.relational.TVFKRelation" oid="B8539DC7-1F14-0C48-A557-5576C5B45B83" otype="FKIndexAssociation" vid_source="91397F8F-725F-0DAE-F545-AD7604AE8F6E" vid_target="3BA27C0C-8888-6612-0A8F-6AD5A5803200">
<hideElementsInCurrentOnly>false</hideElementsInCurrentOnly>
<backgroundColor>-16777216</backgroundColor>
<lineWidth>1</lineWidth>
<points>
<point x="1663" y="341"/>
<point x="1518" y="341"/>
</points>
</Connector>
<Connector class="oracle.dbtools.crest.swingui.relational.TVFKRelation" oid="BC787A8F-A58A-8075-A37A-375BF9500478" otype="FKIndexAssociation" vid_source="3BA27C0C-8888-6612-0A8F-6AD5A5803200" vid_target="350C7910-2F6A-C689-EC3B-A062C4EA25E4">
<hideElementsInCurrentOnly>false</hideElementsInCurrentOnly>
<backgroundColor>-16777216</backgroundColor>
<lineWidth>1</lineWidth>
<points>
<point x="1384" y="553"/>
<point x="1384" y="595"/>
</points>
</Connector>
<Connector class="oracle.dbtools.crest.swingui.relational.TVFKRelation" oid="C63DA1D1-3B9B-4BA2-3D16-B0CC4EA93B5F" otype="FKIndexAssociation" vid_source="0F14A7CA-1467-AA6E-48C3-B798C052B36F" vid_target="3BA27C0C-8888-6612-0A8F-6AD5A5803200">
<hideElementsInCurrentOnly>false</hideElementsInCurrentOnly>
<backgroundColor>-16777216</backgroundColor>
<lineWidth>1</lineWidth>
<points>
<point x="1662" y="427"/>
<point x="1518" y="427"/>
</points>
</Connector>
<Connector class="oracle.dbtools.crest.swingui.relational.TVFKRelation" oid="ED312D85-4819-7E37-7880-622C59FEA69C" otype="FKIndexAssociation" vid_source="334BD9DC-43FD-0906-4139-CB411B3BA6CF" vid_target="6525CB32-445E-2C83-62FD-2047B4C90B5F">
<hideElementsInCurrentOnly>false</hideElementsInCurrentOnly>
<backgroundColor>-16777216</backgroundColor>
<lineWidth>1</lineWidth>
<points>
<point x="289" y="713"/>
<point x="289" y="653"/>
</points>
</Connector>
</connectors>
<arcs>
<Arc class="oracle.dbtools.crest.swingui.relational.TVFKArc" oid="866C6987-35A0-0D00-5EEC-95CFEB32E408" otype="FKArc" vid="956F96B0-D420-E9AC-A895-E168EAB971DA">
<hideElementsInCurrentOnly>false</hideElementsInCurrentOnly>
<bounds x="1200" y="293" width="338" height="280"/>
</Arc>
</arcs>
</Diagram>