<?xml version = '1.0' encoding = 'UTF-8'?>
<Relation class="oracle.dbtools.crest.model.design.logical.Relation" name="Relation_11" directorySegmentName="seg_0" id="0B66C630-58F7-E3C5-A448-1A78534862CB">
<createdBy>Darklight</createdBy>
<createdTime>2025-09-11 04:25:59 UTC</createdTime>
<ownerDesignName>Exp2_S5_Benjamin_Ruiz</ownerDesignName>
<engineerTo>
<item key="2BAFFC25-4113-A07D-7FD2-1CD9E452AE18" value="true"/>
</engineerTo>
<sourcePk>879B594A-8623-461A-7AB3-FA3B4D2BBFC5</sourcePk>
<identifying>false</identifying>
<nameOnSource>realiza</nameOnSource>
<nameOnTarget>es realizada</nameOnTarget>
<optionalSource>false</optionalSource>
<optionalTarget>true</optionalTarget>
<sourceCardinality>1</sourceCardinality>
<sourceEntity>94FCA12D-7484-56ED-0FD4-D50372A7315B</sourceEntity>
<targetCardinalityString>*</targetCardinalityString>
<targetEntity>EC897F7E-DE8A-737A-3969-64F8EBD170DD</targetEntity>
<transferable>true</transferable>
<deleteRule>NO ACTION</deleteRule>
</Relation>