<?xml version = '1.0' encoding = 'UTF-8'?>
<Relation class="oracle.dbtools.crest.model.design.logical.Relation" name="Relation_15" directorySegmentName="seg_0" id="2308C4B8-1CAD-795A-E054-F0B9B11685B6">
<createdBy>Darklight</createdBy>
<createdTime>2025-09-11 04:55:32 UTC</createdTime>
<ownerDesignName>Exp2_S5_Benjamin_Ruiz</ownerDesignName>
<engineerTo>
<item key="2BAFFC25-4113-A07D-7FD2-1CD9E452AE18" value="true"/>
</engineerTo>
<sourcePk>9BE42BFA-DCBD-F63D-A73F-089F2B75D044</sourcePk>
<identifying>false</identifying>
<nameOnSource>tiene</nameOnSource>
<nameOnTarget>tiene</nameOnTarget>
<optionalSource>true</optionalSource>
<optionalTarget>false</optionalTarget>
<sourceCardinality>1</sourceCardinality>
<sourceEntity>05E108B4-A719-8469-6E7D-5C66EAAE1F13</sourceEntity>
<targetCardinalityString>*</targetCardinalityString>
<targetEntity>83CDCA33-69E5-A2E8-688C-B99487D677D2</targetEntity>
<transferable>true</transferable>
<deleteRule>NO ACTION</deleteRule>
</Relation>