<?xml version = '1.0' encoding = 'UTF-8'?>
<Relation class="oracle.dbtools.crest.model.design.logical.Relation" name="Relation_22" directorySegmentName="seg_0" id="36CE4B9A-9AC1-F80E-15B2-0980CBBE3AB9">
<createdBy>Darklight</createdBy>
<createdTime>2025-09-11 19:26:44 UTC</createdTime>
<ownerDesignName>Exp2_S5_Benjamin_Ruiz</ownerDesignName>
<engineerTo>
<item key="2BAFFC25-4113-A07D-7FD2-1CD9E452AE18" value="true"/>
</engineerTo>
<sourcePk>09EA03BD-C1C7-B54B-CB40-B743BC0B61E8</sourcePk>
<identifying>false</identifying>
<nameOnSource>contiene</nameOnSource>
<nameOnTarget>parte de</nameOnTarget>
<optionalSource>true</optionalSource>
<optionalTarget>false</optionalTarget>
<sourceCardinality>1</sourceCardinality>
<sourceEntity>66808175-FB78-4F82-8C4F-586ED8D1E49A</sourceEntity>
<targetCardinalityString>*</targetCardinalityString>
<targetEntity>9AB06F73-7A37-7C80-9955-1EE6815FA8AF</targetEntity>
<transferable>true</transferable>
<deleteRule>NO ACTION</deleteRule>
</Relation>