<?xml version = '1.0' encoding = 'UTF-8'?>
<Relation class="oracle.dbtools.crest.model.design.logical.Relation" name="Relation_21" directorySegmentName="seg_0" id="52820F9F-91D1-F5F9-9A24-089648DFB719">
<createdBy>Darklight</createdBy>
<createdTime>2025-09-11 05:09:23 UTC</createdTime>
<ownerDesignName>Exp2_S5_Benjamin_Ruiz</ownerDesignName>
<engineerTo>
<item key="2BAFFC25-4113-A07D-7FD2-1CD9E452AE18" value="true"/>
</engineerTo>
<sourcePk>C630853D-6A63-3708-4B3E-AC4346446418</sourcePk>
<identifying>false</identifying>
<optionalSource>true</optionalSource>
<optionalTarget>false</optionalTarget>
<sourceCardinality>1</sourceCardinality>
<sourceEntity>83CDCA33-69E5-A2E8-688C-B99487D677D2</sourceEntity>
<targetCardinalityString>*</targetCardinalityString>
<targetEntity>47D9B09D-8AA2-9388-4463-F615E9163C85</targetEntity>
<transferable>true</transferable>
<deleteRule>NO ACTION</deleteRule>
</Relation>