<?xml version = '1.0' encoding = 'UTF-8'?>
<Relation class="oracle.dbtools.crest.model.design.logical.Relation" name="Relation_16" directorySegmentName="seg_0" id="558683F3-6965-590A-1866-DBD86664433F">
<createdBy>Darklight</createdBy>
<createdTime>2025-09-11 04:56:18 UTC</createdTime>
<ownerDesignName>Exp2_S5_Benjamin_Ruiz</ownerDesignName>
<engineerTo>
<item key="2BAFFC25-4113-A07D-7FD2-1CD9E452AE18" value="true"/>
</engineerTo>
<sourcePk>EAAC2C66-DEE0-1559-3310-CCD541CA79A6</sourcePk>
<identifying>false</identifying>
<nameOnSource>tiene</nameOnSource>
<nameOnTarget>tiene</nameOnTarget>
<optionalSource>true</optionalSource>
<optionalTarget>false</optionalTarget>
<sourceCardinality>1</sourceCardinality>
<sourceEntity>FE2C77B5-EFB5-12DF-6E86-8B618FF0ECE5</sourceEntity>
<targetCardinalityString>*</targetCardinalityString>
<targetEntity>83CDCA33-69E5-A2E8-688C-B99487D677D2</targetEntity>
<transferable>true</transferable>
<deleteRule>NO ACTION</deleteRule>
</Relation>