<?xml version = '1.0' encoding = 'UTF-8'?>
<Relation class="oracle.dbtools.crest.model.design.logical.Relation" name="Relation_9" directorySegmentName="seg_0" id="7726469C-CA37-1B36-EA82-250298D23CB4">
<createdBy>Darklight</createdBy>
<createdTime>2025-09-11 04:19:44 UTC</createdTime>
<ownerDesignName>Exp2_S5_Benjamin_Ruiz</ownerDesignName>
<engineerTo>
<item key="2BAFFC25-4113-A07D-7FD2-1CD9E452AE18" value="true"/>
</engineerTo>
<sourcePk>B0617FBB-2DCF-33BD-B2FE-98FC397CEBB7</sourcePk>
<identifying>false</identifying>
<nameOnSource>aloja a</nameOnSource>
<nameOnTarget>vive en</nameOnTarget>
<optionalSource>true</optionalSource>
<optionalTarget>false</optionalTarget>
<sourceCardinality>1</sourceCardinality>
<sourceEntity>9AB06F73-7A37-7C80-9955-1EE6815FA8AF</sourceEntity>
<targetCardinalityString>1</targetCardinalityString>
<targetEntity>E86403A7-B675-35EE-9777-ACC8B1E24AAD</targetEntity>
<transferable>true</transferable>
<deleteRule>NO ACTION</deleteRule>
</Relation>