<?xml version = '1.0' encoding = 'UTF-8'?>
<Relation class="oracle.dbtools.crest.model.design.logical.Relation" name="Relation_18" directorySegmentName="seg_0" id="84FFD1AB-9A7D-1AFE-1AD2-C11B94EA20A7">
<createdBy>Darklight</createdBy>
<createdTime>2025-09-11 04:59:18 UTC</createdTime>
<ownerDesignName>Exp2_S5_Benjamin_Ruiz</ownerDesignName>
<engineerTo>
<item key="2BAFFC25-4113-A07D-7FD2-1CD9E452AE18" value="true"/>
</engineerTo>
<sourcePk>44041785-4B2E-BF15-A4A3-DBF2FFAC441E</sourcePk>
<identifying>false</identifying>
<nameOnSource>paga</nameOnSource>
<nameOnTarget>es pagada</nameOnTarget>
<optionalSource>true</optionalSource>
<optionalTarget>false</optionalTarget>
<sourceCardinality>1</sourceCardinality>
<sourceEntity>DF6B9B8F-8D0D-2E94-1D60-7F0B7CE62507</sourceEntity>
<targetCardinalityString>*</targetCardinalityString>
<targetEntity>47D9B09D-8AA2-9388-4463-F615E9163C85</targetEntity>
<transferable>true</transferable>
<deleteRule>NO ACTION</deleteRule>
<attributes itemClass="oracle.dbtools.crest.model.design.logical.Attribute">
<attribute name="monto_pagado" id="98C77FDF-5548-73DE-C77C-7C99B4010AB8">
<createdBy>Darklight</createdBy>
<createdTime>2025-09-11 05:12:28 UTC</createdTime>
<ownerDesignName>Exp2_S5_Benjamin_Ruiz</ownerDesignName>
<engineerTo>
<item key="2BAFFC25-4113-A07D-7FD2-1CD9E452AE18" value="true"/>
</engineerTo>
<useDomainConstraints>false</useDomainConstraints>
<use>1</use>
<logicalDatatype>LOGDT011</logicalDatatype>
<ownDataTypeParameters>,,</ownDataTypeParameters>
</attribute>
</attributes>
</Relation>