<?xml version = '1.0' encoding = 'UTF-8'?>
<Relation class="oracle.dbtools.crest.model.design.logical.Relation" name="Relation_6" directorySegmentName="seg_0" id="8BDD2DF1-251F-E57F-1DC1-19492E346593">
<createdBy>Darklight</createdBy>
<createdTime>2025-09-11 04:08:47 UTC</createdTime>
<ownerDesignName>Exp2_S5_Benjamin_Ruiz</ownerDesignName>
<engineerTo>
<item key="2BAFFC25-4113-A07D-7FD2-1CD9E452AE18" value="true"/>
</engineerTo>
<sourcePk>879B594A-8623-461A-7AB3-FA3B4D2BBFC5</sourcePk>
<identifying>false</identifying>
<nameOnSource>es realizada</nameOnSource>
<nameOnTarget>realiza</nameOnTarget>
<optionalSource>false</optionalSource>
<optionalTarget>true</optionalTarget>
<sourceCardinality>1</sourceCardinality>
<sourceEntity>94FCA12D-7484-56ED-0FD4-D50372A7315B</sourceEntity>
<targetCardinalityString>*</targetCardinalityString>
<targetEntity>83CDCA33-69E5-A2E8-688C-B99487D677D2</targetEntity>
<transferable>true</transferable>
<deleteRule>NO ACTION</deleteRule>
</Relation>