<?xml version = '1.0' encoding = 'UTF-8'?>
<Relation class="oracle.dbtools.crest.model.design.logical.Relation" name="Relation_17" directorySegmentName="seg_0" id="A1FA4D34-6F2D-8932-9C9C-2C9424FAEBD3">
<createdBy>Darklight</createdBy>
<createdTime>2025-09-11 04:57:21 UTC</createdTime>
<ownerDesignName>Exp2_S5_Benjamin_Ruiz</ownerDesignName>
<engineerTo>
<item key="2BAFFC25-4113-A07D-7FD2-1CD9E452AE18" value="true"/>
</engineerTo>
<sourcePk>F7284793-FF2E-542F-5F36-654FD760AE47</sourcePk>
<identifying>false</identifying>
<nameOnSource>tiene</nameOnSource>
<nameOnTarget>tiene</nameOnTarget>
<optionalSource>true</optionalSource>
<optionalTarget>false</optionalTarget>
<sourceCardinality>1</sourceCardinality>
<sourceEntity>748950D1-FDD7-8110-5ED0-1670ADD1DAF6</sourceEntity>
<targetCardinalityString>*</targetCardinalityString>
<targetEntity>83CDCA33-69E5-A2E8-688C-B99487D677D2</targetEntity>
<transferable>true</transferable>
<deleteRule>NO ACTION</deleteRule>
</Relation>