<?xml version = '1.0' encoding = 'UTF-8'?>
<Relation class="oracle.dbtools.crest.model.design.logical.Relation" name="Relation_1" directorySegmentName="seg_0" id="B6D5BBC2-84B3-86AC-6BED-556FE3B56D61">
<createdBy>Darklight</createdBy>
<createdTime>2025-09-11 03:35:52 UTC</createdTime>
<ownerDesignName>Exp2_S5_Benjamin_Ruiz</ownerDesignName>
<engineerTo>
<item key="2BAFFC25-4113-A07D-7FD2-1CD9E452AE18" value="true"/>
</engineerTo>
<targetPk>C630853D-6A63-3708-4B3E-AC4346446418</targetPk>
<identifying>false</identifying>
<nameOnSource>supervisa</nameOnSource>
<nameOnTarget>es supervisado</nameOnTarget>
<optionalSource>true</optionalSource>
<optionalTarget>false</optionalTarget>
<sourceCardinality>1</sourceCardinality>
<sourceEntity>83CDCA33-69E5-A2E8-688C-B99487D677D2</sourceEntity>
<targetCardinalityString>*</targetCardinalityString>
<targetEntity>83CDCA33-69E5-A2E8-688C-B99487D677D2</targetEntity>
<transferable>true</transferable>
<deleteRule>NO ACTION</deleteRule>
</Relation>