<?xml version = '1.0' encoding = 'UTF-8'?>
<Relation class="oracle.dbtools.crest.model.design.logical.Relation" name="Relation_20" directorySegmentName="seg_0" id="B966D155-B1BD-8618-C9D8-C84912B0D2B3">
<createdBy>Darklight</createdBy>
<createdTime>2025-09-11 05:08:50 UTC</createdTime>
<ownerDesignName>Exp2_S5_Benjamin_Ruiz</ownerDesignName>
<engineerTo>
<item key="2BAFFC25-4113-A07D-7FD2-1CD9E452AE18" value="true"/>
</engineerTo>
<sourcePk>7CBD6DFA-E2E5-EB75-1A72-24982D1387E6</sourcePk>
<targetPk>699D7F5A-8DE7-9533-F537-32D27CAEB23D</targetPk>
<identifying>false</identifying>
<optionalSource>false</optionalSource>
<optionalTarget>true</optionalTarget>
<sourceCardinality>1</sourceCardinality>
<sourceEntity>47D9B09D-8AA2-9388-4463-F615E9163C85</sourceEntity>
<targetCardinalityString>1</targetCardinalityString>
<targetEntity>EEF91EE6-13B5-34ED-635D-41CDA6515C44</targetEntity>
<transferable>true</transferable>
<deleteRule>NO ACTION</deleteRule>
</Relation>