<?xml version = '1.0' encoding = 'UTF-8'?>
<Relation class="oracle.dbtools.crest.model.design.logical.Relation" name="Relation_5" directorySegmentName="seg_0" id="CA77B001-0372-A56F-0E7D-CA6D3C482298">
<createdBy>Darklight</createdBy>
<createdTime>2025-09-11 04:07:45 UTC</createdTime>
<ownerDesignName>Exp2_S5_Benjamin_Ruiz</ownerDesignName>
<engineerTo>
<item key="2BAFFC25-4113-A07D-7FD2-1CD9E452AE18" value="true"/>
</engineerTo>
<sourcePk>FDF14477-91AB-C148-7CCF-FB792093C3AB</sourcePk>
<targetPk>4DED7754-A53C-E9CD-F17E-74783351B06B</targetPk>
<identifying>false</identifying>
<nameOnSource>es un</nameOnSource>
<nameOnTarget>es un</nameOnTarget>
<optionalSource>false</optionalSource>
<optionalTarget>true</optionalTarget>
<sourceCardinality>1</sourceCardinality>
<sourceEntity>E86403A7-B675-35EE-9777-ACC8B1E24AAD</sourceEntity>
<targetCardinalityString>1</targetCardinalityString>
<targetEntity>1ACCC512-8B05-A76A-E14C-94F4C9AB9943</targetEntity>
<transferable>true</transferable>
<deleteRule>NO ACTION</deleteRule>
</Relation>