<?xml version = '1.0' encoding = 'UTF-8'?>
<Relation class="oracle.dbtools.crest.model.design.logical.Relation" name="Relation_2" directorySegmentName="seg_0" id="EAC7EF71-EA78-26A7-5F0E-E21F3E2FE5BA">
<createdBy>Darklight</createdBy>
<createdTime>2025-09-11 04:05:11 UTC</createdTime>
<ownerDesignName>Exp2_S5_Benjamin_Ruiz</ownerDesignName>
<engineerTo>
<item key="2BAFFC25-4113-A07D-7FD2-1CD9E452AE18" value="true"/>
</engineerTo>
<sourcePk>879B594A-8623-461A-7AB3-FA3B4D2BBFC5</sourcePk>
<targetPk>9F6D61A9-C268-59B3-50AB-94CF5B5A7615</targetPk>
<identifying>false</identifying>
<nameOnSource>realiza</nameOnSource>
<nameOnTarget>es realizada</nameOnTarget>
<optionalSource>false</optionalSource>
<optionalTarget>true</optionalTarget>
<sourceCardinality>1</sourceCardinality>
<sourceEntity>94FCA12D-7484-56ED-0FD4-D50372A7315B</sourceEntity>
<targetCardinalityString>1</targetCardinalityString>
<targetEntity>2ED77BB6-3D07-9AD6-BCA1-0ED2E1113FBD</targetEntity>
<transferable>true</transferable>
<deleteRule>NO ACTION</deleteRule>
</Relation>