<?xml version = '1.0' encoding = 'UTF-8'?>
<Relation class="oracle.dbtools.crest.model.design.logical.Relation" name="Relation_7" directorySegmentName="seg_0" id="EF226F1F-1A86-7D91-76AA-C8FC29C6666C">
<createdBy>Darklight</createdBy>
<createdTime>2025-09-11 04:12:46 UTC</createdTime>
<ownerDesignName>Exp2_S5_Benjamin_Ruiz</ownerDesignName>
<engineerTo>
<item key="2BAFFC25-4113-A07D-7FD2-1CD9E452AE18" value="true"/>
</engineerTo>
<sourcePk>FDF14477-91AB-C148-7CCF-FB792093C3AB</sourcePk>
<identifying>false</identifying>
<nameOnSource>solicita</nameOnSource>
<nameOnTarget>realiza</nameOnTarget>
<optionalSource>true</optionalSource>
<optionalTarget>false</optionalTarget>
<sourceCardinality>1</sourceCardinality>
<sourceEntity>E86403A7-B675-35EE-9777-ACC8B1E24AAD</sourceEntity>
<targetCardinalityString>*</targetCardinalityString>
<targetEntity>47D9B09D-8AA2-9388-4463-F615E9163C85</targetEntity>
<transferable>true</transferable>
<deleteRule>NO ACTION</deleteRule>
<attributes itemClass="oracle.dbtools.crest.model.design.logical.Attribute">
<attribute name="fecha_atencion" id="D1E88EA9-68FC-1C7C-D842-434B4D573243">
<createdBy>Darklight</createdBy>
<createdTime>2025-09-11 05:13:00 UTC</createdTime>
<ownerDesignName>Exp2_S5_Benjamin_Ruiz</ownerDesignName>
<engineerTo>
<item key="2BAFFC25-4113-A07D-7FD2-1CD9E452AE18" value="true"/>
</engineerTo>
<useDomainConstraints>false</useDomainConstraints>
<use>1</use>
<logicalDatatype>LOGDT007</logicalDatatype>
<ownDataTypeParameters>,,</ownDataTypeParameters>
</attribute>
</attributes>
</Relation>