<?xml version = '1.0' encoding = 'UTF-8'?>
<InheritanceRelation class="oracle.dbtools.crest.model.design.logical.InheritanceRelation" name="Hierarchy_7" directorySegmentName="seg_0" id="B848A5D2-F119-1451-E357-7560428C49F5">
<createdBy>Darklight</createdBy>
<createdTime>2025-09-06 06:23:05 UTC</createdTime>
<ownerDesignName>Exp2_S4_Grupo22</ownerDesignName>
<engineerTo>
<item key="8425D1A2-55C5-C21F-94D6-5C4A3F40FAC8" value="true"/>
</engineerTo>
<identifying>false</identifying>
<nameOnSource>Super Type</nameOnSource>
<nameOnTarget>Sub Type</nameOnTarget>
<optionalSource>true</optionalSource>
<optionalTarget>true</optionalTarget>
<sourceEntity>BB1C52EB-83A9-7B2D-D11D-544216DED0A3</sourceEntity>
<targetEntity>0CC33E2C-AA1C-2A70-AC49-7D92314476FE</targetEntity>
<transferable>true</transferable>
<deleteRule>NO ACTION</deleteRule>
</InheritanceRelation>