<?xml version = '1.0' encoding = 'UTF-8'?>
<InheritanceRelation class="oracle.dbtools.crest.model.design.logical.InheritanceRelation" name="Hierarchy_6" directorySegmentName="seg_0" id="DE856A14-1BFB-F58D-C37C-473EDB825206">
<createdBy>Darklight</createdBy>
<createdTime>2025-09-06 06:23:02 UTC</createdTime>
<ownerDesignName>Exp2_S4_Grupo22</ownerDesignName>
<engineerTo>
<item key="8425D1A2-55C5-C21F-94D6-5C4A3F40FAC8" value="true"/>
</engineerTo>
<identifying>false</identifying>
<nameOnSource>Super Type</nameOnSource>
<nameOnTarget>Sub Type</nameOnTarget>
<optionalSource>true</optionalSource>
<optionalTarget>true</optionalTarget>
<sourceEntity>BB1C52EB-83A9-7B2D-D11D-544216DED0A3</sourceEntity>
<targetEntity>A6724B16-F25B-8A91-E6EE-1371DDEC9458</targetEntity>
<transferable>true</transferable>
<deleteRule>NO ACTION</deleteRule>
</InheritanceRelation>