<?xml version = '1.0' encoding = 'UTF-8'?>
<Diagram class="oracle.dbtools.crest.swingui.relational.DPVRelational" name="Relational_1" id="3A5F8F54-F06B-E2BE-6112-73A8CD06F121">
<createdBy>Darklight</createdBy>
<modifiedBy>Darklight</modifiedBy>
<createdTime>2025-09-11 04:08:04 UTC</createdTime>
<autoRoute>false</autoRoute>
<boxInbox>true</boxInbox>
<showLegend>false</showLegend>
<showLabels>false</showLabels>
<showRelAttributes>false</showRelAttributes>
<gridEnabled>false</gridEnabled>
<showGrid>false</showGrid>
<diagramColor>-1</diagramColor>
<display>false</display>
<notation>1</notation>
<objectViews>
<OView class="oracle.dbtools.crest.swingui.relational.TVTable" oid="0CD98306-3093-55E0-226F-B58535BE472C" otype="Table" vid="9A82CCDB-0A9B-386F-2941-722250218191">
<hideElementsInCurrentOnly>false</hideElementsInCurrentOnly>
<bounds x="825" y="555" width="275" height="128"/>
</OView>
<OView class="oracle.dbtools.crest.swingui.relational.TVTable" oid="15C8399A-8892-E0AA-D962-CCB37B1534AA" otype="Table" vid="EEFB8113-D958-5BD5-C9AF-5E3715FB4B9D">
<hideElementsInCurrentOnly>false</hideElementsInCurrentOnly>
<bounds x="16" y="571" width="223" height="74"/>
</OView>
<OView class="oracle.dbtools.crest.swingui.relational.TVTable" oid="20053F09-9D8E-D96E-AFB6-850DC06ACD5D" otype="Table" vid="FDB1B370-5F2E-4E54-6BAD-7B083849C29D">
<hideElementsInCurrentOnly>false</hideElementsInCurrentOnly>
<bounds x="1172" y="32" width="238" height="88"/>
</OView>
<OView class="oracle.dbtools.crest.swingui.relational.TVTable" oid="24FFCFCD-AED0-86E4-416F-9438991328FD" otype="Table" vid="00CEC8F9-D1DF-138C-45E5-5044D52E7CC3">
<hideElementsInCurrentOnly>false</hideElementsInCurrentOnly>
<bounds x="786" y="187" width="271" height="240"/>
</OView>
<OView class="oracle.dbtools.crest.swingui.relational.TVTable" oid="36A1C4CC-23D4-2070-E5B3-66C6026A341F" otype="Table" vid="33B9040D-B1C2-F374-4862-9014BE227F30">
<hideElementsInCurrentOnly>false</hideElementsInCurrentOnly>
<bounds x="301" y="208" width="373" height="226"/>
</OView>
<OView class="oracle.dbtools.crest.swingui.relational.TVTable" oid="4D5C1B0A-4314-EF20-AB25-FEDED2D5E7F9" otype="Table" vid="03384B55-442C-6D16-437F-891B9E730EC3">
<hideElementsInCurrentOnly>false</hideElementsInCurrentOnly>
<bounds x="11" y="482" width="251" height="74"/>
</OView>
<OView class="oracle.dbtools.crest.swingui.relational.TVTable" oid="5828FEF3-DEC5-A129-AE2E-49CEA60735CF" otype="Table" vid="2403F8C3-4303-38FE-1698-8DBD07982894">
<hideElementsInCurrentOnly>false</hideElementsInCurrentOnly>
<bounds x="1191" y="272" width="224" height="74"/>
</OView>
<OView class="oracle.dbtools.crest.swingui.relational.TVTable" oid="78831EB1-9B04-DB4C-6445-F631ACC62733" otype="Table" vid="8F932340-C8A2-AC62-E22C-556D3340AA48">
<hideElementsInCurrentOnly>false</hideElementsInCurrentOnly>
<bounds x="411" y="59" width="214" height="74"/>
</OView>
<OView class="oracle.dbtools.crest.swingui.relational.TVTable" oid="8D2F6AC8-9ADF-6166-804C-551B9BFCF608" otype="Table" vid="BCDC7D68-2430-6261-B340-EC15CCD8D21D">
<hideElementsInCurrentOnly>false</hideElementsInCurrentOnly>
<bounds x="803" y="14" width="257" height="122"/>
</OView>
<OView class="oracle.dbtools.crest.swingui.relational.TVTable" oid="B5D75C45-3670-C375-101F-C8F2AE9766C0" otype="Table" vid="68EF7EE7-CC03-A35B-9871-919E4877E08F">
<hideElementsInCurrentOnly>false</hideElementsInCurrentOnly>
<bounds x="14" y="657" width="257" height="74"/>
</OView>
<OView class="oracle.dbtools.crest.swingui.relational.TVTable" oid="C1BEBFA1-405C-9A9C-27F1-520B18D3D9B1" otype="Table" vid="E6C012F4-4D6B-72EE-DE1D-F082AC0BCDCD">
<hideElementsInCurrentOnly>false</hideElementsInCurrentOnly>
<bounds x="1191" y="604" width="318" height="108"/>
</OView>
<OView class="oracle.dbtools.crest.swingui.relational.TVTable" oid="CC01A4F8-44D3-A954-19BB-959105392E98" otype="Table" vid="9AF045EC-32AE-A2AE-C0ED-59083CF89907">
<hideElementsInCurrentOnly>false</hideElementsInCurrentOnly>
<bounds x="1190" y="516" width="227" height="74"/>
</OView>
<OView class="oracle.dbtools.crest.swingui.relational.TVTable" oid="D6EE083C-F9AF-7FB9-6392-4F3B6000C951" otype="Table" vid="9B47427F-FD5B-2744-D15B-2415AFA03F01">
<hideElementsInCurrentOnly>false</hideElementsInCurrentOnly>
<bounds x="375" y="498" width="308" height="234"/>
</OView>
<OView class="oracle.dbtools.crest.swingui.relational.TVTable" oid="E06E7AC3-745E-342B-A427-918BF4C964D6" otype="Table" vid="C437A605-A0A3-7CD3-1D90-020E896BDBDA">
<hideElementsInCurrentOnly>false</hideElementsInCurrentOnly>
<bounds x="0" y="286" width="247" height="74"/>
</OView>
</objectViews>
<connectors>
<Connector class="oracle.dbtools.crest.swingui.relational.TVFKRelation" oid="02D4BF89-421C-009E-18CD-40138E9B5E18" otype="FKIndexAssociation" vid_source="BCDC7D68-2430-6261-B340-EC15CCD8D21D" vid_target="00CEC8F9-D1DF-138C-45E5-5044D52E7CC3">
<hideElementsInCurrentOnly>false</hideElementsInCurrentOnly>
<backgroundColor>-16777216</backgroundColor>
<lineWidth>1</lineWidth>
<points>
<point x="930" y="136"/>
<point x="930" y="187"/>
</points>
</Connector>
<Connector class="oracle.dbtools.crest.swingui.relational.TVFKRelation" oid="201AC8FE-DA23-3D2A-2A19-0E7B6D69E407" otype="FKIndexAssociation" vid_source="9AF045EC-32AE-A2AE-C0ED-59083CF89907" vid_target="9A82CCDB-0A9B-386F-2941-722250218191">
<hideElementsInCurrentOnly>false</hideElementsInCurrentOnly>
<backgroundColor>-16777216</backgroundColor>
<lineWidth>1</lineWidth>
<points>
<point x="1190" y="572"/>
<point x="1100" y="572"/>
</points>
</Connector>
<Connector class="oracle.dbtools.crest.swingui.relational.TVFKRelation" oid="58D42482-E757-7820-9941-63110E1DDB28" otype="FKIndexAssociation" vid_source="EEFB8113-D958-5BD5-C9AF-5E3715FB4B9D" vid_target="9B47427F-FD5B-2744-D15B-2415AFA03F01">
<hideElementsInCurrentOnly>false</hideElementsInCurrentOnly>
<backgroundColor>-16777216</backgroundColor>
<lineWidth>1</lineWidth>
<points>
<point x="239" y="608"/>
<point x="375" y="608"/>
</points>
</Connector>
<Connector class="oracle.dbtools.crest.swingui.relational.TVFKRelation" oid="65747FEA-704C-16B8-DCA9-966768754637" otype="FKIndexAssociation" vid_source="8F932340-C8A2-AC62-E22C-556D3340AA48" vid_target="33B9040D-B1C2-F374-4862-9014BE227F30">
<hideElementsInCurrentOnly>false</hideElementsInCurrentOnly>
<backgroundColor>-16777216</backgroundColor>
<lineWidth>1</lineWidth>
<points>
<point x="518" y="133"/>
<point x="518" y="208"/>
</points>
</Connector>
<Connector class="oracle.dbtools.crest.swingui.relational.TVFKRelation" oid="8CB8E836-B3E1-6DD0-36DC-771065A7CE99" otype="FKIndexAssociation" vid_source="FDB1B370-5F2E-4E54-6BAD-7B083849C29D" vid_target="BCDC7D68-2430-6261-B340-EC15CCD8D21D">
<hideElementsInCurrentOnly>false</hideElementsInCurrentOnly>
<backgroundColor>-16777216</backgroundColor>
<lineWidth>1</lineWidth>
<points>
<point x="1172" y="69"/>
<point x="1060" y="69"/>
</points>
</Connector>
<Connector class="oracle.dbtools.crest.swingui.relational.TVFKRelation" oid="926E1868-F66B-8D36-B810-C487E911E451" otype="FKIndexAssociation" vid_source="00CEC8F9-D1DF-138C-45E5-5044D52E7CC3" vid_target="33B9040D-B1C2-F374-4862-9014BE227F30">
<hideElementsInCurrentOnly>false</hideElementsInCurrentOnly>
<backgroundColor>-16777216</backgroundColor>
<lineWidth>1</lineWidth>
<points>
<point x="786" y="317"/>
<point x="674" y="317"/>
</points>
</Connector>
<Connector class="oracle.dbtools.crest.swingui.relational.TVFKRelation" oid="9835F1B6-4FFE-9DE7-CFBC-8CA4BD9059D6" otype="FKIndexAssociation" vid_source="9B47427F-FD5B-2744-D15B-2415AFA03F01" vid_target="33B9040D-B1C2-F374-4862-9014BE227F30">
<hideElementsInCurrentOnly>false</hideElementsInCurrentOnly>
<backgroundColor>-16777216</backgroundColor>
<lineWidth>1</lineWidth>
<points>
<point x="524" y="498"/>
<point x="524" y="434"/>
</points>
</Connector>
<Connector class="oracle.dbtools.crest.swingui.relational.TVFKRelation" oid="A99348F8-6E40-6592-3739-99F4254DF1B6" otype="FKIndexAssociation" vid_source="68EF7EE7-CC03-A35B-9871-919E4877E08F" vid_target="9B47427F-FD5B-2744-D15B-2415AFA03F01">
<hideElementsInCurrentOnly>false</hideElementsInCurrentOnly>
<backgroundColor>-16777216</backgroundColor>
<lineWidth>1</lineWidth>
<points>
<point x="271" y="694"/>
<point x="375" y="694"/>
</points>
</Connector>
<Connector class="oracle.dbtools.crest.swingui.relational.TVFKRelation" oid="C415127B-9091-37E7-8D8D-4FD389D877D1" otype="FKIndexAssociation" vid_source="2403F8C3-4303-38FE-1698-8DBD07982894" vid_target="00CEC8F9-D1DF-138C-45E5-5044D52E7CC3">
<hideElementsInCurrentOnly>false</hideElementsInCurrentOnly>
<backgroundColor>-16777216</backgroundColor>
<lineWidth>1</lineWidth>
<points>
<point x="1191" y="309"/>
<point x="1057" y="309"/>
</points>
</Connector>
<Connector class="oracle.dbtools.crest.swingui.relational.TVFKRelation" oid="C89B9EA3-281C-EE67-8AED-C96375F56B0E" otype="FKIndexAssociation" vid_source="03384B55-442C-6D16-437F-891B9E730EC3" vid_target="9B47427F-FD5B-2744-D15B-2415AFA03F01">
<hideElementsInCurrentOnly>false</hideElementsInCurrentOnly>
<backgroundColor>-16777216</backgroundColor>
<lineWidth>1</lineWidth>
<points>
<point x="262" y="542"/>
<point x="375" y="542"/>
</points>
</Connector>
<Connector class="oracle.dbtools.crest.swingui.relational.TVFKRelation" oid="CA78416B-D626-6974-2E2D-1C30D0D8D2CD" otype="FKIndexAssociation" vid_source="9B47427F-FD5B-2744-D15B-2415AFA03F01" vid_target="9B47427F-FD5B-2744-D15B-2415AFA03F01">
<hideElementsInCurrentOnly>false</hideElementsInCurrentOnly>
<backgroundColor>-16777216</backgroundColor>
<lineWidth>1</lineWidth>
<points>
<point x="683" y="635"/>
<point x="733" y="635"/>
<point x="733" y="782"/>
<point x="556" y="782"/>
<point x="556" y="732"/>
</points>
</Connector>
<Connector class="oracle.dbtools.crest.swingui.relational.TVFKRelation" oid="D32E98F2-71D7-28E9-B2BA-144A56D3AF39" otype="FKIndexAssociation" vid_source="9A82CCDB-0A9B-386F-2941-722250218191" vid_target="9B47427F-FD5B-2744-D15B-2415AFA03F01">
<hideElementsInCurrentOnly>false</hideElementsInCurrentOnly>
<backgroundColor>-16777216</backgroundColor>
<lineWidth>1</lineWidth>
<points>
<point x="851" y="607"/>
<point x="851" y="610"/>
<point x="683" y="610"/>
</points>
</Connector>
<Connector class="oracle.dbtools.crest.swingui.relational.TVFKRelation" oid="DD9C24EA-F92C-A80A-461F-DEEFBB43C402" otype="FKIndexAssociation" vid_source="C437A605-A0A3-7CD3-1D90-020E896BDBDA" vid_target="33B9040D-B1C2-F374-4862-9014BE227F30">
<hideElementsInCurrentOnly>false</hideElementsInCurrentOnly>
<backgroundColor>-16777216</backgroundColor>
<lineWidth>1</lineWidth>
<points>
<point x="247" y="323"/>
<point x="301" y="323"/>
</points>
</Connector>
<Connector class="oracle.dbtools.crest.swingui.relational.TVFKRelation" oid="F938F280-47BA-B1B0-895A-7D6D7D0ACF03" otype="FKIndexAssociation" vid_source="9A82CCDB-0A9B-386F-2941-722250218191" vid_target="E6C012F4-4D6B-72EE-DE1D-F082AC0BCDCD">
<hideElementsInCurrentOnly>false</hideElementsInCurrentOnly>
<backgroundColor>-16777216</backgroundColor>
<lineWidth>1</lineWidth>
<points>
<point x="1100" y="643"/>
<point x="1191" y="643"/>
</points>
</Connector>
</connectors>
</Diagram>