<?xml version = '1.0' encoding = 'UTF-8'?>
<InheritanceRelation class="oracle.dbtools.crest.model.design.logical.InheritanceRelation" name="Hierarchy_2" directorySegmentName="seg_0" id="BA32B2EC-2C16-17E3-DF90-B414BBC45BCC">
<createdBy>Darklight</createdBy>
<createdTime>2025-10-07 18:24:27 UTC</createdTime>
<ownerDesignName>EFT_S9_Benjamin_Ruiz</ownerDesignName>
<engineerTo>
<item key="1EAC2871-1830-C482-60AE-4C795ECEFF0E" value="true"/>
</engineerTo>
<identifying>false</identifying>
<nameOnSource>Super Type</nameOnSource>
<nameOnTarget>Sub Type</nameOnTarget>
<optionalSource>true</optionalSource>
<optionalTarget>true</optionalTarget>
<sourceEntity>5C525A6F-8E98-26C9-820A-D517B78908F6</sourceEntity>
<targetEntity>EE100704-1EB5-CC61-B0C5-D469F1730787</targetEntity>
<transferable>true</transferable>
<deleteRule>NO ACTION</deleteRule>
</InheritanceRelation>