<?xml version = '1.0' encoding = 'UTF-8'?>
<Arc class="oracle.dbtools.crest.model.design.logical.Arc" directorySegmentName="seg_0" id="253C0FF4-251D-F2BC-BCC3-6840E7777C37" name="Arc_4">
<createdBy>Darklight</createdBy>
<createdTime>2025-08-30 00:51:01 UTC</createdTime>
<ownerDesignName>Exp1_S3_Grupo22</ownerDesignName>
<engineerTo>
<item key="7C5BFE72-54B9-220C-DFDA-15DE8505C630" value="true"/>
</engineerTo>
<entity>D1E87827-47F4-E0D9-D417-246A97D57532</entity>
<relations>
<relationID>8AF6DABD-A04B-9152-48F2-331AAD4E12F4</relationID>
<relationID>D2452B46-7E26-5CEA-431D-C4D8608BE805</relationID>
</relations>
</Arc>