<?xml version = '1.0' encoding = 'UTF-8'?>
<Arc class="oracle.dbtools.crest.model.design.logical.Arc" directorySegmentName="seg_0" id="49DE1E82-4F6F-2E69-0FA4-074AB6673983" name="Arc_1">
<createdBy>Darklight</createdBy>
<createdTime>2025-08-30 00:21:30 UTC</createdTime>
<ownerDesignName>Exp1_S3_Grupo22</ownerDesignName>
<engineerTo>
<item key="7C5BFE72-54B9-220C-DFDA-15DE8505C630" value="true"/>
</engineerTo>
<entity>53CED498-8C4B-1021-2CA0-BAD5694A3F54</entity>
<relations>
<relationID>22FA2851-D721-C031-FFBD-C50D23BF60B0</relationID>
<relationID>E1ED2614-A614-5164-1DA7-7DBC649F368D</relationID>
</relations>
</Arc>