<?xml version = '1.0' encoding = 'UTF-8'?>
<Arc class="oracle.dbtools.crest.model.design.logical.Arc" directorySegmentName="seg_0" id="9E8ADD83-0C99-06AC-633E-BB750A50812C" name="Arc_3">
<createdBy>Darklight</createdBy>
<createdTime>2025-08-30 00:58:17 UTC</createdTime>
<ownerDesignName>Exp1_S3_Grupo22</ownerDesignName>
<engineerTo>
<item key="7C5BFE72-54B9-220C-DFDA-15DE8505C630" value="true"/>
</engineerTo>
<entity>DDF73B0D-7019-71D6-2841-BF1FA00EF9EA</entity>
<relations>
<relationID>A6C45627-77A4-AA1B-B4EE-3485DD3ECF0B</relationID>
<relationID>A56A5173-DF83-2561-E898-C119CB73302F</relationID>
</relations>
</Arc>