<?xml version = '1.0' encoding = 'UTF-8'?>
<Entity class="oracle.dbtools.crest.model.design.logical.Entity" directorySegmentName="seg_0" id="6E0DAAA2-3573-ED5A-A424-B87EBB67D5F5" name="RESERVA">
<createdBy>Darklight</createdBy>
<createdTime>2025-08-16 03:35:53 UTC</createdTime>
<ownerDesignName>Exp1_S1_Grupo22</ownerDesignName>
<engineerTo>
<item key="F2696AEC-E3C6-4AC6-8FB5-C45110432B1D" value="true"/>
</engineerTo>
<adequatelyNormalized>NO</adequatelyNormalized>
<expectedVolumes>0</expectedVolumes>
<fwdEngineeringStrategyName>Single Table</fwdEngineeringStrategyName>
<growthPercent>0</growthPercent>
<growthType>Year</growthType>
<maxVolumes>9999999</maxVolumes>
<minVolumes>0</minVolumes>
<normalForm>Third</normalForm>
<attributes itemClass="oracle.dbtools.crest.model.design.logical.Attribute">
<Attribute name="n_reserva" id="8080DC0F-D080-8D07-6ACA-6C242B363F51">
<createdBy>Darklight</createdBy>
<createdTime>2025-08-16 03:35:58 UTC</createdTime>
<ownerDesignName>Exp1_S1_Grupo22</ownerDesignName>
<engineerTo>
<item key="F2696AEC-E3C6-4AC6-8FB5-C45110432B1D" value="true"/>
</engineerTo>
<useDomainConstraints>false</useDomainConstraints>
<use>1</use>
<logicalDatatype>LOGDT019</logicalDatatype>
<dataTypePrecision>20</dataTypePrecision>
<ownDataTypeParameters>,20,</ownDataTypeParameters>
</Attribute>
<Attribute name="fecha_reserva" id="7B76ECB2-DE99-45FE-5492-EE763A89C51D">
<createdBy>Darklight</createdBy>
<createdTime>2025-08-16 03:36:23 UTC</createdTime>
<ownerDesignName>Exp1_S1_Grupo22</ownerDesignName>
<engineerTo>
<item key="F2696AEC-E3C6-4AC6-8FB5-C45110432B1D" value="true"/>
</engineerTo>
<useDomainConstraints>false</useDomainConstraints>
<use>1</use>
<logicalDatatype>LOGDT007</logicalDatatype>
<ownDataTypeParameters>,,</ownDataTypeParameters>
</Attribute>
<Attribute name="fecha_viaje" id="CBDDFCD6-94E8-4D58-A5AE-8E062AEEDF53">
<createdBy>Darklight</createdBy>
<createdTime>2025-08-16 03:36:39 UTC</createdTime>
<ownerDesignName>Exp1_S1_Grupo22</ownerDesignName>
<engineerTo>
<item key="F2696AEC-E3C6-4AC6-8FB5-C45110432B1D" value="true"/>
</engineerTo>
<useDomainConstraints>false</useDomainConstraints>
<use>1</use>
<logicalDatatype>LOGDT007</logicalDatatype>
<ownDataTypeParameters>,,</ownDataTypeParameters>
</Attribute>
<Attribute name="estado" id="03299756-D29A-8633-77FA-3B6700764D76">
<createdBy>Darklight</createdBy>
<createdTime>2025-08-16 03:38:41 UTC</createdTime>
<ownerDesignName>Exp1_S1_Grupo22</ownerDesignName>
<engineerTo>
<item key="F2696AEC-E3C6-4AC6-8FB5-C45110432B1D" value="true"/>
</engineerTo>
<nullsAllowed>true</nullsAllowed>
<useDomainConstraints>false</useDomainConstraints>
<use>1</use>
<logicalDatatype>LOGDT006</logicalDatatype>
<dataTypeSize>1</dataTypeSize>
<ownDataTypeParameters>1,,</ownDataTypeParameters>
</Attribute>
</attributes>
<identifiers itemClass="oracle.dbtools.crest.model.design.logical.CandidateKey">
<identifier id="0EB99D33-AB16-E025-C005-3D3FD5D5FDF5" name="RESERVA PK">
<createdBy>Darklight</createdBy>
<createdTime>2025-08-16 03:36:22 UTC</createdTime>
<ownerDesignName>Exp1_S1_Grupo22</ownerDesignName>
<engineerTo>
<item key="F2696AEC-E3C6-4AC6-8FB5-C45110432B1D" value="true"/>
</engineerTo>
<pk>true</pk>
<usedAttributes>
<attributeRef>8080DC0F-D080-8D07-6ACA-6C242B363F51</attributeRef>
</usedAttributes>
</identifier>
</identifiers>
</Entity>