<?xml version = '1.0' encoding = 'UTF-8'?>
<Entity class="oracle.dbtools.crest.model.design.logical.Entity" directorySegmentName="seg_0" id="7346FE4E-BF82-1E93-BE73-0B9B481778BA" name="EMPLEADO">
<createdBy>Darklight</createdBy>
<createdTime>2025-08-16 03:22:32 UTC</createdTime>
<ownerDesignName>Exp1_S1_Grupo22</ownerDesignName>
<engineerTo>
<item key="F2696AEC-E3C6-4AC6-8FB5-C45110432B1D" value="true"/>
</engineerTo>
<adequatelyNormalized>NO</adequatelyNormalized>
<expectedVolumes>0</expectedVolumes>
<fwdEngineeringStrategyName>Single Table</fwdEngineeringStrategyName>
<growthPercent>0</growthPercent>
<growthType>Year</growthType>
<maxVolumes>9999999</maxVolumes>
<minVolumes>0</minVolumes>
<normalForm>Third</normalForm>
<attributes itemClass="oracle.dbtools.crest.model.design.logical.Attribute">
<Attribute name="rut" id="CB38A29B-ED85-E21B-89A4-661EFEE304C4">
<createdBy>Darklight</createdBy>
<createdTime>2025-08-16 03:22:44 UTC</createdTime>
<ownerDesignName>Exp1_S1_Grupo22</ownerDesignName>
<engineerTo>
<item key="F2696AEC-E3C6-4AC6-8FB5-C45110432B1D" value="true"/>
</engineerTo>
<useDomainConstraints>false</useDomainConstraints>
<use>1</use>
<logicalDatatype>LOGDT019</logicalDatatype>
<dataTypePrecision>10</dataTypePrecision>
<ownDataTypeParameters>,10,</ownDataTypeParameters>
</Attribute>
<Attribute name="nombre" id="B969E10D-AFD1-E4B6-B033-52CD3AC010C7">
<createdBy>Darklight</createdBy>
<createdTime>2025-08-16 03:28:23 UTC</createdTime>
<ownerDesignName>Exp1_S1_Grupo22</ownerDesignName>
<engineerTo>
<item key="F2696AEC-E3C6-4AC6-8FB5-C45110432B1D" value="true"/>
</engineerTo>
<useDomainConstraints>false</useDomainConstraints>
<use>1</use>
<logicalDatatype>LOGDT024</logicalDatatype>
<dataTypeSize>50 BYTE</dataTypeSize>
<ownDataTypeParameters>50 BYTE,,</ownDataTypeParameters>
</Attribute>
<Attribute name="direccion" id="F31D7D74-250E-D17C-B85F-23392A160AA0">
<createdBy>Darklight</createdBy>
<createdTime>2025-08-16 03:28:50 UTC</createdTime>
<ownerDesignName>Exp1_S1_Grupo22</ownerDesignName>
<engineerTo>
<item key="F2696AEC-E3C6-4AC6-8FB5-C45110432B1D" value="true"/>
</engineerTo>
<useDomainConstraints>false</useDomainConstraints>
<use>1</use>
<logicalDatatype>LOGDT024</logicalDatatype>
<dataTypeSize>50 BYTE</dataTypeSize>
<ownDataTypeParameters>50 BYTE,,</ownDataTypeParameters>
</Attribute>
<Attribute name="sueldo_base" id="A7502DA0-63EE-E8BF-8449-4B6ADAA46BB4">
<createdBy>Darklight</createdBy>
<createdTime>2025-08-16 03:29:23 UTC</createdTime>
<ownerDesignName>Exp1_S1_Grupo22</ownerDesignName>
<engineerTo>
<item key="F2696AEC-E3C6-4AC6-8FB5-C45110432B1D" value="true"/>
</engineerTo>
<useDomainConstraints>false</useDomainConstraints>
<use>1</use>
<logicalDatatype>LOGDT019</logicalDatatype>
<dataTypePrecision>10</dataTypePrecision>
<ownDataTypeParameters>,10,</ownDataTypeParameters>
</Attribute>
<Attribute name="fecha_ingreso" id="F7B34E1B-C52D-DAF3-A01E-70583CDAF0C3">
<createdBy>Darklight</createdBy>
<createdTime>2025-08-16 03:30:09 UTC</createdTime>
<ownerDesignName>Exp1_S1_Grupo22</ownerDesignName>
<engineerTo>
<item key="F2696AEC-E3C6-4AC6-8FB5-C45110432B1D" value="true"/>
</engineerTo>
<useDomainConstraints>false</useDomainConstraints>
<use>1</use>
<logicalDatatype>LOGDT007</logicalDatatype>
<ownDataTypeParameters>,,</ownDataTypeParameters>
</Attribute>
<Attribute name="genero" id="F2BE2C20-A251-5658-6BE3-E51FCEF18BCE">
<createdBy>Darklight</createdBy>
<createdTime>2025-08-16 03:30:22 UTC</createdTime>
<ownerDesignName>Exp1_S1_Grupo22</ownerDesignName>
<engineerTo>
<item key="F2696AEC-E3C6-4AC6-8FB5-C45110432B1D" value="true"/>
</engineerTo>
<useDomainConstraints>false</useDomainConstraints>
<use>1</use>
<logicalDatatype>LOGDT019</logicalDatatype>
<dataTypePrecision>20</dataTypePrecision>
<ownDataTypeParameters>,20,</ownDataTypeParameters>
</Attribute>
<Attribute name="telefono" id="66FC72AD-A57E-D5F0-63DD-05606693C681">
<createdBy>Darklight</createdBy>
<createdTime>2025-08-16 03:30:43 UTC</createdTime>
<ownerDesignName>Exp1_S1_Grupo22</ownerDesignName>
<engineerTo>
<item key="F2696AEC-E3C6-4AC6-8FB5-C45110432B1D" value="true"/>
</engineerTo>
<nullsAllowed>true</nullsAllowed>
<useDomainConstraints>false</useDomainConstraints>
<use>1</use>
<logicalDatatype>LOGDT019</logicalDatatype>
<dataTypePrecision>20</dataTypePrecision>
<ownDataTypeParameters>,20,</ownDataTypeParameters>
</Attribute>
</attributes>
<identifiers itemClass="oracle.dbtools.crest.model.design.logical.CandidateKey">
<identifier id="3661CEC1-1158-5C1A-D35B-92362234EF87" name="EMPLEADO PK">
<createdBy>Darklight</createdBy>
<createdTime>2025-08-16 03:28:02 UTC</createdTime>
<ownerDesignName>Exp1_S1_Grupo22</ownerDesignName>
<engineerTo>
<item key="F2696AEC-E3C6-4AC6-8FB5-C45110432B1D" value="true"/>
</engineerTo>
<pk>true</pk>
<usedAttributes>
<attributeRef>CB38A29B-ED85-E21B-89A4-661EFEE304C4</attributeRef>
</usedAttributes>
</identifier>
</identifiers>
</Entity>