<?xml version = '1.0' encoding = 'UTF-8'?>
<Entity class="oracle.dbtools.crest.model.design.logical.Entity" directorySegmentName="seg_0" id="E781D0E2-4D34-3C06-01DB-4F4298C2856E" name="PASAJERO">
<createdBy>Darklight</createdBy>
<createdTime>2025-08-16 03:00:53 UTC</createdTime>
<ownerDesignName>Exp1_S1_Grupo22</ownerDesignName>
<engineerTo>
<item key="F2696AEC-E3C6-4AC6-8FB5-C45110432B1D" value="true"/>
</engineerTo>
<adequatelyNormalized>NO</adequatelyNormalized>
<expectedVolumes>0</expectedVolumes>
<fwdEngineeringStrategyName>Single Table</fwdEngineeringStrategyName>
<growthPercent>0</growthPercent>
<growthType>Year</growthType>
<maxVolumes>9999999</maxVolumes>
<minVolumes>0</minVolumes>
<normalForm>Third</normalForm>
<attributes itemClass="oracle.dbtools.crest.model.design.logical.Attribute">
<Attribute name="n_pasaporte" id="B4227FA6-365E-F3D1-613B-9E9D5C6B5BA1">
<createdBy>Darklight</createdBy>
<createdTime>2025-08-16 03:01:09 UTC</createdTime>
<ownerDesignName>Exp1_S1_Grupo22</ownerDesignName>
<engineerTo>
<item key="F2696AEC-E3C6-4AC6-8FB5-C45110432B1D" value="true"/>
</engineerTo>
<useDomainConstraints>false</useDomainConstraints>
<use>1</use>
<logicalDatatype>LOGDT019</logicalDatatype>
<dataTypePrecision>20</dataTypePrecision>
<ownDataTypeParameters>,20,</ownDataTypeParameters>
</Attribute>
<Attribute name="nombre" id="7682F448-8399-C3A7-3B90-EFDB96A50B19">
<createdBy>Darklight</createdBy>
<createdTime>2025-08-16 03:01:30 UTC</createdTime>
<ownerDesignName>Exp1_S1_Grupo22</ownerDesignName>
<engineerTo>
<item key="F2696AEC-E3C6-4AC6-8FB5-C45110432B1D" value="true"/>
</engineerTo>
<useDomainConstraints>false</useDomainConstraints>
<use>1</use>
<logicalDatatype>LOGDT024</logicalDatatype>
<dataTypeSize>50 BYTE</dataTypeSize>
<ownDataTypeParameters>50 BYTE,,</ownDataTypeParameters>
</Attribute>
<Attribute name="fecha_nacimiento" id="80BF6DA6-6478-91D4-8109-607E54540957">
<createdBy>Darklight</createdBy>
<createdTime>2025-08-16 03:17:34 UTC</createdTime>
<ownerDesignName>Exp1_S1_Grupo22</ownerDesignName>
<engineerTo>
<item key="F2696AEC-E3C6-4AC6-8FB5-C45110432B1D" value="true"/>
</engineerTo>
<useDomainConstraints>false</useDomainConstraints>
<use>1</use>
<logicalDatatype>LOGDT007</logicalDatatype>
<ownDataTypeParameters>,,</ownDataTypeParameters>
</Attribute>
<Attribute name="id_nacionalidad" id="0F5B9C15-5666-2D81-334F-E934C5E95147">
<createdBy>Darklight</createdBy>
<createdTime>2025-08-16 03:17:50 UTC</createdTime>
<ownerDesignName>Exp1_S1_Grupo22</ownerDesignName>
<engineerTo>
<item key="F2696AEC-E3C6-4AC6-8FB5-C45110432B1D" value="true"/>
</engineerTo>
<useDomainConstraints>false</useDomainConstraints>
<use>1</use>
<logicalDatatype>LOGDT019</logicalDatatype>
<dataTypePrecision>10</dataTypePrecision>
<ownDataTypeParameters>,10,</ownDataTypeParameters>
</Attribute>
<Attribute name="telefono" id="70A6E886-14FD-0F9E-D304-81614EBD5BC2">
<createdBy>Darklight</createdBy>
<createdTime>2025-08-16 03:18:19 UTC</createdTime>
<ownerDesignName>Exp1_S1_Grupo22</ownerDesignName>
<engineerTo>
<item key="F2696AEC-E3C6-4AC6-8FB5-C45110432B1D" value="true"/>
</engineerTo>
<nullsAllowed>true</nullsAllowed>
<useDomainConstraints>false</useDomainConstraints>
<use>1</use>
<logicalDatatype>LOGDT019</logicalDatatype>
<dataTypePrecision>20</dataTypePrecision>
<ownDataTypeParameters>,20,</ownDataTypeParameters>
</Attribute>
</attributes>
<identifiers itemClass="oracle.dbtools.crest.model.design.logical.CandidateKey">
<identifier id="AB2B9373-3F18-7675-6B7B-50E679159822" name="PASAJERO PK">
<createdBy>Darklight</createdBy>
<createdTime>2025-08-16 03:01:27 UTC</createdTime>
<ownerDesignName>Exp1_S1_Grupo22</ownerDesignName>
<engineerTo>
<item key="F2696AEC-E3C6-4AC6-8FB5-C45110432B1D" value="true"/>
</engineerTo>
<pk>true</pk>
<usedAttributes>
<attributeRef>B4227FA6-365E-F3D1-613B-9E9D5C6B5BA1</attributeRef>
</usedAttributes>
</identifier>
</identifiers>
</Entity>