<?xml version = '1.0' encoding = 'UTF-8'?>
<Entity class="oracle.dbtools.crest.model.design.logical.Entity" directorySegmentName="seg_0" id="EE0631A3-7294-CEB4-B349-356C5B580865" name="VUELO">
<createdBy>Darklight</createdBy>
<createdTime>2025-08-16 03:19:31 UTC</createdTime>
<ownerDesignName>Exp1_S1_Grupo22</ownerDesignName>
<engineerTo>
<item key="F2696AEC-E3C6-4AC6-8FB5-C45110432B1D" value="true"/>
</engineerTo>
<adequatelyNormalized>NO</adequatelyNormalized>
<expectedVolumes>0</expectedVolumes>
<fwdEngineeringStrategyName>Single Table</fwdEngineeringStrategyName>
<growthPercent>0</growthPercent>
<growthType>Year</growthType>
<maxVolumes>9999999</maxVolumes>
<minVolumes>0</minVolumes>
<normalForm>Third</normalForm>
<attributes itemClass="oracle.dbtools.crest.model.design.logical.Attribute">
<Attribute name="id_vuelo" id="C2FBAF7D-CB61-D21E-90E5-AC4150D2F4C8">
<createdBy>Darklight</createdBy>
<createdTime>2025-08-16 03:20:57 UTC</createdTime>
<ownerDesignName>Exp1_S1_Grupo22</ownerDesignName>
<engineerTo>
<item key="F2696AEC-E3C6-4AC6-8FB5-C45110432B1D" value="true"/>
</engineerTo>
<useDomainConstraints>false</useDomainConstraints>
<use>1</use>
<logicalDatatype>LOGDT019</logicalDatatype>
<dataTypePrecision>20</dataTypePrecision>
<ownDataTypeParameters>,20,</ownDataTypeParameters>
</Attribute>
<Attribute name="fecha_despegue" id="DB484C9E-6B1F-D5BC-9AED-C163FFE1712E">
<createdBy>Darklight</createdBy>
<createdTime>2025-08-16 03:19:42 UTC</createdTime>
<ownerDesignName>Exp1_S1_Grupo22</ownerDesignName>
<engineerTo>
<item key="F2696AEC-E3C6-4AC6-8FB5-C45110432B1D" value="true"/>
</engineerTo>
<useDomainConstraints>false</useDomainConstraints>
<use>1</use>
<logicalDatatype>LOGDT007</logicalDatatype>
<ownDataTypeParameters>,,</ownDataTypeParameters>
</Attribute>
<Attribute name="fecha_llegada" id="9E4FB5ED-040B-8090-DF24-CE03280F04E3">
<createdBy>Darklight</createdBy>
<createdTime>2025-08-16 03:20:44 UTC</createdTime>
<ownerDesignName>Exp1_S1_Grupo22</ownerDesignName>
<engineerTo>
<item key="F2696AEC-E3C6-4AC6-8FB5-C45110432B1D" value="true"/>
</engineerTo>
<useDomainConstraints>false</useDomainConstraints>
<use>1</use>
<logicalDatatype>LOGDT007</logicalDatatype>
<ownDataTypeParameters>,,</ownDataTypeParameters>
</Attribute>
<Attribute name="hora_salida" id="F016128E-88B3-E493-E9C8-AE57D651DDFC">
<createdBy>Darklight</createdBy>
<createdTime>2025-08-16 03:21:15 UTC</createdTime>
<ownerDesignName>Exp1_S1_Grupo22</ownerDesignName>
<engineerTo>
<item key="F2696AEC-E3C6-4AC6-8FB5-C45110432B1D" value="true"/>
</engineerTo>
<nullsAllowed>true</nullsAllowed>
<useDomainConstraints>false</useDomainConstraints>
<use>1</use>
<logicalDatatype>LOGDT008</logicalDatatype>
<ownDataTypeParameters>,,</ownDataTypeParameters>
</Attribute>
</attributes>
<identifiers itemClass="oracle.dbtools.crest.model.design.logical.CandidateKey">
<identifier id="91C3C317-4D8A-B5DF-D0A0-83D3A2A9DF4E" name="VUELO PK">
<createdBy>Darklight</createdBy>
<createdTime>2025-08-16 03:21:08 UTC</createdTime>
<ownerDesignName>Exp1_S1_Grupo22</ownerDesignName>
<engineerTo>
<item key="F2696AEC-E3C6-4AC6-8FB5-C45110432B1D" value="true"/>
</engineerTo>
<pk>true</pk>
<usedAttributes>
<attributeRef>C2FBAF7D-CB61-D21E-90E5-AC4150D2F4C8</attributeRef>
</usedAttributes>
</identifier>
</identifiers>
</Entity>