<?xml version = '1.0' encoding = 'UTF-8'?>
<InheritanceRelation class="oracle.dbtools.crest.model.design.logical.InheritanceRelation" name="Hierarchy_6" directorySegmentName="seg_0" id="A56A5173-DF83-2561-E898-C119CB73302F">
<createdBy>Darklight</createdBy>
<createdTime>2025-08-30 00:57:56 UTC</createdTime>
<ownerDesignName>Exp1_S3_Grupo22</ownerDesignName>
<engineerTo>
<item key="7C5BFE72-54B9-220C-DFDA-15DE8505C630" value="true"/>
</engineerTo>
<arc>9E8ADD83-0C99-06AC-633E-BB750A50812C</arc>
<identifying>false</identifying>
<nameOnSource>Super Type</nameOnSource>
<nameOnTarget>Sub Type</nameOnTarget>
<optionalSource>true</optionalSource>
<optionalTarget>true</optionalTarget>
<sourceEntity>DDF73B0D-7019-71D6-2841-BF1FA00EF9EA</sourceEntity>
<targetEntity>BF833D2A-0B89-F30F-CF10-027200E60522</targetEntity>
<transferable>true</transferable>
<deleteRule>NO ACTION</deleteRule>
</InheritanceRelation>