<?xml version = '1.0' encoding = 'UTF-8'?>
<InheritanceRelation class="oracle.dbtools.crest.model.design.logical.InheritanceRelation" name="Hierarchy_3" directorySegmentName="seg_0" id="D2452B46-7E26-5CEA-431D-C4D8608BE805">
<createdBy>Darklight</createdBy>
<createdTime>2025-08-30 00:42:06 UTC</createdTime>
<ownerDesignName>Exp1_S3_Grupo22</ownerDesignName>
<engineerTo>
<item key="7C5BFE72-54B9-220C-DFDA-15DE8505C630" value="true"/>
</engineerTo>
<arc>253C0FF4-251D-F2BC-BCC3-6840E7777C37</arc>
<identifying>false</identifying>
<nameOnSource>Super Type</nameOnSource>
<nameOnTarget>Sub Type</nameOnTarget>
<optionalSource>true</optionalSource>
<optionalTarget>true</optionalTarget>
<sourceEntity>D1E87827-47F4-E0D9-D417-246A97D57532</sourceEntity>
<targetEntity>C0CB2744-8F30-BE9C-C753-2D7808579E47</targetEntity>
<transferable>true</transferable>
<deleteRule>NO ACTION</deleteRule>
</InheritanceRelation>