<?xml version = '1.0' encoding = 'UTF-8'?>
<InheritanceRelation class="oracle.dbtools.crest.model.design.logical.InheritanceRelation" name="Hierarchy_2" directorySegmentName="seg_0" id="E1ED2614-A614-5164-1DA7-7DBC649F368D">
<createdBy>Darklight</createdBy>
<createdTime>2025-08-30 00:19:47 UTC</createdTime>
<ownerDesignName>Exp1_S3_Grupo22</ownerDesignName>
<engineerTo>
<item key="7C5BFE72-54B9-220C-DFDA-15DE8505C630" value="true"/>
</engineerTo>
<arc>49DE1E82-4F6F-2E69-0FA4-074AB6673983</arc>
<identifying>false</identifying>
<nameOnSource>Super Type</nameOnSource>
<nameOnTarget>Sub Type</nameOnTarget>
<optionalSource>true</optionalSource>
<optionalTarget>true</optionalTarget>
<sourceEntity>53CED498-8C4B-1021-2CA0-BAD5694A3F54</sourceEntity>
<targetEntity>8F10F163-5499-4F5D-72A6-A1E0FEB70187</targetEntity>
<transferable>true</transferable>
<deleteRule>NO ACTION</deleteRule>
</InheritanceRelation>