<?xml version = '1.0' encoding = 'UTF-8'?>
<Entity class="oracle.dbtools.crest.model.design.logical.Entity" directorySegmentName="seg_0" id="43CD50DB-468D-A97B-4ACE-8484FB516E6E" name="ANEXO">
<createdBy>Darklight</createdBy>
<createdTime>2025-08-30 00:14:31 UTC</createdTime>
<ownerDesignName>Exp1_S3_Benjamin_Ruiz</ownerDesignName>
<engineerTo>
<item key="7C5BFE72-54B9-220C-DFDA-15DE8505C630" value="true"/>
</engineerTo>
<adequatelyNormalized>NO</adequatelyNormalized>
<expectedVolumes>0</expectedVolumes>
<fwdEngineeringStrategyName>Single Table</fwdEngineeringStrategyName>
<growthPercent>0</growthPercent>
<growthType>Year</growthType>
<maxVolumes>9999999</maxVolumes>
<minVolumes>0</minVolumes>
<normalForm>Third</normalForm>
<attributes itemClass="oracle.dbtools.crest.model.design.logical.Attribute">
<Attribute name="fecha_inicio" id="7762040B-0490-7563-A62C-DF306E6F9B77">
<createdBy>Darklight</createdBy>
<createdTime>2025-08-30 00:26:33 UTC</createdTime>
<ownerDesignName>Exp1_S3_Benjamin_Ruiz</ownerDesignName>
<engineerTo>
<item key="7C5BFE72-54B9-220C-DFDA-15DE8505C630" value="true"/>
</engineerTo>
<useDomainConstraints>false</useDomainConstraints>
<use>1</use>
<logicalDatatype>LOGDT007</logicalDatatype>
<ownDataTypeParameters>,,</ownDataTypeParameters>
</Attribute>
<Attribute name="fecha_termino" id="6C8AFA3F-613F-E65F-133E-F1983C704EDD">
<createdBy>Darklight</createdBy>
<createdTime>2025-08-30 00:26:47 UTC</createdTime>
<ownerDesignName>Exp1_S3_Benjamin_Ruiz</ownerDesignName>
<engineerTo>
<item key="7C5BFE72-54B9-220C-DFDA-15DE8505C630" value="true"/>
</engineerTo>
<nullsAllowed>true</nullsAllowed>
<useDomainConstraints>false</useDomainConstraints>
<use>1</use>
<logicalDatatype>LOGDT007</logicalDatatype>
<ownDataTypeParameters>,,</ownDataTypeParameters>
</Attribute>
<Attribute name="observaciones" id="ACC0E562-7E35-2560-C94B-72603F248406">
<createdBy>Darklight</createdBy>
<createdTime>2025-08-30 00:27:12 UTC</createdTime>
<ownerDesignName>Exp1_S3_Benjamin_Ruiz</ownerDesignName>
<engineerTo>
<item key="7C5BFE72-54B9-220C-DFDA-15DE8505C630" value="true"/>
</engineerTo>
<useDomainConstraints>false</useDomainConstraints>
<use>1</use>
<logicalDatatype>LOGDT024</logicalDatatype>
<dataTypeSize>200 CHAR</dataTypeSize>
<ownDataTypeParameters>200 CHAR,,</ownDataTypeParameters>
</Attribute>
<Attribute name="id_contrato" id="F84BB2A9-1FC1-FB6C-A733-6C9B903E220F">
<createdBy>Darklight</createdBy>
<createdTime>2025-08-30 00:31:51 UTC</createdTime>
<generatorID>DD262E57-2871-A7AD-3A49-23ABF23F8840</generatorID>
<ownerDesignName>Exp1_S3_Benjamin_Ruiz</ownerDesignName>
<engineerTo>
<item key="7C5BFE72-54B9-220C-DFDA-15DE8505C630" value="true"/>
</engineerTo>
<referedAttribute>8762157B-D9A8-B942-4826-0A91E2C242D5</referedAttribute>
<useDomainConstraints>false</useDomainConstraints>
<use>1</use>
<logicalDatatype>LOGDT011</logicalDatatype>
<ownDataTypeParameters>,,</ownDataTypeParameters>
</Attribute>
<Attribute name="rut" id="2F95B7BF-BBD3-186F-EF41-D27D9E6DB6B9">
<createdBy>Darklight</createdBy>
<createdTime>2025-08-30 00:37:59 UTC</createdTime>
<generatorID>396D4C52-D650-9C30-A114-7F34F147A11F</generatorID>
<ownerDesignName>Exp1_S3_Benjamin_Ruiz</ownerDesignName>
<engineerTo>
<item key="7C5BFE72-54B9-220C-DFDA-15DE8505C630" value="true"/>
</engineerTo>
<referedAttribute>FEE0766A-3E82-518C-C149-5361C53CE6FF</referedAttribute>
<useDomainConstraints>false</useDomainConstraints>
<use>1</use>
<logicalDatatype>LOGDT024</logicalDatatype>
<dataTypeSize>12 CHAR</dataTypeSize>
<ownDataTypeParameters>12 CHAR,,</ownDataTypeParameters>
</Attribute>
</attributes>
<identifiers itemClass="oracle.dbtools.crest.model.design.logical.CandidateKey">
<identifier id="3B9DA81E-A4E4-77EE-69A1-6E32854020C8" name="ANEXO PK">
<createdBy>Darklight</createdBy>
<createdTime>2025-08-30 00:59:20 UTC</createdTime>
<ownerDesignName>Exp1_S3_Benjamin_Ruiz</ownerDesignName>
<engineerTo>
<item key="7C5BFE72-54B9-220C-DFDA-15DE8505C630" value="true"/>
</engineerTo>
<pk>true</pk>
<usedAttributes>
<attributeRef>F84BB2A9-1FC1-FB6C-A733-6C9B903E220F</attributeRef>
</usedAttributes>
</identifier>
</identifiers>
</Entity>