<?xml version = '1.0' encoding = 'UTF-8'?>
<Entity class="oracle.dbtools.crest.model.design.logical.Entity" directorySegmentName="seg_0" id="53CED498-8C4B-1021-2CA0-BAD5694A3F54" name="RESIDENTE">
<createdBy>Darklight</createdBy>
<createdTime>2025-08-30 00:04:54 UTC</createdTime>
<ownerDesignName>Exp1_S3_Benjamin_Ruiz</ownerDesignName>
<engineerTo>
<item key="7C5BFE72-54B9-220C-DFDA-15DE8505C630" value="true"/>
</engineerTo>
<adequatelyNormalized>NO</adequatelyNormalized>
<expectedVolumes>0</expectedVolumes>
<fwdEngineeringStrategyName>Single Table</fwdEngineeringStrategyName>
<growthPercent>0</growthPercent>
<growthType>Year</growthType>
<maxVolumes>9999999</maxVolumes>
<minVolumes>0</minVolumes>
<normalForm>Third</normalForm>
<attributes itemClass="oracle.dbtools.crest.model.design.logical.Attribute">
<Attribute name="rut" id="FEE0766A-3E82-518C-C149-5361C53CE6FF">
<createdBy>Darklight</createdBy>
<createdTime>2025-08-30 00:18:11 UTC</createdTime>
<ownerDesignName>Exp1_S3_Benjamin_Ruiz</ownerDesignName>
<engineerTo>
<item key="7C5BFE72-54B9-220C-DFDA-15DE8505C630" value="true"/>
</engineerTo>
<useDomainConstraints>false</useDomainConstraints>
<use>1</use>
<logicalDatatype>LOGDT024</logicalDatatype>
<dataTypeSize>12 CHAR</dataTypeSize>
<ownDataTypeParameters>12 CHAR,,</ownDataTypeParameters>
</Attribute>
<Attribute name="nombre" id="C617E0E0-9465-3FE4-3AA3-065EB9076F27">
<createdBy>Darklight</createdBy>
<createdTime>2025-08-30 00:18:18 UTC</createdTime>
<ownerDesignName>Exp1_S3_Benjamin_Ruiz</ownerDesignName>
<engineerTo>
<item key="7C5BFE72-54B9-220C-DFDA-15DE8505C630" value="true"/>
</engineerTo>
<useDomainConstraints>false</useDomainConstraints>
<use>1</use>
<logicalDatatype>LOGDT024</logicalDatatype>
<dataTypeSize>30 CHAR</dataTypeSize>
<ownDataTypeParameters>30 CHAR,,</ownDataTypeParameters>
</Attribute>
<Attribute name="fecha_nacimiento" id="1592741E-F4E2-DA11-8D8A-380EF0BCEFCE">
<createdBy>Darklight</createdBy>
<createdTime>2025-08-30 00:18:21 UTC</createdTime>
<ownerDesignName>Exp1_S3_Benjamin_Ruiz</ownerDesignName>
<engineerTo>
<item key="7C5BFE72-54B9-220C-DFDA-15DE8505C630" value="true"/>
</engineerTo>
<useDomainConstraints>false</useDomainConstraints>
<use>1</use>
<logicalDatatype>LOGDT007</logicalDatatype>
<ownDataTypeParameters>,,</ownDataTypeParameters>
</Attribute>
<Attribute name="autonomia" id="DA35BDE5-E85F-E2FE-A3AE-39A8BC8A64E1">
<createdBy>Darklight</createdBy>
<createdTime>2025-08-30 00:18:24 UTC</createdTime>
<ownerDesignName>Exp1_S3_Benjamin_Ruiz</ownerDesignName>
<engineerTo>
<item key="7C5BFE72-54B9-220C-DFDA-15DE8505C630" value="true"/>
</engineerTo>
<useDomainConstraints>false</useDomainConstraints>
<use>1</use>
<logicalDatatype>LOGDT006</logicalDatatype>
<ownDataTypeParameters>,,</ownDataTypeParameters>
</Attribute>
<Attribute name="residencia_actual" id="A507C962-8693-A67E-5B5E-7B40A114A677">
<createdBy>Darklight</createdBy>
<createdTime>2025-08-30 00:56:33 UTC</createdTime>
<ownerDesignName>Exp1_S3_Benjamin_Ruiz</ownerDesignName>
<engineerTo>
<item key="7C5BFE72-54B9-220C-DFDA-15DE8505C630" value="true"/>
</engineerTo>
<useDomainConstraints>false</useDomainConstraints>
<use>1</use>
<logicalDatatype>LOGDT011</logicalDatatype>
<ownDataTypeParameters>,,</ownDataTypeParameters>
</Attribute>
<Attribute name="id_habitacion" id="4A265752-3E22-5F4E-8391-3791CE3D4AEF">
<createdBy>Darklight</createdBy>
<createdTime>2025-08-30 00:57:43 UTC</createdTime>
<generatorID>684C19EC-C513-C787-9B63-C08F276581DD</generatorID>
<ownerDesignName>Exp1_S3_Benjamin_Ruiz</ownerDesignName>
<engineerTo>
<item key="7C5BFE72-54B9-220C-DFDA-15DE8505C630" value="true"/>
</engineerTo>
<referedAttribute>BA8184DC-C612-295E-F735-560B1576B8FB</referedAttribute>
<useDomainConstraints>false</useDomainConstraints>
<use>1</use>
<logicalDatatype>LOGDT011</logicalDatatype>
<ownDataTypeParameters>,,</ownDataTypeParameters>
</Attribute>
<Attribute name="id_contrato" id="4A456522-585E-BEE9-8C1C-F12C08FCB99C">
<createdBy>Darklight</createdBy>
<createdTime>2025-08-30 00:59:22 UTC</createdTime>
<generatorID>396D4C52-D650-9C30-A114-7F34F147A11F</generatorID>
<ownerDesignName>Exp1_S3_Benjamin_Ruiz</ownerDesignName>
<engineerTo>
<item key="7C5BFE72-54B9-220C-DFDA-15DE8505C630" value="true"/>
</engineerTo>
<referedAttribute>F84BB2A9-1FC1-FB6C-A733-6C9B903E220F</referedAttribute>
<useDomainConstraints>false</useDomainConstraints>
<use>1</use>
<logicalDatatype>LOGDT011</logicalDatatype>
<ownDataTypeParameters>,,</ownDataTypeParameters>
</Attribute>
</attributes>
<identifiers itemClass="oracle.dbtools.crest.model.design.logical.CandidateKey">
<identifier id="0F595A23-3F3F-F9FA-6162-440855A0BD04" name="RESIDENTE PK">
<createdBy>Darklight</createdBy>
<createdTime>2025-08-30 00:22:14 UTC</createdTime>
<ownerDesignName>Exp1_S3_Benjamin_Ruiz</ownerDesignName>
<engineerTo>
<item key="7C5BFE72-54B9-220C-DFDA-15DE8505C630" value="true"/>
</engineerTo>
<pk>true</pk>
<usedAttributes>
<attributeRef>FEE0766A-3E82-518C-C149-5361C53CE6FF</attributeRef>
</usedAttributes>
</identifier>
</identifiers>
</Entity>