<?xml version = '1.0' encoding = 'UTF-8'?>
<Entity class="oracle.dbtools.crest.model.design.logical.Entity" directorySegmentName="seg_0" id="B108EE10-B193-203F-8082-1EEDEF55DB51" name="RESIDENCIA">
<createdBy>Darklight</createdBy>
<createdTime>2025-08-30 00:30:22 UTC</createdTime>
<ownerDesignName>Exp1_S3_Benjamin_Ruiz</ownerDesignName>
<engineerTo>
<item key="7C5BFE72-54B9-220C-DFDA-15DE8505C630" value="true"/>
</engineerTo>
<adequatelyNormalized>NO</adequatelyNormalized>
<expectedVolumes>0</expectedVolumes>
<fwdEngineeringStrategyName>Single Table</fwdEngineeringStrategyName>
<growthPercent>0</growthPercent>
<growthType>Year</growthType>
<maxVolumes>9999999</maxVolumes>
<minVolumes>0</minVolumes>
<normalForm>Third</normalForm>
<attributes itemClass="oracle.dbtools.crest.model.design.logical.Attribute">
<Attribute name="id_residencia" id="71FDAE9C-49CA-D0A2-1875-451FF138E3FD">
<createdBy>Darklight</createdBy>
<createdTime>2025-09-01 19:01:20 UTC</createdTime>
<ownerDesignName>Exp1_S3_Benjamin_Ruiz</ownerDesignName>
<engineerTo>
<item key="7C5BFE72-54B9-220C-DFDA-15DE8505C630" value="true"/>
</engineerTo>
<useDomainConstraints>false</useDomainConstraints>
<use>1</use>
<logicalDatatype>LOGDT011</logicalDatatype>
<ownDataTypeParameters>,,</ownDataTypeParameters>
</Attribute>
</attributes>
<identifiers itemClass="oracle.dbtools.crest.model.design.logical.CandidateKey">
<identifier id="A9D48154-97ED-1062-BFB7-D82A6F091236" name="RESIDENCIA PK">
<createdBy>Darklight</createdBy>
<createdTime>2025-09-01 19:01:28 UTC</createdTime>
<ownerDesignName>Exp1_S3_Benjamin_Ruiz</ownerDesignName>
<engineerTo>
<item key="7C5BFE72-54B9-220C-DFDA-15DE8505C630" value="true"/>
</engineerTo>
<pk>true</pk>
<usedAttributes>
<attributeRef>71FDAE9C-49CA-D0A2-1875-451FF138E3FD</attributeRef>
</usedAttributes>
</identifier>
</identifiers>
</Entity>