<?xml version = '1.0' encoding = 'UTF-8'?>
<Entity class="oracle.dbtools.crest.model.design.logical.Entity" directorySegmentName="seg_0" id="C0CB2744-8F30-BE9C-C753-2D7808579E47" name="MEDICO">
<createdBy>Darklight</createdBy>
<createdTime>2025-08-30 00:05:09 UTC</createdTime>
<ownerDesignName>Exp1_S3_Benjamin_Ruiz</ownerDesignName>
<engineerTo>
<item key="7C5BFE72-54B9-220C-DFDA-15DE8505C630" value="true"/>
</engineerTo>
<adequatelyNormalized>NO</adequatelyNormalized>
<expectedVolumes>0</expectedVolumes>
<fwdEngineeringStrategyName>Single Table</fwdEngineeringStrategyName>
<growthPercent>0</growthPercent>
<growthType>Year</growthType>
<hierarchicalParent>D1E87827-47F4-E0D9-D417-246A97D57532</hierarchicalParent>
<maxVolumes>9999999</maxVolumes>
<minVolumes>0</minVolumes>
<normalForm>Third</normalForm>
<attributes itemClass="oracle.dbtools.crest.model.design.logical.Attribute">
<Attribute name="rut" id="3987C457-C52E-97BA-FA3E-1CC0E06ACE58">
<createdBy>Darklight</createdBy>
<createdTime>2025-08-30 00:42:58 UTC</createdTime>
<generatorID>EC543AA5-2068-E246-64DB-96B9F5EE3FF5</generatorID>
<ownerDesignName>Exp1_S3_Benjamin_Ruiz</ownerDesignName>
<engineerTo>
<item key="7C5BFE72-54B9-220C-DFDA-15DE8505C630" value="true"/>
</engineerTo>
<nullsAllowed>true</nullsAllowed>
<referedAttribute>9ADF33CF-5A02-C8E5-885C-4D9F9EFF0771</referedAttribute>
<useDomainConstraints>false</useDomainConstraints>
<use>1</use>
<logicalDatatype>LOGDT024</logicalDatatype>
<dataTypeSize>12 CHAR</dataTypeSize>
<ownDataTypeParameters>12 CHAR,,</ownDataTypeParameters>
</Attribute>
<Attribute name="especialidad_medica" id="EADBACD3-3DB5-6846-8F9E-7789CA263877">
<createdBy>Darklight</createdBy>
<createdTime>2025-08-30 00:43:31 UTC</createdTime>
<ownerDesignName>Exp1_S3_Benjamin_Ruiz</ownerDesignName>
<engineerTo>
<item key="7C5BFE72-54B9-220C-DFDA-15DE8505C630" value="true"/>
</engineerTo>
<useDomainConstraints>false</useDomainConstraints>
<use>1</use>
<logicalDatatype>LOGDT024</logicalDatatype>
<dataTypeSize>50 CHAR</dataTypeSize>
<ownDataTypeParameters>50 CHAR,,</ownDataTypeParameters>
</Attribute>
</attributes>
</Entity>