<?xml version = '1.0' encoding = 'UTF-8'?>
<Entity class="oracle.dbtools.crest.model.design.logical.Entity" directorySegmentName="seg_0" id="DDF73B0D-7019-71D6-2841-BF1FA00EF9EA" name="HABITACION">
<createdBy>Darklight</createdBy>
<createdTime>2025-08-30 00:06:18 UTC</createdTime>
<ownerDesignName>Exp1_S3_Benjamin_Ruiz</ownerDesignName>
<engineerTo>
<item key="7C5BFE72-54B9-220C-DFDA-15DE8505C630" value="true"/>
</engineerTo>
<adequatelyNormalized>NO</adequatelyNormalized>
<expectedVolumes>0</expectedVolumes>
<fwdEngineeringStrategyName>Single Table</fwdEngineeringStrategyName>
<growthPercent>0</growthPercent>
<growthType>Year</growthType>
<maxVolumes>9999999</maxVolumes>
<minVolumes>0</minVolumes>
<normalForm>Third</normalForm>
<attributes itemClass="oracle.dbtools.crest.model.design.logical.Attribute">
<Attribute name="rut" id="506BE150-BB01-D665-B152-919EE8730F4B">
<createdBy>Darklight</createdBy>
<createdTime>2025-08-30 00:38:22 UTC</createdTime>
<generatorID>684C19EC-C513-C787-9B63-C08F276581DD</generatorID>
<ownerDesignName>Exp1_S3_Benjamin_Ruiz</ownerDesignName>
<engineerTo>
<item key="7C5BFE72-54B9-220C-DFDA-15DE8505C630" value="true"/>
</engineerTo>
<referedAttribute>FEE0766A-3E82-518C-C149-5361C53CE6FF</referedAttribute>
<useDomainConstraints>false</useDomainConstraints>
<use>1</use>
<logicalDatatype>LOGDT024</logicalDatatype>
<dataTypeSize>12 CHAR</dataTypeSize>
<ownDataTypeParameters>12 CHAR,,</ownDataTypeParameters>
</Attribute>
<Attribute name="id_habitacion" id="BA8184DC-C612-295E-F735-560B1576B8FB">
<createdBy>Darklight</createdBy>
<createdTime>2025-08-30 00:57:28 UTC</createdTime>
<ownerDesignName>Exp1_S3_Benjamin_Ruiz</ownerDesignName>
<engineerTo>
<item key="7C5BFE72-54B9-220C-DFDA-15DE8505C630" value="true"/>
</engineerTo>
<useDomainConstraints>false</useDomainConstraints>
<use>1</use>
<logicalDatatype>LOGDT011</logicalDatatype>
<ownDataTypeParameters>,,</ownDataTypeParameters>
</Attribute>
<Attribute name="id_residencia" id="32F08052-AF7B-0DF0-AF04-F68ADEDFC800">
<createdBy>Darklight</createdBy>
<createdTime>2025-09-01 19:01:29 UTC</createdTime>
<generatorID>FFAB24FE-407F-E2FB-CD51-FEC6D0346771</generatorID>
<ownerDesignName>Exp1_S3_Benjamin_Ruiz</ownerDesignName>
<engineerTo>
<item key="7C5BFE72-54B9-220C-DFDA-15DE8505C630" value="true"/>
</engineerTo>
<referedAttribute>71FDAE9C-49CA-D0A2-1875-451FF138E3FD</referedAttribute>
<useDomainConstraints>false</useDomainConstraints>
<use>1</use>
<logicalDatatype>LOGDT011</logicalDatatype>
<ownDataTypeParameters>,,</ownDataTypeParameters>
</Attribute>
</attributes>
<identifiers itemClass="oracle.dbtools.crest.model.design.logical.CandidateKey">
<identifier id="652781A6-7ECA-1590-F12A-EE15B55A5A92" name="HABITACION PK">
<createdBy>Darklight</createdBy>
<createdTime>2025-08-30 00:57:42 UTC</createdTime>
<ownerDesignName>Exp1_S3_Benjamin_Ruiz</ownerDesignName>
<engineerTo>
<item key="7C5BFE72-54B9-220C-DFDA-15DE8505C630" value="true"/>
</engineerTo>
<pk>true</pk>
<usedAttributes>
<attributeRef>BA8184DC-C612-295E-F735-560B1576B8FB</attributeRef>
</usedAttributes>
</identifier>
</identifiers>
</Entity>