<?xml version = '1.0' encoding = 'UTF-8'?>
<relationalModel class="oracle.dbtools.crest.model.design.relational.RelationalDesign" name="Relational_1" id="8425D1A2-55C5-C21F-94D6-5C4A3F40FAC8" mainViewID="B0312F39-5757-9C1F-5FC8-6DBAE1AB8C40">
<createdBy>Darklight</createdBy>
<createdTime>2025-09-06 05:58:18 UTC</createdTime>
<ownerDesignName>Exp2_S4_Grupo22</ownerDesignName>
<shouldBeOpen>false</shouldBeOpen>
<selectedRDBMSSite>32076570-2523-435C-2E92-BF29817DFF70</selectedRDBMSSite>
</relationalModel>