<?xml version = '1.0' encoding = 'UTF-8'?>
<relationalModel class="oracle.dbtools.crest.model.design.relational.RelationalDesign" name="Relational_1" id="1EAC2871-1830-C482-60AE-4C795ECEFF0E" mainViewID="284C91B6-DD84-7974-F2FC-289A710E5361">
<createdBy>Darklight</createdBy>
<createdTime>2025-10-07 04:09:51 UTC</createdTime>
<ownerDesignName>EFT_S9_Benjamin_Ruiz</ownerDesignName>
<shouldBeOpen>true</shouldBeOpen>
<selectedRDBMSSite>32076570-2523-435C-2E92-BF29817DFF70</selectedRDBMSSite>
</relationalModel>