<?xml version = '1.0' encoding = 'UTF-8'?>
<Relation class="oracle.dbtools.crest.model.design.logical.Relation" name="Relation_5" directorySegmentName="seg_0" id="0CCAB708-A79E-E873-EA1A-52E82446BB38">
<createdBy>Darklight</createdBy>
<createdTime>2025-10-07 19:01:46 UTC</createdTime>
<ownerDesignName>EFT_S9_Benjamin_Ruiz</ownerDesignName>
<engineerTo>
<item key="1EAC2871-1830-C482-60AE-4C795ECEFF0E" value="true"/>
</engineerTo>
<sourcePk>D1417DEC-443F-D7F2-1885-7E258048E2D8</sourcePk>
<identifying>false</identifying>
<optionalSource>true</optionalSource>
<optionalTarget>true</optionalTarget>
<sourceCardinality>1</sourceCardinality>
<sourceEntity>5BC40D3B-AF95-10D8-8861-95F7EDC1FD54</sourceEntity>
<targetCardinalityString>*</targetCardinalityString>
<targetEntity>EE100704-1EB5-CC61-B0C5-D469F1730787</targetEntity>
<transferable>true</transferable>
<deleteRule>NO ACTION</deleteRule>
</Relation>