<?xml version = '1.0' encoding = 'UTF-8'?>
<Relation class="oracle.dbtools.crest.model.design.logical.Relation" name="Relation_9" directorySegmentName="seg_0" id="108E3890-AD94-1E73-C619-A27A81DD447D">
<createdBy>Darklight</createdBy>
<createdTime>2025-10-07 19:10:24 UTC</createdTime>
<ownerDesignName>EFT_S9_Benjamin_Ruiz</ownerDesignName>
<engineerTo>
<item key="1EAC2871-1830-C482-60AE-4C795ECEFF0E" value="true"/>
</engineerTo>
<sourcePk>463CEC56-403A-03A6-A98A-C6DAB251ACC8</sourcePk>
<identifying>false</identifying>
<optionalSource>true</optionalSource>
<optionalTarget>false</optionalTarget>
<sourceCardinality>1</sourceCardinality>
<sourceEntity>D86F3B89-7CC3-30C8-BF8A-862DCFB02800</sourceEntity>
<targetCardinalityString>*</targetCardinalityString>
<targetEntity>1469B49E-3AF0-E7CD-0743-995EE148BFC9</targetEntity>
<transferable>true</transferable>
<deleteRule>NO ACTION</deleteRule>
</Relation>