<?xml version = '1.0' encoding = 'UTF-8'?>
<Relation class="oracle.dbtools.crest.model.design.logical.Relation" name="Relation_13" directorySegmentName="seg_0" id="136A78CC-9ECD-3CEB-55E3-60678C66F636">
<createdBy>Darklight</createdBy>
<createdTime>2025-10-07 19:19:38 UTC</createdTime>
<ownerDesignName>EFT_S9_Benjamin_Ruiz</ownerDesignName>
<engineerTo>
<item key="1EAC2871-1830-C482-60AE-4C795ECEFF0E" value="true"/>
</engineerTo>
<targetPk>AF4ED24C-F176-2890-6EE2-CB76A9D90139</targetPk>
<identifying>false</identifying>
<optionalSource>false</optionalSource>
<optionalTarget>true</optionalTarget>
<sourceCardinality>1</sourceCardinality>
<sourceEntity>78146421-7F7C-1253-2DEB-BCB7FEDF1910</sourceEntity>
<targetCardinalityString>1</targetCardinalityString>
<targetEntity>1469B49E-3AF0-E7CD-0743-995EE148BFC9</targetEntity>
<transferable>true</transferable>
<deleteRule>NO ACTION</deleteRule>
</Relation>