<?xml version = '1.0' encoding = 'UTF-8'?>
<Relation class="oracle.dbtools.crest.model.design.logical.Relation" name="Relation_7" directorySegmentName="seg_0" id="17E9BD8C-6071-8B4F-B04F-B720DB10A2F1">
<createdBy>Darklight</createdBy>
<createdTime>2025-10-07 19:06:56 UTC</createdTime>
<ownerDesignName>EFT_S9_Benjamin_Ruiz</ownerDesignName>
<engineerTo>
<item key="1EAC2871-1830-C482-60AE-4C795ECEFF0E" value="true"/>
</engineerTo>
<sourcePk>C6017816-6CDD-0089-904F-7E3BD87694A9</sourcePk>
<identifying>false</identifying>
<optionalSource>true</optionalSource>
<optionalTarget>false</optionalTarget>
<sourceCardinality>1</sourceCardinality>
<sourceEntity>0FF4A7B1-E039-5D10-84D9-AC3BB8746280</sourceEntity>
<targetCardinalityString>*</targetCardinalityString>
<targetEntity>D86F3B89-7CC3-30C8-BF8A-862DCFB02800</targetEntity>
<transferable>true</transferable>
<deleteRule>NO ACTION</deleteRule>
</Relation>