<?xml version = '1.0' encoding = 'UTF-8'?>
<Relation class="oracle.dbtools.crest.model.design.logical.Relation" name="Relation_4" directorySegmentName="seg_0" id="289FE1D6-4EF2-5270-70DE-CDA8621175C7">
<createdBy>Darklight</createdBy>
<createdTime>2025-10-07 18:59:12 UTC</createdTime>
<ownerDesignName>EFT_S9_Benjamin_Ruiz</ownerDesignName>
<engineerTo>
<item key="1EAC2871-1830-C482-60AE-4C795ECEFF0E" value="true"/>
</engineerTo>
<sourcePk>463CEC56-403A-03A6-A98A-C6DAB251ACC8</sourcePk>
<identifying>false</identifying>
<optionalSource>true</optionalSource>
<optionalTarget>false</optionalTarget>
<sourceCardinality>1</sourceCardinality>
<sourceEntity>D86F3B89-7CC3-30C8-BF8A-862DCFB02800</sourceEntity>
<targetCardinalityString>*</targetCardinalityString>
<targetEntity>F162ED54-023D-3D52-1454-9E978721D4DE</targetEntity>
<transferable>true</transferable>
<deleteRule>NO ACTION</deleteRule>
</Relation>