<?xml version = '1.0' encoding = 'UTF-8'?>
<Relation class="oracle.dbtools.crest.model.design.logical.Relation" name="Relation_3" directorySegmentName="seg_0" id="2D6748B9-6C5B-F48D-2D33-220187DA8639">
<createdBy>Darklight</createdBy>
<createdTime>2025-10-07 18:57:35 UTC</createdTime>
<ownerDesignName>EFT_S9_Benjamin_Ruiz</ownerDesignName>
<engineerTo>
<item key="1EAC2871-1830-C482-60AE-4C795ECEFF0E" value="true"/>
</engineerTo>
<sourcePk>5490D916-0AB9-5A41-C3C4-B64E4B905EF5</sourcePk>
<identifying>false</identifying>
<optionalSource>true</optionalSource>
<optionalTarget>false</optionalTarget>
<sourceCardinality>1</sourceCardinality>
<sourceEntity>0C3B20FB-B44E-3E3F-F9D6-CB3949207357</sourceEntity>
<targetCardinalityString>*</targetCardinalityString>
<targetEntity>5C525A6F-8E98-26C9-820A-D517B78908F6</targetEntity>
<transferable>true</transferable>
<deleteRule>NO ACTION</deleteRule>
</Relation>