<?xml version = '1.0' encoding = 'UTF-8'?>
<Relation class="oracle.dbtools.crest.model.design.logical.Relation" name="Relation_15" directorySegmentName="seg_0" id="486DF8C9-1A20-D10F-4E90-9AFF0A2DC7B8">
<createdBy>Darklight</createdBy>
<createdTime>2025-10-07 19:22:58 UTC</createdTime>
<ownerDesignName>EFT_S9_Benjamin_Ruiz</ownerDesignName>
<engineerTo>
<item key="1EAC2871-1830-C482-60AE-4C795ECEFF0E" value="true"/>
</engineerTo>
<targetPk>A2C40F63-1F43-C438-C657-7D61B4AB02E1</targetPk>
<identifying>false</identifying>
<optionalSource>false</optionalSource>
<optionalTarget>true</optionalTarget>
<sourceCardinality>1</sourceCardinality>
<sourceEntity>3701E746-1F53-D942-D332-FE2C1FEA23A6</sourceEntity>
<targetCardinalityString>1</targetCardinalityString>
<targetEntity>2751EDA0-E404-D515-5E8A-CF95BAF47890</targetEntity>
<transferable>true</transferable>
<deleteRule>NO ACTION</deleteRule>
</Relation>