<?xml version = '1.0' encoding = 'UTF-8'?>
<Relation class="oracle.dbtools.crest.model.design.logical.Relation" name="Relation_1" directorySegmentName="seg_0" id="526F91E2-6042-3C9A-4C43-AF9D24371BB1">
<createdBy>Darklight</createdBy>
<createdTime>2025-10-07 18:51:55 UTC</createdTime>
<ownerDesignName>EFT_S9_Benjamin_Ruiz</ownerDesignName>
<engineerTo>
<item key="1EAC2871-1830-C482-60AE-4C795ECEFF0E" value="true"/>
</engineerTo>
<sourcePk>10BE8D68-F6D2-446E-F376-B322DE6CAA39</sourcePk>
<identifying>true</identifying>
<optionalSource>true</optionalSource>
<optionalTarget>false</optionalTarget>
<sourceCardinality>1</sourceCardinality>
<sourceEntity>738134DE-A3C9-98D8-C230-890329B18E10</sourceEntity>
<targetCardinalityString>*</targetCardinalityString>
<targetEntity>0FF4A7B1-E039-5D10-84D9-AC3BB8746280</targetEntity>
<transferable>true</transferable>
<deleteRule>NO ACTION</deleteRule>
</Relation>