<?xml version = '1.0' encoding = 'UTF-8'?>
<Relation class="oracle.dbtools.crest.model.design.logical.Relation" name="Relation_6" directorySegmentName="seg_0" id="55442F89-97DC-7A69-2A9E-AE4C04723D7E">
<createdBy>Darklight</createdBy>
<createdTime>2025-10-07 19:03:34 UTC</createdTime>
<ownerDesignName>EFT_S9_Benjamin_Ruiz</ownerDesignName>
<engineerTo>
<item key="1EAC2871-1830-C482-60AE-4C795ECEFF0E" value="true"/>
</engineerTo>
<sourcePk>D1417DEC-443F-D7F2-1885-7E258048E2D8</sourcePk>
<identifying>false</identifying>
<optionalSource>true</optionalSource>
<optionalTarget>true</optionalTarget>
<sourceCardinality>1</sourceCardinality>
<sourceEntity>5BC40D3B-AF95-10D8-8861-95F7EDC1FD54</sourceEntity>
<targetCardinalityString>*</targetCardinalityString>
<targetEntity>DF38D72F-B85C-28FF-E464-89FE52CFEBC0</targetEntity>
<transferable>true</transferable>
<deleteRule>NO ACTION</deleteRule>
<attributes itemClass="oracle.dbtools.crest.model.design.logical.Attribute">
<attribute name="nivel_certificado" id="B55E53FB-392D-6944-E664-FEBBE9AD8F06">
<createdBy>Darklight</createdBy>
<createdTime>2025-10-07 19:03:48 UTC</createdTime>
<ownerDesignName>EFT_S9_Benjamin_Ruiz</ownerDesignName>
<engineerTo>
<item key="1EAC2871-1830-C482-60AE-4C795ECEFF0E" value="true"/>
</engineerTo>
<nullsAllowed>true</nullsAllowed>
<useDomainConstraints>false</useDomainConstraints>
<use>1</use>
<logicalDatatype>LOGDT024</logicalDatatype>
<dataTypeSize>50 CHAR</dataTypeSize>
<ownDataTypeParameters>50 CHAR,,</ownDataTypeParameters>
</attribute>
</attributes>
</Relation>