<?xml version = '1.0' encoding = 'UTF-8'?>
<Relation class="oracle.dbtools.crest.model.design.logical.Relation" name="Relation_14" directorySegmentName="seg_0" id="667B7E1C-3A24-3710-124D-070516554F0B">
<createdBy>Darklight</createdBy>
<createdTime>2025-10-07 19:22:47 UTC</createdTime>
<ownerDesignName>EFT_S9_Benjamin_Ruiz</ownerDesignName>
<engineerTo>
<item key="1EAC2871-1830-C482-60AE-4C795ECEFF0E" value="true"/>
</engineerTo>
<targetPk>6A95E621-3721-6E65-8B44-5C4A94DBFA89</targetPk>
<identifying>false</identifying>
<optionalSource>false</optionalSource>
<optionalTarget>true</optionalTarget>
<sourceCardinality>1</sourceCardinality>
<sourceEntity>3701E746-1F53-D942-D332-FE2C1FEA23A6</sourceEntity>
<targetCardinalityString>1</targetCardinalityString>
<targetEntity>5C525A6F-8E98-26C9-820A-D517B78908F6</targetEntity>
<transferable>true</transferable>
<deleteRule>NO ACTION</deleteRule>
</Relation>