<?xml version = '1.0' encoding = 'UTF-8'?>
<Relation class="oracle.dbtools.crest.model.design.logical.Relation" name="Relation_2" directorySegmentName="seg_0" id="A6B47D50-DE09-E19D-9248-B0768CC41694">
<createdBy>Darklight</createdBy>
<createdTime>2025-10-07 18:57:28 UTC</createdTime>
<ownerDesignName>EFT_S9_Benjamin_Ruiz</ownerDesignName>
<engineerTo>
<item key="1EAC2871-1830-C482-60AE-4C795ECEFF0E" value="true"/>
</engineerTo>
<sourcePk>0C7C19F5-7C42-C4AE-969A-3562A2FFCF80</sourcePk>
<identifying>false</identifying>
<optionalSource>true</optionalSource>
<optionalTarget>false</optionalTarget>
<sourceCardinality>1</sourceCardinality>
<sourceEntity>887CF567-1AD0-F299-DE08-2A3623D7C64B</sourceEntity>
<targetCardinalityString>*</targetCardinalityString>
<targetEntity>5C525A6F-8E98-26C9-820A-D517B78908F6</targetEntity>
<transferable>true</transferable>
<deleteRule>NO ACTION</deleteRule>
</Relation>