<?xml version = '1.0' encoding = 'UTF-8'?>
<Relation class="oracle.dbtools.crest.model.design.logical.Relation" name="Relation_10" directorySegmentName="seg_0" id="BB5F03D1-7302-B6F5-A534-18E0A35527E3">
<createdBy>Darklight</createdBy>
<createdTime>2025-10-07 19:11:22 UTC</createdTime>
<ownerDesignName>EFT_S9_Benjamin_Ruiz</ownerDesignName>
<engineerTo>
<item key="1EAC2871-1830-C482-60AE-4C795ECEFF0E" value="true"/>
</engineerTo>
<sourcePk>5A7ED26F-66EC-01E0-BCA3-594017BC290D</sourcePk>
<identifying>false</identifying>
<optionalSource>true</optionalSource>
<optionalTarget>false</optionalTarget>
<sourceCardinality>1</sourceCardinality>
<sourceEntity>93ACDFEE-C497-DED8-5EC3-AC1E2FF8B792</sourceEntity>
<targetCardinalityString>*</targetCardinalityString>
<targetEntity>1469B49E-3AF0-E7CD-0743-995EE148BFC9</targetEntity>
<transferable>true</transferable>
<deleteRule>NO ACTION</deleteRule>
</Relation>