<?xml version = '1.0' encoding = 'UTF-8'?>
<Table class="oracle.dbtools.crest.model.design.relational.Table" directorySegmentName="seg_0" id="364835C4-F713-B2CE-BA2F-3A77A817151F" name="PERSONAL">
<createdBy>Darklight</createdBy>
<createdTime>2025-10-07 19:35:40 UTC</createdTime>
<generatorID>5C525A6F-8E98-26C9-820A-D517B78908F6</generatorID>
<ownerDesignName>EFT_S9_Benjamin_Ruiz</ownerDesignName>
<allowColumnReorder>false</allowColumnReorder>
<existDependencyGenerateInDDl>true</existDependencyGenerateInDDl>
<parsed>true</parsed>
<columns itemClass="oracle.dbtools.crest.model.design.relational.Column">
<Column name="id_personal" id="21AF8B75-EB5D-E667-31D8-D07589513F50">
<createdBy>Darklight</createdBy>
<createdTime>2025-10-07 19:35:40 UTC</createdTime>
<generatorID>8B93941E-F079-6C68-C50E-6475F8E7B781</generatorID>
<ownerDesignName>EFT_S9_Benjamin_Ruiz</ownerDesignName>
<useDomainConstraints>false</useDomainConstraints>
<use>1</use>
<logicalDatatype>LOGDT011</logicalDatatype>
<ownDataTypeParameters>,,</ownDataTypeParameters>
<autoIncrementCycle>false</autoIncrementCycle>
</Column>
<Column name="rut" id="524D7D79-E139-87B9-5A9D-324A183821AC">
<createdBy>Darklight</createdBy>
<createdTime>2025-10-07 19:35:40 UTC</createdTime>
<generatorID>94CB3E2E-1DDB-45CF-348B-98F56AA2DCA6</generatorID>
<ownerDesignName>EFT_S9_Benjamin_Ruiz</ownerDesignName>
<useDomainConstraints>false</useDomainConstraints>
<use>1</use>
<logicalDatatype>LOGDT024</logicalDatatype>
<dataTypeSize>8 CHAR</dataTypeSize>
<ownDataTypeParameters>8 CHAR,,</ownDataTypeParameters>
<autoIncrementCycle>false</autoIncrementCycle>
</Column>
<Column name="dv_rut" id="7E6A51B4-26FF-32A2-1DDD-3FD469F7F620">
<createdBy>Darklight</createdBy>
<createdTime>2025-10-07 19:35:40 UTC</createdTime>
<generatorID>C3BBC1F7-2373-F87A-F5D2-037AFE61D457</generatorID>
<ownerDesignName>EFT_S9_Benjamin_Ruiz</ownerDesignName>
<useDomainConstraints>false</useDomainConstraints>
<use>1</use>
<logicalDatatype>LOGDT025</logicalDatatype>
<dataTypeSize>1 CHAR</dataTypeSize>
<ownDataTypeParameters>1 CHAR,,</ownDataTypeParameters>
<autoIncrementCycle>false</autoIncrementCycle>
</Column>
<Column name="fecha_contratacion" id="A55EE3C4-03CA-8D8F-6CDE-A09496DF252F">
<createdBy>Darklight</createdBy>
<createdTime>2025-10-07 19:35:40 UTC</createdTime>
<generatorID>AF6FAC00-A055-B33A-931F-665604C423B8</generatorID>
<ownerDesignName>EFT_S9_Benjamin_Ruiz</ownerDesignName>
<useDomainConstraints>false</useDomainConstraints>
<use>1</use>
<logicalDatatype>LOGDT007</logicalDatatype>
<ownDataTypeParameters>,,</ownDataTypeParameters>
<autoIncrementCycle>false</autoIncrementCycle>
</Column>
<Column name="sueldo_base" id="114DE986-8B46-1040-CBA7-8B4D20D71069">
<createdBy>Darklight</createdBy>
<createdTime>2025-10-07 19:35:40 UTC</createdTime>
<generatorID>83C1FD3A-A00E-9222-2FDA-350F59EF4293</generatorID>
<ownerDesignName>EFT_S9_Benjamin_Ruiz</ownerDesignName>
<useDomainConstraints>false</useDomainConstraints>
<use>1</use>
<logicalDatatype>LOGDT011</logicalDatatype>
<ownDataTypeParameters>,,</ownDataTypeParameters>
<autoIncrementCycle>false</autoIncrementCycle>
</Column>
<Column name="estado_activo" id="0665901F-126C-85FE-BE87-C13B82CE7E11">
<createdBy>Darklight</createdBy>
<createdTime>2025-10-07 19:35:40 UTC</createdTime>
<generatorID>F808F2EB-8C1D-1CBC-CE78-3F881CF25E82</generatorID>
<ownerDesignName>EFT_S9_Benjamin_Ruiz</ownerDesignName>
<useDomainConstraints>false</useDomainConstraints>
<use>1</use>
<logicalDatatype>LOGDT006</logicalDatatype>
<defaultValue>true</defaultValue>
<ownDataTypeParameters>,,</ownDataTypeParameters>
<autoIncrementCycle>false</autoIncrementCycle>
</Column>
<Column name="id_afp" id="0B3604CC-2DA8-D72F-3A5C-8530C40B3079">
<createdBy>Darklight</createdBy>
<createdTime>2025-10-07 19:35:40 UTC</createdTime>
<generatorID>A6A37044-7F7A-95B1-99DA-69E2DB643413</generatorID>
<ownerDesignName>EFT_S9_Benjamin_Ruiz</ownerDesignName>
<useDomainConstraints>false</useDomainConstraints>
<use>1</use>
<logicalDatatype>LOGDT011</logicalDatatype>
<ownDataTypeParameters>,,</ownDataTypeParameters>
<previousColumn>false</previousColumn>
<autoIncrementCycle>false</autoIncrementCycle>
<associations>
<colAssociation fkAssociation="B8539DC7-1F14-0C48-A557-5576C5B45B83" referredColumn="13F66441-064E-C936-43BA-A34713855C3E"/>
</associations>
</Column>
<Column name="id_salud" id="35EC489D-862F-AF83-1BEE-D74E44F500DE">
<createdBy>Darklight</createdBy>
<createdTime>2025-10-07 19:35:40 UTC</createdTime>
<generatorID>D8DA23D7-0328-3575-F2E8-50B949A5B4A0</generatorID>
<ownerDesignName>EFT_S9_Benjamin_Ruiz</ownerDesignName>
<useDomainConstraints>false</useDomainConstraints>
<use>1</use>
<logicalDatatype>LOGDT011</logicalDatatype>
<ownDataTypeParameters>,,</ownDataTypeParameters>
<previousColumn>false</previousColumn>
<autoIncrementCycle>false</autoIncrementCycle>
<associations>
<colAssociation fkAssociation="C63DA1D1-3B9B-4BA2-3D16-B0CC4EA93B5F" referredColumn="4835521D-9E00-6593-A285-540F5271A54F"/>
</associations>
</Column>
<Column name="id_jefe" id="586B7636-3D8E-3E0E-181C-9F79BE8D4EBB">
<createdBy>Darklight</createdBy>
<createdTime>2025-10-07 19:35:40 UTC</createdTime>
<generatorID>D4B39899-3F20-656A-4F99-A67B0B45AEC1</generatorID>
<ownerDesignName>EFT_S9_Benjamin_Ruiz</ownerDesignName>
<useDomainConstraints>false</useDomainConstraints>
<use>1</use>
<logicalDatatype>LOGDT011</logicalDatatype>
<ownDataTypeParameters>,,</ownDataTypeParameters>
<previousColumn>false</previousColumn>
<autoIncrementCycle>false</autoIncrementCycle>
<associations>
<colAssociation fkAssociation="4089A929-7C31-5D5E-F7B3-990E2AEC2FD9" referredColumn="21AF8B75-EB5D-E667-31D8-D07589513F50"/>
</associations>
</Column>
</columns>
<indexes itemClass="oracle.dbtools.crest.model.design.relational.Index">
<ind_PK_UK id="CE802386-2206-63CD-3E31-7608DE962144" name="PK_PERSONAL">
<createdBy>Darklight</createdBy>
<createdTime>2025-10-07 19:35:40 UTC</createdTime>
<generatorID>6A95E621-3721-6E65-8B44-5C4A94DBFA89</generatorID>
<ownerDesignName>EFT_S9_Benjamin_Ruiz</ownerDesignName>
<pk>true</pk>
<indexState>Primary Constraint</indexState>
<isSurrogateKey>false</isSurrogateKey>
<indexColumnUsage>
<colUsage columnID="21AF8B75-EB5D-E667-31D8-D07589513F50"/>
</indexColumnUsage>
</ind_PK_UK>
<ind_PK_UK id="D3F9C37B-A981-9D34-E0FE-1BE36D546F51" name="PERSONAL__IDX">
<createdBy>Darklight</createdBy>
<createdTime>2025-10-07 19:35:40 UTC</createdTime>
<ownerDesignName>EFT_S9_Benjamin_Ruiz</ownerDesignName>
<indexState>Unique Plain Index</indexState>
<isSurrogateKey>false</isSurrogateKey>
<relationGeneratorID>57B2BAE9-EB88-7114-710D-8DD2E2C740C0</relationGeneratorID>
<indexColumnUsage>
<colUsage columnID="586B7636-3D8E-3E0E-181C-9F79BE8D4EBB"/>
</indexColumnUsage>
</ind_PK_UK>
<ind_PK_UK id="D4545EE7-5255-9863-6529-69F34E5D8149" name="FK_PERSONAL_AFP">
<createdBy>Darklight</createdBy>
<createdTime>2025-10-07 19:35:40 UTC</createdTime>
<generatorID>A6B47D50-DE09-E19D-9248-B0768CC41694</generatorID>
<ownerDesignName>EFT_S9_Benjamin_Ruiz</ownerDesignName>
<indexState>Foreign Key</indexState>
<isSurrogateKey>false</isSurrogateKey>
<indexColumnUsage>
<colUsage columnID="0B3604CC-2DA8-D72F-3A5C-8530C40B3079"/>
</indexColumnUsage>
</ind_PK_UK>
<ind_PK_UK id="5535A6AE-DB86-6164-2143-481716BA2167" name="FK_PERSONAL_SALUD">
<createdBy>Darklight</createdBy>
<createdTime>2025-10-07 19:35:40 UTC</createdTime>
<generatorID>2D6748B9-6C5B-F48D-2D33-220187DA8639</generatorID>
<ownerDesignName>EFT_S9_Benjamin_Ruiz</ownerDesignName>
<indexState>Foreign Key</indexState>
<isSurrogateKey>false</isSurrogateKey>
<indexColumnUsage>
<colUsage columnID="35EC489D-862F-AF83-1BEE-D74E44F500DE"/>
</indexColumnUsage>
</ind_PK_UK>
<ind_PK_UK id="5CD79692-734B-1071-70D2-A95DC47CAD52" name="FK_PERSONAL_PERSONAL">
<createdBy>Darklight</createdBy>
<createdTime>2025-10-07 19:35:40 UTC</createdTime>
<generatorID>57B2BAE9-EB88-7114-710D-8DD2E2C740C0</generatorID>
<ownerDesignName>EFT_S9_Benjamin_Ruiz</ownerDesignName>
<indexState>Foreign Key</indexState>
<isSurrogateKey>false</isSurrogateKey>
<indexColumnUsage>
<colUsage columnID="586B7636-3D8E-3E0E-181C-9F79BE8D4EBB"/>
</indexColumnUsage>
</ind_PK_UK>
</indexes>
</Table>