<?xml version = '1.0' encoding = 'UTF-8'?>
<Table class="oracle.dbtools.crest.model.design.relational.Table" directorySegmentName="seg_0" id="3831F12D-9329-221C-8EA7-51DC4A8A63D3" name="COMUNA">
<createdBy>Darklight</createdBy>
<createdTime>2025-10-07 19:35:40 UTC</createdTime>
<generatorID>0FF4A7B1-E039-5D10-84D9-AC3BB8746280</generatorID>
<ownerDesignName>EFT_S9_Benjamin_Ruiz</ownerDesignName>
<allowColumnReorder>false</allowColumnReorder>
<existDependencyGenerateInDDl>true</existDependencyGenerateInDDl>
<parsed>true</parsed>
<columns itemClass="oracle.dbtools.crest.model.design.relational.Column">
<Column name="id_comuna" id="A84CBA33-619E-602D-EF93-B6E64CDE0388">
<createdBy>Darklight</createdBy>
<createdTime>2025-10-07 19:35:40 UTC</createdTime>
<generatorID>C2187C18-FE90-65BA-8B89-28751330AD11</generatorID>
<ownerDesignName>EFT_S9_Benjamin_Ruiz</ownerDesignName>
<useDomainConstraints>false</useDomainConstraints>
<use>1</use>
<logicalDatatype>LOGDT011</logicalDatatype>
<ownDataTypeParameters>,,</ownDataTypeParameters>
<autoIncrementCycle>false</autoIncrementCycle>
</Column>
<Column name="id_region" id="7E57085A-CF62-153A-E1F8-130DF00C00C1">
<createdBy>Darklight</createdBy>
<createdTime>2025-10-07 19:35:40 UTC</createdTime>
<generatorID>4D87AC00-6249-EA61-3377-F6F0D604B586</generatorID>
<ownerDesignName>EFT_S9_Benjamin_Ruiz</ownerDesignName>
<useDomainConstraints>false</useDomainConstraints>
<use>1</use>
<logicalDatatype>LOGDT011</logicalDatatype>
<ownDataTypeParameters>,,</ownDataTypeParameters>
<previousColumn>false</previousColumn>
<autoIncrementCycle>false</autoIncrementCycle>
<associations>
<colAssociation fkAssociation="5B1F659B-A780-56B7-5DC7-8AFCA7CCD045" referredColumn="092331C6-9449-35FA-A946-0E1280856037"/>
</associations>
</Column>
<Column name="nombre" id="C02FEFE1-949C-0A3B-EF67-75C5477112EC">
<createdBy>Darklight</createdBy>
<createdTime>2025-10-07 19:35:40 UTC</createdTime>
<generatorID>A0B5216D-AD44-0DAE-6AFA-4EDA1AFB70E0</generatorID>
<ownerDesignName>EFT_S9_Benjamin_Ruiz</ownerDesignName>
<useDomainConstraints>false</useDomainConstraints>
<use>1</use>
<logicalDatatype>LOGDT024</logicalDatatype>
<dataTypeSize>255 CHAR</dataTypeSize>
<ownDataTypeParameters>255 CHAR,,</ownDataTypeParameters>
<autoIncrementCycle>false</autoIncrementCycle>
</Column>
</columns>
<indexes itemClass="oracle.dbtools.crest.model.design.relational.Index">
<ind_PK_UK id="9DF7E84B-3970-26DC-DAC2-506E3D325402" name="PK_COMUNAv1">
<createdBy>Darklight</createdBy>
<createdTime>2025-10-07 19:35:40 UTC</createdTime>
<generatorID>C6017816-6CDD-0089-904F-7E3BD87694A9</generatorID>
<ownerDesignName>EFT_S9_Benjamin_Ruiz</ownerDesignName>
<pk>true</pk>
<indexState>Primary Constraint</indexState>
<isSurrogateKey>false</isSurrogateKey>
<indexColumnUsage>
<colUsage columnID="A84CBA33-619E-602D-EF93-B6E64CDE0388"/>
</indexColumnUsage>
</ind_PK_UK>
<ind_PK_UK id="B21E5FB5-3724-9ADA-C7BB-ED44E86E0D9C" name="FK_COMUNA_REGION">
<createdBy>Darklight</createdBy>
<createdTime>2025-10-07 19:35:40 UTC</createdTime>
<generatorID>526F91E2-6042-3C9A-4C43-AF9D24371BB1</generatorID>
<ownerDesignName>EFT_S9_Benjamin_Ruiz</ownerDesignName>
<indexState>Foreign Key</indexState>
<isSurrogateKey>false</isSurrogateKey>
<indexColumnUsage>
<colUsage columnID="7E57085A-CF62-153A-E1F8-130DF00C00C1"/>
</indexColumnUsage>
</ind_PK_UK>
</indexes>
</Table>