<?xml version = '1.0' encoding = 'UTF-8'?>
<Table class="oracle.dbtools.crest.model.design.relational.Table" directorySegmentName="seg_0" id="528C9B2B-6AB5-6AC2-C1DE-EA84A932C545" name="MAQUINA">
<createdBy>Darklight</createdBy>
<createdTime>2025-10-07 19:35:40 UTC</createdTime>
<generatorID>1469B49E-3AF0-E7CD-0743-995EE148BFC9</generatorID>
<ownerDesignName>EFT_S9_Benjamin_Ruiz</ownerDesignName>
<allowColumnReorder>false</allowColumnReorder>
<existDependencyGenerateInDDl>true</existDependencyGenerateInDDl>
<parsed>true</parsed>
<columns itemClass="oracle.dbtools.crest.model.design.relational.Column">
<Column name="id_planta" id="A2986B92-D36F-F347-06DD-779008E031FE">
<createdBy>Darklight</createdBy>
<createdTime>2025-10-07 19:35:40 UTC</createdTime>
<generatorID>783A3D49-32BB-5774-83FC-3AC215143C8F</generatorID>
<ownerDesignName>EFT_S9_Benjamin_Ruiz</ownerDesignName>
<useDomainConstraints>false</useDomainConstraints>
<use>1</use>
<logicalDatatype>LOGDT011</logicalDatatype>
<ownDataTypeParameters>,,</ownDataTypeParameters>
<previousColumn>false</previousColumn>
<autoIncrementCycle>false</autoIncrementCycle>
<associations>
<colAssociation fkAssociation="7EAFE17B-6B0F-EE52-D3BB-6DDA9B9DED22" referredColumn="00347B1F-8F75-B28E-4911-08BFB08D7344"/>
</associations>
</Column>
<Column name="id_tipo_maquina" id="A42D4448-B087-9265-2E8C-77E8C01C38EB">
<createdBy>Darklight</createdBy>
<createdTime>2025-10-07 19:35:40 UTC</createdTime>
<generatorID>D2482BD6-EDB0-B0C6-E5EB-402DC1BF2571</generatorID>
<ownerDesignName>EFT_S9_Benjamin_Ruiz</ownerDesignName>
<useDomainConstraints>false</useDomainConstraints>
<use>1</use>
<logicalDatatype>LOGDT011</logicalDatatype>
<ownDataTypeParameters>,,</ownDataTypeParameters>
<previousColumn>false</previousColumn>
<autoIncrementCycle>false</autoIncrementCycle>
<associations>
<colAssociation fkAssociation="ED312D85-4819-7E37-7880-622C59FEA69C" referredColumn="2B7E6B59-8F2E-96AA-3BA4-5EB76E38AEF5"/>
</associations>
</Column>
<Column name="num_maquina" id="B1995FC0-93BE-FF9B-E4FC-0D6003B49F53">
<createdBy>Darklight</createdBy>
<createdTime>2025-10-07 19:35:40 UTC</createdTime>
<generatorID>DCA7C9DF-BE38-F384-393A-468F660183A0</generatorID>
<ownerDesignName>EFT_S9_Benjamin_Ruiz</ownerDesignName>
<useDomainConstraints>false</useDomainConstraints>
<use>1</use>
<logicalDatatype>LOGDT011</logicalDatatype>
<ownDataTypeParameters>,,</ownDataTypeParameters>
<autoIncrementCycle>false</autoIncrementCycle>
</Column>
<Column name="nombre" id="99AAA00D-58BC-C59E-965C-207B9006016A">
<createdBy>Darklight</createdBy>
<createdTime>2025-10-07 19:35:40 UTC</createdTime>
<generatorID>350E694F-E21D-0AE5-D821-BC5A7D9599CA</generatorID>
<ownerDesignName>EFT_S9_Benjamin_Ruiz</ownerDesignName>
<useDomainConstraints>false</useDomainConstraints>
<use>1</use>
<logicalDatatype>LOGDT024</logicalDatatype>
<dataTypeSize>50 CHAR</dataTypeSize>
<ownDataTypeParameters>50 CHAR,,</ownDataTypeParameters>
<autoIncrementCycle>false</autoIncrementCycle>
</Column>
<Column name="estado_activo" id="7D2DEFBA-5CEB-C61D-F29F-4DC95CE86A1E">
<createdBy>Darklight</createdBy>
<createdTime>2025-10-07 19:35:40 UTC</createdTime>
<generatorID>857BAE5D-CFC0-3FA9-E991-5AD0183C3BCB</generatorID>
<ownerDesignName>EFT_S9_Benjamin_Ruiz</ownerDesignName>
<useDomainConstraints>false</useDomainConstraints>
<use>1</use>
<logicalDatatype>LOGDT006</logicalDatatype>
<ownDataTypeParameters>,,</ownDataTypeParameters>
<autoIncrementCycle>false</autoIncrementCycle>
</Column>
</columns>
<indexes itemClass="oracle.dbtools.crest.model.design.relational.Index">
<ind_PK_UK id="0EA2C9E8-593B-F7F9-1FE4-70BA1B7DF4D2" name="PK_MAQUINA">
<createdBy>Darklight</createdBy>
<createdTime>2025-10-07 19:35:40 UTC</createdTime>
<generatorID>AF4ED24C-F176-2890-6EE2-CB76A9D90139</generatorID>
<ownerDesignName>EFT_S9_Benjamin_Ruiz</ownerDesignName>
<pk>true</pk>
<indexState>Primary Constraint</indexState>
<isSurrogateKey>false</isSurrogateKey>
<indexColumnUsage>
<colUsage columnID="A2986B92-D36F-F347-06DD-779008E031FE"/>
<colUsage columnID="A42D4448-B087-9265-2E8C-77E8C01C38EB"/>
</indexColumnUsage>
</ind_PK_UK>
<ind_PK_UK id="7BF20409-7555-4290-FB8C-9E7D76565A54" name="FK_MAQUINA_TIPO_MAQUINA">
<createdBy>Darklight</createdBy>
<createdTime>2025-10-07 19:35:40 UTC</createdTime>
<generatorID>BB5F03D1-7302-B6F5-A534-18E0A35527E3</generatorID>
<ownerDesignName>EFT_S9_Benjamin_Ruiz</ownerDesignName>
<indexState>Foreign Key</indexState>
<isSurrogateKey>false</isSurrogateKey>
<indexColumnUsage>
<colUsage columnID="A42D4448-B087-9265-2E8C-77E8C01C38EB"/>
</indexColumnUsage>
</ind_PK_UK>
<ind_PK_UK id="E93A9CBF-3E0A-05C9-F15E-B642CCFC3332" name="FK_MAQUINA_PLANTA">
<createdBy>Darklight</createdBy>
<createdTime>2025-10-07 19:35:40 UTC</createdTime>
<generatorID>108E3890-AD94-1E73-C619-A27A81DD447D</generatorID>
<ownerDesignName>EFT_S9_Benjamin_Ruiz</ownerDesignName>
<indexState>Foreign Key</indexState>
<isSurrogateKey>false</isSurrogateKey>
<indexColumnUsage>
<colUsage columnID="A2986B92-D36F-F347-06DD-779008E031FE"/>
</indexColumnUsage>
</ind_PK_UK>
</indexes>
</Table>