<?xml version = '1.0' encoding = 'UTF-8'?>
<Table class="oracle.dbtools.crest.model.design.relational.Table" directorySegmentName="seg_0" id="58B34963-D559-6094-ED59-C967ACDBD20A" name="TECNICO">
<createdBy>Darklight</createdBy>
<createdTime>2025-10-07 19:35:40 UTC</createdTime>
<generatorID>DF38D72F-B85C-28FF-E464-89FE52CFEBC0</generatorID>
<ownerDesignName>EFT_S9_Benjamin_Ruiz</ownerDesignName>
<allowColumnReorder>false</allowColumnReorder>
<existDependencyGenerateInDDl>true</existDependencyGenerateInDDl>
<parsed>true</parsed>
<columns itemClass="oracle.dbtools.crest.model.design.relational.Column">
<Column name="id_personal" id="9ED71E1D-8B7E-CCD8-9128-A4323AC8FA05">
<createdBy>Darklight</createdBy>
<createdTime>2025-10-07 19:35:40 UTC</createdTime>
<generatorID>8B93941E-F079-6C68-C50E-6475F8E7B781</generatorID>
<ownerDesignName>EFT_S9_Benjamin_Ruiz</ownerDesignName>
<useDomainConstraints>false</useDomainConstraints>
<use>1</use>
<logicalDatatype>LOGDT011</logicalDatatype>
<ownDataTypeParameters>,,</ownDataTypeParameters>
<autoIncrementCycle>false</autoIncrementCycle>
<associations>
<colAssociation fkAssociation="83CF21C7-5E39-15FD-03C1-DE23AC24D776" referredColumn="21AF8B75-EB5D-E667-31D8-D07589513F50"/>
</associations>
</Column>
<Column name="id_certificacion" id="ECA41309-A0CA-9F96-BB6B-EFC11BB28311">
<createdBy>Darklight</createdBy>
<createdTime>2025-10-07 19:35:40 UTC</createdTime>
<generatorID>0049A444-E563-EA29-BD14-60BD3E5F2E7B</generatorID>
<ownerDesignName>EFT_S9_Benjamin_Ruiz</ownerDesignName>
<nullsAllowed>true</nullsAllowed>
<useDomainConstraints>false</useDomainConstraints>
<use>1</use>
<logicalDatatype>LOGDT011</logicalDatatype>
<ownDataTypeParameters>,,</ownDataTypeParameters>
<previousColumn>false</previousColumn>
<autoIncrementCycle>false</autoIncrementCycle>
<associations>
<colAssociation fkAssociation="9BF772C8-A0DC-5B96-6357-1790EAF82D43" referredColumn="51E65A5E-38BF-D8DF-9517-1D1EB1730461"/>
</associations>
</Column>
<Column name="especialidad" id="860301B6-9EE0-15E1-665A-A7C6DE4BC976">
<createdBy>Darklight</createdBy>
<createdTime>2025-10-07 19:35:40 UTC</createdTime>
<generatorID>9CC3D786-D684-999E-9183-13AADD7248E8</generatorID>
<ownerDesignName>EFT_S9_Benjamin_Ruiz</ownerDesignName>
<useDomainConstraints>false</useDomainConstraints>
<use>1</use>
<logicalDatatype>LOGDT024</logicalDatatype>
<dataTypeSize>50 CHAR</dataTypeSize>
<listOfValues>
<valueDef value="electrica" description=""/>
<valueDef value="instrumentacion" description=""/>
<valueDef value="mecanica" description=""/>
</listOfValues>
<ownDataTypeParameters>50 CHAR,,</ownDataTypeParameters>
<autoIncrementCycle>false</autoIncrementCycle>
</Column>
<Column name="tiempo_estandar" id="34E26801-1D68-CE68-6BAA-794BA4EC8524">
<createdBy>Darklight</createdBy>
<createdTime>2025-10-07 19:35:40 UTC</createdTime>
<generatorID>296FD121-7798-F63F-DD4C-99887692899F</generatorID>
<ownerDesignName>EFT_S9_Benjamin_Ruiz</ownerDesignName>
<useDomainConstraints>false</useDomainConstraints>
<use>1</use>
<logicalDatatype>LOGDT011</logicalDatatype>
<ownDataTypeParameters>,,</ownDataTypeParameters>
<autoIncrementCycle>false</autoIncrementCycle>
</Column>
<Column name="nivel_certificado" id="BAD3195E-BACE-E7D4-CFA1-28F9F4CC8F8E">
<createdBy>Darklight</createdBy>
<createdTime>2025-10-07 19:35:40 UTC</createdTime>
<generatorID>B55E53FB-392D-6944-E664-FEBBE9AD8F06</generatorID>
<ownerDesignName>EFT_S9_Benjamin_Ruiz</ownerDesignName>
<nullsAllowed>true</nullsAllowed>
<useDomainConstraints>false</useDomainConstraints>
<use>1</use>
<logicalDatatype>LOGDT024</logicalDatatype>
<dataTypeSize>50 CHAR</dataTypeSize>
<ownDataTypeParameters>50 CHAR,,</ownDataTypeParameters>
<autoIncrementCycle>false</autoIncrementCycle>
<isRelationshipColumn>true</isRelationshipColumn>
<dependOnForeignKeyID>9BF772C8-A0DC-5B96-6357-1790EAF82D43</dependOnForeignKeyID>
</Column>
</columns>
<indexes itemClass="oracle.dbtools.crest.model.design.relational.Index">
<ind_PK_UK id="298B1E7F-29B7-1DEA-68F0-73C0F1FBFF2F" name="PK_TECNICO">
<createdBy>Darklight</createdBy>
<createdTime>2025-10-07 19:35:40 UTC</createdTime>
<generatorID>6A95E621-3721-6E65-8B44-5C4A94DBFA89</generatorID>
<ownerDesignName>EFT_S9_Benjamin_Ruiz</ownerDesignName>
<pk>true</pk>
<indexState>Primary Constraint</indexState>
<isSurrogateKey>false</isSurrogateKey>
<indexColumnUsage>
<colUsage columnID="9ED71E1D-8B7E-CCD8-9128-A4323AC8FA05"/>
</indexColumnUsage>
</ind_PK_UK>
<ind_PK_UK id="89D7B3BE-FDBB-E39F-6AE8-8F4D15F8C3B6" name="FK_TECNICO_PERSONAL">
<createdBy>Darklight</createdBy>
<createdTime>2025-10-07 19:35:40 UTC</createdTime>
<generatorID>81400A8F-254D-41D5-9F69-2F61E9441495</generatorID>
<ownerDesignName>EFT_S9_Benjamin_Ruiz</ownerDesignName>
<indexState>Foreign Key</indexState>
<isSurrogateKey>false</isSurrogateKey>
<indexColumnUsage>
<colUsage columnID="9ED71E1D-8B7E-CCD8-9128-A4323AC8FA05"/>
</indexColumnUsage>
</ind_PK_UK>
<ind_PK_UK id="47C55049-F4E4-A098-C207-9F502CD81B38" name="FK_TECNICO_CERTIFICACION">
<createdBy>Darklight</createdBy>
<createdTime>2025-10-07 19:35:40 UTC</createdTime>
<generatorID>55442F89-97DC-7A69-2A9E-AE4C04723D7E</generatorID>
<ownerDesignName>EFT_S9_Benjamin_Ruiz</ownerDesignName>
<indexState>Foreign Key</indexState>
<isSurrogateKey>false</isSurrogateKey>
<indexColumnUsage>
<colUsage columnID="ECA41309-A0CA-9F96-BB6B-EFC11BB28311"/>
</indexColumnUsage>
</ind_PK_UK>
</indexes>
</Table>