<?xml version = '1.0' encoding = 'UTF-8'?>
<Table class="oracle.dbtools.crest.model.design.relational.Table" directorySegmentName="seg_0" id="89CC6B6D-7807-721A-6139-A4E308B4A703" name="OPERARIO">
<createdBy>Darklight</createdBy>
<createdTime>2025-10-07 19:35:40 UTC</createdTime>
<generatorID>EE100704-1EB5-CC61-B0C5-D469F1730787</generatorID>
<ownerDesignName>EFT_S9_Benjamin_Ruiz</ownerDesignName>
<allowColumnReorder>false</allowColumnReorder>
<existDependencyGenerateInDDl>true</existDependencyGenerateInDDl>
<parsed>true</parsed>
<columns itemClass="oracle.dbtools.crest.model.design.relational.Column">
<Column name="id_personal" id="7ED1F096-1419-3AC5-6EA2-B6CE8D5DD045">
<createdBy>Darklight</createdBy>
<createdTime>2025-10-07 19:35:40 UTC</createdTime>
<generatorID>8B93941E-F079-6C68-C50E-6475F8E7B781</generatorID>
<ownerDesignName>EFT_S9_Benjamin_Ruiz</ownerDesignName>
<useDomainConstraints>false</useDomainConstraints>
<use>1</use>
<logicalDatatype>LOGDT011</logicalDatatype>
<ownDataTypeParameters>,,</ownDataTypeParameters>
<autoIncrementCycle>false</autoIncrementCycle>
<associations>
<colAssociation fkAssociation="083C5932-E7DD-9D8D-03BA-5A2D810C93E6" referredColumn="21AF8B75-EB5D-E667-31D8-D07589513F50"/>
</associations>
</Column>
<Column name="categoria_proceso" id="B1FD2A0B-A8DF-A224-575A-857AEFBF53D7">
<createdBy>Darklight</createdBy>
<createdTime>2025-10-07 19:35:40 UTC</createdTime>
<generatorID>624DA384-7A4A-AFC3-AC68-2C7175F445DB</generatorID>
<ownerDesignName>EFT_S9_Benjamin_Ruiz</ownerDesignName>
<useDomainConstraints>false</useDomainConstraints>
<use>1</use>
<logicalDatatype>LOGDT024</logicalDatatype>
<dataTypeSize>50 CHAR</dataTypeSize>
<listOfValues>
<valueDef value="caliente" description=""/>
<valueDef value="frio" description=""/>
<valueDef value="inspeccion" description=""/>
</listOfValues>
<ownDataTypeParameters>50 CHAR,,</ownDataTypeParameters>
<autoIncrementCycle>false</autoIncrementCycle>
</Column>
<Column name="id_certificacion" id="2EFD7C60-C0A3-354C-AE37-D2FDAB9C42B4">
<createdBy>Darklight</createdBy>
<createdTime>2025-10-07 19:35:40 UTC</createdTime>
<generatorID>5CE944B8-E110-1462-59E5-10205977EBCA</generatorID>
<ownerDesignName>EFT_S9_Benjamin_Ruiz</ownerDesignName>
<nullsAllowed>true</nullsAllowed>
<useDomainConstraints>false</useDomainConstraints>
<use>1</use>
<logicalDatatype>LOGDT011</logicalDatatype>
<ownDataTypeParameters>,,</ownDataTypeParameters>
<previousColumn>false</previousColumn>
<autoIncrementCycle>false</autoIncrementCycle>
<associations>
<colAssociation fkAssociation="7BBBC19F-48C8-619C-CA17-F4A256C7C6E4" referredColumn="51E65A5E-38BF-D8DF-9517-1D1EB1730461"/>
</associations>
</Column>
<Column name="hora_estandar" id="F59730ED-48BB-C0DC-4E28-BFAB4C74D967">
<createdBy>Darklight</createdBy>
<createdTime>2025-10-07 19:35:40 UTC</createdTime>
<generatorID>42E87E76-2D24-774C-6C5E-FB4128208940</generatorID>
<ownerDesignName>EFT_S9_Benjamin_Ruiz</ownerDesignName>
<useDomainConstraints>false</useDomainConstraints>
<use>1</use>
<logicalDatatype>LOGDT011</logicalDatatype>
<defaultValue>8</defaultValue>
<ownDataTypeParameters>,,</ownDataTypeParameters>
<autoIncrementCycle>false</autoIncrementCycle>
</Column>
</columns>
<indexes itemClass="oracle.dbtools.crest.model.design.relational.Index">
<ind_PK_UK id="E51FC162-8A1F-88FA-5AF8-E51F9BD2C3AF" name="PK_OPERARIO">
<createdBy>Darklight</createdBy>
<createdTime>2025-10-07 19:35:40 UTC</createdTime>
<generatorID>6A95E621-3721-6E65-8B44-5C4A94DBFA89</generatorID>
<ownerDesignName>EFT_S9_Benjamin_Ruiz</ownerDesignName>
<pk>true</pk>
<indexState>Primary Constraint</indexState>
<isSurrogateKey>false</isSurrogateKey>
<indexColumnUsage>
<colUsage columnID="7ED1F096-1419-3AC5-6EA2-B6CE8D5DD045"/>
</indexColumnUsage>
</ind_PK_UK>
<ind_PK_UK id="B3746EB6-4735-A454-5D78-46F9E67A92F6" name="FK_OPERARIO_PERSONAL">
<createdBy>Darklight</createdBy>
<createdTime>2025-10-07 19:35:40 UTC</createdTime>
<generatorID>BA32B2EC-2C16-17E3-DF90-B414BBC45BCC</generatorID>
<ownerDesignName>EFT_S9_Benjamin_Ruiz</ownerDesignName>
<indexState>Foreign Key</indexState>
<isSurrogateKey>false</isSurrogateKey>
<indexColumnUsage>
<colUsage columnID="7ED1F096-1419-3AC5-6EA2-B6CE8D5DD045"/>
</indexColumnUsage>
</ind_PK_UK>
<ind_PK_UK id="05CF2E75-2400-672B-F8C2-1BED5F4E13FE" name="FK_OPERARIO_CERTIFICACION">
<createdBy>Darklight</createdBy>
<createdTime>2025-10-07 19:35:40 UTC</createdTime>
<generatorID>0CCAB708-A79E-E873-EA1A-52E82446BB38</generatorID>
<ownerDesignName>EFT_S9_Benjamin_Ruiz</ownerDesignName>
<indexState>Foreign Key</indexState>
<isSurrogateKey>false</isSurrogateKey>
<indexColumnUsage>
<colUsage columnID="2EFD7C60-C0A3-354C-AE37-D2FDAB9C42B4"/>
</indexColumnUsage>
</ind_PK_UK>
</indexes>
</Table>