<?xml version = '1.0' encoding = 'UTF-8'?>
<Table class="oracle.dbtools.crest.model.design.relational.Table" directorySegmentName="seg_0" id="B695DC29-DA17-EFF2-8FD0-2F8053B554B0" name="ORDEN_MANTENCION">
<createdBy>Darklight</createdBy>
<createdTime>2025-10-07 19:35:40 UTC</createdTime>
<generatorID>78146421-7F7C-1253-2DEB-BCB7FEDF1910</generatorID>
<ownerDesignName>EFT_S9_Benjamin_Ruiz</ownerDesignName>
<allowColumnReorder>false</allowColumnReorder>
<existDependencyGenerateInDDl>true</existDependencyGenerateInDDl>
<parsed>true</parsed>
<columns itemClass="oracle.dbtools.crest.model.design.relational.Column">
<Column name="id_personal" id="2FD151D1-E2A6-E1E8-68D9-41487E23D62F">
<createdBy>Darklight</createdBy>
<createdTime>2025-10-07 19:35:40 UTC</createdTime>
<generatorID>3A21B017-CE42-C239-11F5-C9A3242A1608</generatorID>
<ownerDesignName>EFT_S9_Benjamin_Ruiz</ownerDesignName>
<useDomainConstraints>false</useDomainConstraints>
<use>1</use>
<logicalDatatype>LOGDT011</logicalDatatype>
<ownDataTypeParameters>,,</ownDataTypeParameters>
<previousColumn>false</previousColumn>
<autoIncrementCycle>false</autoIncrementCycle>
<associations>
<colAssociation fkAssociation="69E8899F-1EDE-17B0-4C48-91AB1892C73E" referredColumn="21AF8B75-EB5D-E667-31D8-D07589513F50"/>
</associations>
</Column>
<Column name="id_planta_actual" id="12F3ECDF-AD3C-F6BC-E8E7-52286BF12ED0">
<createdBy>Darklight</createdBy>
<createdTime>2025-10-07 19:35:40 UTC</createdTime>
<generatorID>050E6E92-0B0F-CAD0-2150-698C89AA5B35</generatorID>
<ownerDesignName>EFT_S9_Benjamin_Ruiz</ownerDesignName>
<useDomainConstraints>false</useDomainConstraints>
<use>1</use>
<logicalDatatype>LOGDT011</logicalDatatype>
<ownDataTypeParameters>,,</ownDataTypeParameters>
<previousColumn>false</previousColumn>
<autoIncrementCycle>false</autoIncrementCycle>
<associations>
<colAssociation fkAssociation="65635483-27E8-9803-5685-538E0106BCB6" referredColumn="A2986B92-D36F-F347-06DD-779008E031FE"/>
</associations>
</Column>
<Column name="id_tipo_maquina" id="2FC7988B-82FC-5A7B-DA61-B23F9C2F8450">
<createdBy>Darklight</createdBy>
<createdTime>2025-10-07 19:35:40 UTC</createdTime>
<generatorID>14DCE584-FED9-0E1E-5B01-45BAAB349433</generatorID>
<ownerDesignName>EFT_S9_Benjamin_Ruiz</ownerDesignName>
<useDomainConstraints>false</useDomainConstraints>
<use>1</use>
<logicalDatatype>LOGDT011</logicalDatatype>
<ownDataTypeParameters>,,</ownDataTypeParameters>
<previousColumn>false</previousColumn>
<autoIncrementCycle>false</autoIncrementCycle>
<associations>
<colAssociation fkAssociation="65635483-27E8-9803-5685-538E0106BCB6" referredColumn="A42D4448-B087-9265-2E8C-77E8C01C38EB"/>
</associations>
</Column>
<Column name="fecha_programada" id="AC5F8047-0F15-E654-0935-44E6E4029F3D">
<createdBy>Darklight</createdBy>
<createdTime>2025-10-07 19:35:40 UTC</createdTime>
<generatorID>F54DCF89-C469-454A-285E-C84333D6F7C7</generatorID>
<ownerDesignName>EFT_S9_Benjamin_Ruiz</ownerDesignName>
<useDomainConstraints>false</useDomainConstraints>
<use>1</use>
<logicalDatatype>LOGDT007</logicalDatatype>
<ownDataTypeParameters>,,</ownDataTypeParameters>
<autoIncrementCycle>false</autoIncrementCycle>
</Column>
<Column name="fecha_ejecucion" id="8AED78D6-7616-24EB-2F3A-7C1637249D23">
<createdBy>Darklight</createdBy>
<createdTime>2025-10-07 19:35:40 UTC</createdTime>
<generatorID>EFB08F9C-C863-2B61-F844-B17B7EDAEB72</generatorID>
<ownerDesignName>EFT_S9_Benjamin_Ruiz</ownerDesignName>
<nullsAllowed>true</nullsAllowed>
<useDomainConstraints>false</useDomainConstraints>
<use>1</use>
<logicalDatatype>LOGDT007</logicalDatatype>
<ownDataTypeParameters>,,</ownDataTypeParameters>
<autoIncrementCycle>false</autoIncrementCycle>
</Column>
<Column name="desc_trabajo" id="48D7D62C-BAAD-F3A8-9E8C-0B3C95129A99">
<createdBy>Darklight</createdBy>
<createdTime>2025-10-07 19:35:40 UTC</createdTime>
<generatorID>439BF2BC-9AEB-C44C-B8C6-0B73C76A4290</generatorID>
<ownerDesignName>EFT_S9_Benjamin_Ruiz</ownerDesignName>
<useDomainConstraints>false</useDomainConstraints>
<use>1</use>
<logicalDatatype>LOGDT024</logicalDatatype>
<dataTypeSize>255 CHAR</dataTypeSize>
<ownDataTypeParameters>255 CHAR,,</ownDataTypeParameters>
<autoIncrementCycle>false</autoIncrementCycle>
</Column>
</columns>
<indexes itemClass="oracle.dbtools.crest.model.design.relational.Index">
<ind_PK_UK id="2D2FEA63-85F4-E366-AFA2-2763ED97F0E8" name="ORDEN_MANTENCION__IDX">
<createdBy>Darklight</createdBy>
<createdTime>2025-10-07 19:35:40 UTC</createdTime>
<ownerDesignName>EFT_S9_Benjamin_Ruiz</ownerDesignName>
<indexState>Unique Plain Index</indexState>
<isSurrogateKey>false</isSurrogateKey>
<relationGeneratorID>06E82837-97E9-CD4C-2A70-E6344C0E10A7</relationGeneratorID>
<indexColumnUsage>
<colUsage columnID="2FD151D1-E2A6-E1E8-68D9-41487E23D62F"/>
</indexColumnUsage>
</ind_PK_UK>
<ind_PK_UK id="519BB118-A46D-C904-CF02-BD5128ECA2D1" name="ORDEN_MANTENCION__IDXv1">
<createdBy>Darklight</createdBy>
<createdTime>2025-10-07 19:35:40 UTC</createdTime>
<ownerDesignName>EFT_S9_Benjamin_Ruiz</ownerDesignName>
<indexState>Unique Plain Index</indexState>
<isSurrogateKey>false</isSurrogateKey>
<relationGeneratorID>136A78CC-9ECD-3CEB-55E3-60678C66F636</relationGeneratorID>
<indexColumnUsage>
<colUsage columnID="12F3ECDF-AD3C-F6BC-E8E7-52286BF12ED0"/>
<colUsage columnID="2FC7988B-82FC-5A7B-DA61-B23F9C2F8450"/>
</indexColumnUsage>
</ind_PK_UK>
<ind_PK_UK id="2CE5E3E6-1D5B-82C1-BA27-A5840A5CBB70" name="FK_ORDEN_MANTENCION_PERSONAL">
<createdBy>Darklight</createdBy>
<createdTime>2025-10-07 19:35:40 UTC</createdTime>
<generatorID>06E82837-97E9-CD4C-2A70-E6344C0E10A7</generatorID>
<ownerDesignName>EFT_S9_Benjamin_Ruiz</ownerDesignName>
<indexState>Foreign Key</indexState>
<isSurrogateKey>false</isSurrogateKey>
<indexColumnUsage>
<colUsage columnID="2FD151D1-E2A6-E1E8-68D9-41487E23D62F"/>
</indexColumnUsage>
</ind_PK_UK>
<ind_PK_UK id="DB01A65F-506E-E9CF-748E-425CBA301D3C" name="FK_ORDEN_MANTENCION_MAQUINA">
<createdBy>Darklight</createdBy>
<createdTime>2025-10-07 19:35:40 UTC</createdTime>
<generatorID>136A78CC-9ECD-3CEB-55E3-60678C66F636</generatorID>
<ownerDesignName>EFT_S9_Benjamin_Ruiz</ownerDesignName>
<indexState>Foreign Key</indexState>
<isSurrogateKey>false</isSurrogateKey>
<indexColumnUsage>
<colUsage columnID="12F3ECDF-AD3C-F6BC-E8E7-52286BF12ED0"/>
<colUsage columnID="2FC7988B-82FC-5A7B-DA61-B23F9C2F8450"/>
</indexColumnUsage>
</ind_PK_UK>
</indexes>
</Table>