<?xml version = '1.0' encoding = 'UTF-8'?>
<Table class="oracle.dbtools.crest.model.design.relational.Table" directorySegmentName="seg_0" id="DC45CE9A-3BB6-23CA-6259-CD4570703380" name="ASIGNACION_TURNO">
<createdBy>Darklight</createdBy>
<createdTime>2025-10-07 19:35:40 UTC</createdTime>
<generatorID>3701E746-1F53-D942-D332-FE2C1FEA23A6</generatorID>
<ownerDesignName>EFT_S9_Benjamin_Ruiz</ownerDesignName>
<allowColumnReorder>false</allowColumnReorder>
<existDependencyGenerateInDDl>true</existDependencyGenerateInDDl>
<parsed>true</parsed>
<columns itemClass="oracle.dbtools.crest.model.design.relational.Column">
<Column name="id_personal" id="658E60FA-CC89-F4FE-1AE8-AE4400DC33F4">
<createdBy>Darklight</createdBy>
<createdTime>2025-10-07 19:35:40 UTC</createdTime>
<generatorID>F5714836-5502-3C2B-EEDB-D49F8CE3D900</generatorID>
<ownerDesignName>EFT_S9_Benjamin_Ruiz</ownerDesignName>
<useDomainConstraints>false</useDomainConstraints>
<use>1</use>
<logicalDatatype>LOGDT011</logicalDatatype>
<ownDataTypeParameters>,,</ownDataTypeParameters>
<previousColumn>false</previousColumn>
<autoIncrementCycle>false</autoIncrementCycle>
<associations>
<colAssociation fkAssociation="BC787A8F-A58A-8075-A37A-375BF9500478" referredColumn="21AF8B75-EB5D-E667-31D8-D07589513F50"/>
</associations>
</Column>
<Column name="id_turno" id="7D908D34-3412-6EED-B99D-487859986FA8">
<createdBy>Darklight</createdBy>
<createdTime>2025-10-07 19:35:40 UTC</createdTime>
<generatorID>16D5E110-8596-5DEB-E056-3C12C15E12AA</generatorID>
<ownerDesignName>EFT_S9_Benjamin_Ruiz</ownerDesignName>
<useDomainConstraints>false</useDomainConstraints>
<use>1</use>
<logicalDatatype>LOGDT011</logicalDatatype>
<ownDataTypeParameters>,,</ownDataTypeParameters>
<previousColumn>false</previousColumn>
<autoIncrementCycle>false</autoIncrementCycle>
<associations>
<colAssociation fkAssociation="4F1BF261-7915-5140-BD5B-3B90784E5313" referredColumn="74221FE7-DF3B-3B78-6E23-B73F7A34EEDC"/>
</associations>
</Column>
<Column name="id_planta_actual" id="CC44DB5E-41FE-131C-2AAB-FD880916563F">
<createdBy>Darklight</createdBy>
<createdTime>2025-10-07 19:35:40 UTC</createdTime>
<generatorID>249E6847-7C00-0064-5494-43B319202733</generatorID>
<ownerDesignName>EFT_S9_Benjamin_Ruiz</ownerDesignName>
<useDomainConstraints>false</useDomainConstraints>
<use>1</use>
<logicalDatatype>LOGDT011</logicalDatatype>
<ownDataTypeParameters>,,</ownDataTypeParameters>
<previousColumn>false</previousColumn>
<autoIncrementCycle>false</autoIncrementCycle>
<associations>
<colAssociation fkAssociation="43B1ADE3-54CE-FDCA-18E1-5B8B3EA7B809" referredColumn="A2986B92-D36F-F347-06DD-779008E031FE"/>
</associations>
</Column>
<Column name="id_tipo_maquina" id="19F6633B-1E94-95F6-6115-C0C91502758E">
<createdBy>Darklight</createdBy>
<createdTime>2025-10-07 19:35:40 UTC</createdTime>
<generatorID>F5FF45CC-5F89-3A42-B04C-CDDED08EC462</generatorID>
<ownerDesignName>EFT_S9_Benjamin_Ruiz</ownerDesignName>
<useDomainConstraints>false</useDomainConstraints>
<use>1</use>
<logicalDatatype>LOGDT011</logicalDatatype>
<ownDataTypeParameters>,,</ownDataTypeParameters>
<previousColumn>false</previousColumn>
<autoIncrementCycle>false</autoIncrementCycle>
<associations>
<colAssociation fkAssociation="43B1ADE3-54CE-FDCA-18E1-5B8B3EA7B809" referredColumn="A42D4448-B087-9265-2E8C-77E8C01C38EB"/>
</associations>
</Column>
<Column name="rol_desempeñado" id="AA2C9569-ED6D-1C4B-6EAA-295C3ECB008E">
<createdBy>Darklight</createdBy>
<createdTime>2025-10-07 19:35:40 UTC</createdTime>
<generatorID>DB829A1F-9A3F-BEB4-F667-226249BCCF2B</generatorID>
<ownerDesignName>EFT_S9_Benjamin_Ruiz</ownerDesignName>
<useDomainConstraints>false</useDomainConstraints>
<use>1</use>
<logicalDatatype>LOGDT024</logicalDatatype>
<dataTypeSize>50</dataTypeSize>
<ownDataTypeParameters>50,,</ownDataTypeParameters>
<autoIncrementCycle>false</autoIncrementCycle>
</Column>
<Column name="fecha_asignacion" id="3F3D91A0-5DB9-3249-320C-CEC14CF43753">
<createdBy>Darklight</createdBy>
<createdTime>2025-10-07 19:35:40 UTC</createdTime>
<generatorID>78D45D96-A593-E9B8-6871-3C70C5850236</generatorID>
<ownerDesignName>EFT_S9_Benjamin_Ruiz</ownerDesignName>
<useDomainConstraints>false</useDomainConstraints>
<use>1</use>
<logicalDatatype>LOGDT007</logicalDatatype>
<ownDataTypeParameters>,,</ownDataTypeParameters>
<autoIncrementCycle>false</autoIncrementCycle>
</Column>
</columns>
<indexes itemClass="oracle.dbtools.crest.model.design.relational.Index">
<ind_PK_UK id="9C441A93-00B4-7604-2850-3D1C31ED64BF" name="ASIGNACION_TURNO__IDX">
<createdBy>Darklight</createdBy>
<createdTime>2025-10-07 19:35:40 UTC</createdTime>
<ownerDesignName>EFT_S9_Benjamin_Ruiz</ownerDesignName>
<indexState>Unique Plain Index</indexState>
<isSurrogateKey>false</isSurrogateKey>
<relationGeneratorID>667B7E1C-3A24-3710-124D-070516554F0B</relationGeneratorID>
<indexColumnUsage>
<colUsage columnID="658E60FA-CC89-F4FE-1AE8-AE4400DC33F4"/>
</indexColumnUsage>
</ind_PK_UK>
<ind_PK_UK id="1457262E-5CFC-346B-D278-2FC9D80E1654" name="ASIGNACION_TURNO__IDXv1">
<createdBy>Darklight</createdBy>
<createdTime>2025-10-07 19:35:40 UTC</createdTime>
<ownerDesignName>EFT_S9_Benjamin_Ruiz</ownerDesignName>
<indexState>Unique Plain Index</indexState>
<isSurrogateKey>false</isSurrogateKey>
<relationGeneratorID>486DF8C9-1A20-D10F-4E90-9AFF0A2DC7B8</relationGeneratorID>
<indexColumnUsage>
<colUsage columnID="7D908D34-3412-6EED-B99D-487859986FA8"/>
</indexColumnUsage>
</ind_PK_UK>
<ind_PK_UK id="891061AC-5535-9674-BFBA-941EAE076774" name="ASIGNACION_TURNO__IDXv2">
<createdBy>Darklight</createdBy>
<createdTime>2025-10-07 19:35:40 UTC</createdTime>
<ownerDesignName>EFT_S9_Benjamin_Ruiz</ownerDesignName>
<indexState>Unique Plain Index</indexState>
<isSurrogateKey>false</isSurrogateKey>
<relationGeneratorID>F190E91C-4246-D7C6-7D3E-B269314D9579</relationGeneratorID>
<indexColumnUsage>
<colUsage columnID="CC44DB5E-41FE-131C-2AAB-FD880916563F"/>
<colUsage columnID="19F6633B-1E94-95F6-6115-C0C91502758E"/>
</indexColumnUsage>
</ind_PK_UK>
<ind_PK_UK id="8400C4B7-649D-E93E-EDCD-7359B0D02B40" name="FK_ASIGNACION_TURNO_PERSONAL">
<createdBy>Darklight</createdBy>
<createdTime>2025-10-07 19:35:40 UTC</createdTime>
<generatorID>667B7E1C-3A24-3710-124D-070516554F0B</generatorID>
<ownerDesignName>EFT_S9_Benjamin_Ruiz</ownerDesignName>
<indexState>Foreign Key</indexState>
<isSurrogateKey>false</isSurrogateKey>
<indexColumnUsage>
<colUsage columnID="658E60FA-CC89-F4FE-1AE8-AE4400DC33F4"/>
</indexColumnUsage>
</ind_PK_UK>
<ind_PK_UK id="D7A47382-E25C-90D9-3643-0E9AF762570C" name="FK_ASIGNACION_TURNO_TURNO">
<createdBy>Darklight</createdBy>
<createdTime>2025-10-07 19:35:40 UTC</createdTime>
<generatorID>486DF8C9-1A20-D10F-4E90-9AFF0A2DC7B8</generatorID>
<ownerDesignName>EFT_S9_Benjamin_Ruiz</ownerDesignName>
<indexState>Foreign Key</indexState>
<isSurrogateKey>false</isSurrogateKey>
<indexColumnUsage>
<colUsage columnID="7D908D34-3412-6EED-B99D-487859986FA8"/>
</indexColumnUsage>
</ind_PK_UK>
<ind_PK_UK id="EED399BF-B3F1-C9F1-632D-DE04248EDBED" name="FK_ASIGNACION_TURNO_MAQUINA">
<createdBy>Darklight</createdBy>
<createdTime>2025-10-07 19:35:40 UTC</createdTime>
<generatorID>F190E91C-4246-D7C6-7D3E-B269314D9579</generatorID>
<ownerDesignName>EFT_S9_Benjamin_Ruiz</ownerDesignName>
<indexState>Foreign Key</indexState>
<isSurrogateKey>false</isSurrogateKey>
<indexColumnUsage>
<colUsage columnID="CC44DB5E-41FE-131C-2AAB-FD880916563F"/>
<colUsage columnID="19F6633B-1E94-95F6-6115-C0C91502758E"/>
</indexColumnUsage>
</ind_PK_UK>
</indexes>
</Table>