<?xml version = '1.0' encoding = 'UTF-8'?>
<Table class="oracle.dbtools.crest.model.design.relational.Table" directorySegmentName="seg_0" id="E3EFB40B-4188-CFB7-AC89-C6B3697F35C2" name="JEFE_TURNO">
<createdBy>Darklight</createdBy>
<createdTime>2025-10-07 19:35:40 UTC</createdTime>
<generatorID>F162ED54-023D-3D52-1454-9E978721D4DE</generatorID>
<ownerDesignName>EFT_S9_Benjamin_Ruiz</ownerDesignName>
<allowColumnReorder>false</allowColumnReorder>
<existDependencyGenerateInDDl>true</existDependencyGenerateInDDl>
<parsed>true</parsed>
<columns itemClass="oracle.dbtools.crest.model.design.relational.Column">
<Column name="id_personal" id="1215B186-E8C8-40B8-2AED-067F8DE32080">
<createdBy>Darklight</createdBy>
<createdTime>2025-10-07 19:35:40 UTC</createdTime>
<generatorID>8B93941E-F079-6C68-C50E-6475F8E7B781</generatorID>
<ownerDesignName>EFT_S9_Benjamin_Ruiz</ownerDesignName>
<useDomainConstraints>false</useDomainConstraints>
<use>1</use>
<logicalDatatype>LOGDT011</logicalDatatype>
<ownDataTypeParameters>,,</ownDataTypeParameters>
<autoIncrementCycle>false</autoIncrementCycle>
<associations>
<colAssociation fkAssociation="789B47B4-1D16-2D7F-A234-8B2229A72331" referredColumn="21AF8B75-EB5D-E667-31D8-D07589513F50"/>
</associations>
</Column>
<Column name="PLANTA_id_planta" id="F1273486-B051-68EC-5388-9F4E9DA1300D">
<createdBy>Darklight</createdBy>
<createdTime>2025-10-07 19:35:40 UTC</createdTime>
<generatorID>87366354-C19B-1901-5CA0-10412F4E5779</generatorID>
<ownerDesignName>EFT_S9_Benjamin_Ruiz</ownerDesignName>
<useDomainConstraints>false</useDomainConstraints>
<use>1</use>
<logicalDatatype>LOGDT011</logicalDatatype>
<ownDataTypeParameters>,,</ownDataTypeParameters>
<previousColumn>false</previousColumn>
<autoIncrementCycle>false</autoIncrementCycle>
<associations>
<colAssociation fkAssociation="6EB436AA-F798-9B0D-94C9-A5B22186A5BA" referredColumn="00347B1F-8F75-B28E-4911-08BFB08D7344"/>
</associations>
</Column>
<Column name="max_operarios" id="292984BB-C69E-D496-C1C0-369CFCBA6B1D">
<createdBy>Darklight</createdBy>
<createdTime>2025-10-07 19:35:40 UTC</createdTime>
<generatorID>EBAD72DD-0BF5-5E29-0B9F-482351F9070B</generatorID>
<ownerDesignName>EFT_S9_Benjamin_Ruiz</ownerDesignName>
<useDomainConstraints>false</useDomainConstraints>
<use>1</use>
<logicalDatatype>LOGDT011</logicalDatatype>
<ownDataTypeParameters>,,</ownDataTypeParameters>
<autoIncrementCycle>false</autoIncrementCycle>
</Column>
</columns>
<indexes itemClass="oracle.dbtools.crest.model.design.relational.Index">
<ind_PK_UK id="51FA91AC-24FC-F966-C462-91CFBAB0C52F" name="PK_JEFE_TURNO">
<createdBy>Darklight</createdBy>
<createdTime>2025-10-07 19:35:40 UTC</createdTime>
<generatorID>6A95E621-3721-6E65-8B44-5C4A94DBFA89</generatorID>
<ownerDesignName>EFT_S9_Benjamin_Ruiz</ownerDesignName>
<pk>true</pk>
<indexState>Primary Constraint</indexState>
<isSurrogateKey>false</isSurrogateKey>
<indexColumnUsage>
<colUsage columnID="1215B186-E8C8-40B8-2AED-067F8DE32080"/>
</indexColumnUsage>
</ind_PK_UK>
<ind_PK_UK id="475B3F27-08C9-CF8B-7753-E6C77D71F359" name="FK_JEFE_TURNO_PERSONAL">
<createdBy>Darklight</createdBy>
<createdTime>2025-10-07 19:35:40 UTC</createdTime>
<generatorID>A0826B9D-BF13-E44A-200F-ED49D44014AA</generatorID>
<ownerDesignName>EFT_S9_Benjamin_Ruiz</ownerDesignName>
<indexState>Foreign Key</indexState>
<isSurrogateKey>false</isSurrogateKey>
<indexColumnUsage>
<colUsage columnID="1215B186-E8C8-40B8-2AED-067F8DE32080"/>
</indexColumnUsage>
</ind_PK_UK>
<ind_PK_UK id="A7B565AB-6A5C-5CD4-8BBE-6629BB04FD83" name="FK_JEFE_TURNO_PLANTA">
<createdBy>Darklight</createdBy>
<createdTime>2025-10-07 19:35:40 UTC</createdTime>
<generatorID>289FE1D6-4EF2-5270-70DE-CDA8621175C7</generatorID>
<ownerDesignName>EFT_S9_Benjamin_Ruiz</ownerDesignName>
<indexState>Foreign Key</indexState>
<isSurrogateKey>false</isSurrogateKey>
<indexColumnUsage>
<colUsage columnID="F1273486-B051-68EC-5388-9F4E9DA1300D"/>
</indexColumnUsage>
</ind_PK_UK>
</indexes>
</Table>