<?xml version = '1.0' encoding = 'UTF-8'?>
<relationalModel class="oracle.dbtools.crest.model.design.relational.RelationalDesign" name="Relational_1" id="2BAFFC25-4113-A07D-7FD2-1CD9E452AE18" mainViewID="3A5F8F54-F06B-E2BE-6112-73A8CD06F121">
<createdBy>Darklight</createdBy>
<createdTime>2025-09-11 03:26:13 UTC</createdTime>
<ownerDesignName>Exp2_S5_Benjamin_Ruiz</ownerDesignName>
<shouldBeOpen>true</shouldBeOpen>
<selectedRDBMSSite>32076570-2523-435C-2E92-BF29817DFF70</selectedRDBMSSite>
</relationalModel>