<?xml version = '1.0' encoding = 'UTF-8'?>
<FKArc class="oracle.dbtools.crest.model.design.relational.FKArc" directorySegmentName="seg_0" id="866C6987-35A0-0D00-5EEC-95CFEB32E408" name="FKArc_2">
<createdBy>Darklight</createdBy>
<createdTime>2025-10-07 19:35:40 UTC</createdTime>
<ownerDesignName>EFT_S9_Benjamin_Ruiz</ownerDesignName>
<mandatory>false</mandatory>
<reverseArc>true</reverseArc>
<table>364835C4-F713-B2CE-BA2F-3A77A817151F</table>
<fkeys>
<fkeyID>789B47B4-1D16-2D7F-A234-8B2229A72331</fkeyID>
<fkeyID>083C5932-E7DD-9D8D-03BA-5A2D810C93E6</fkeyID>
<fkeyID>83CF21C7-5E39-15FD-03C1-DE23AC24D776</fkeyID>
</fkeys>
</FKArc>