<?xml version = '1.0' encoding = 'UTF-8'?>
<relationalModel class="oracle.dbtools.crest.model.design.relational.RelationalDesign" name="Relational_1" id="7C5BFE72-54B9-220C-DFDA-15DE8505C630" mainViewID="03160E33-11BF-2765-6167-59C6732C3DAC">
<createdBy>Darklight</createdBy>
<createdTime>2025-08-30 00:04:48 UTC</createdTime>
<ownerDesignName>Exp1_S3_Grupo22</ownerDesignName>
<shouldBeOpen>true</shouldBeOpen>
<selectedRDBMSSite>32076570-2523-435C-2E92-BF29817DFF70</selectedRDBMSSite>
</relationalModel>