<?xml version = '1.0' encoding = 'UTF-8'?>
<FKIndexAssociation class="oracle.dbtools.crest.model.design.relational.FKIndexAssociation" directorySegmentName="seg_0" id="083C5932-E7DD-9D8D-03BA-5A2D810C93E6" containerWithKeyObject="89CC6B6D-7807-721A-6139-A4E308B4A703" localFKIndex="B3746EB6-4735-A454-5D78-46F9E67A92F6" name="FK_OPERARIO_PERSONAL">
<createdBy>Darklight</createdBy>
<createdTime>2025-10-07 19:35:40 UTC</createdTime>
<generatorID>BA32B2EC-2C16-17E3-DF90-B414BBC45BCC</generatorID>
<ownerDesignName>EFT_S9_Benjamin_Ruiz</ownerDesignName>
<referredTableLongName>PERSONAL</referredTableLongName>
<arc>866C6987-35A0-0D00-5EEC-95CFEB32E408</arc>
<deleteRule>NO ACTION</deleteRule>
<referredTableID>364835C4-F713-B2CE-BA2F-3A77A817151F</referredTableID>
<keyObject>CE802386-2206-63CD-3E31-7608DE962144</keyObject>
<referredKeyID>CE802386-2206-63CD-3E31-7608DE962144</referredKeyID>
<mandatory>true</mandatory>
<refColNames>id_personal</refColNames>
<transferable>true</transferable>
<rely>false</rely>
<columnDependencyConstraintGenerateInDDL>true</columnDependencyConstraintGenerateInDDL>
</FKIndexAssociation>