<?xml version = '1.0' encoding = 'UTF-8'?>
<FKIndexAssociation class="oracle.dbtools.crest.model.design.relational.FKIndexAssociation" directorySegmentName="seg_0" id="4089A929-7C31-5D5E-F7B3-990E2AEC2FD9" containerWithKeyObject="364835C4-F713-B2CE-BA2F-3A77A817151F" localFKIndex="5CD79692-734B-1071-70D2-A95DC47CAD52" name="FK_PERSONAL_PERSONAL">
<createdBy>Darklight</createdBy>
<createdTime>2025-10-07 19:35:40 UTC</createdTime>
<generatorID>57B2BAE9-EB88-7114-710D-8DD2E2C740C0</generatorID>
<ownerDesignName>EFT_S9_Benjamin_Ruiz</ownerDesignName>
<referredTableLongName>PERSONAL</referredTableLongName>
<deleteRule>NO ACTION</deleteRule>
<referredTableID>364835C4-F713-B2CE-BA2F-3A77A817151F</referredTableID>
<keyObject>CE802386-2206-63CD-3E31-7608DE962144</keyObject>
<referredKeyID>CE802386-2206-63CD-3E31-7608DE962144</referredKeyID>
<mandatory>true</mandatory>
<refColNames>id_personal</refColNames>
<transferable>true</transferable>
<rely>false</rely>
<columnDependencyConstraintGenerateInDDL>true</columnDependencyConstraintGenerateInDDL>
</FKIndexAssociation>