<?xml version = '1.0' encoding = 'UTF-8'?>
<FKIndexAssociation class="oracle.dbtools.crest.model.design.relational.FKIndexAssociation" directorySegmentName="seg_0" id="43B1ADE3-54CE-FDCA-18E1-5B8B3EA7B809" containerWithKeyObject="DC45CE9A-3BB6-23CA-6259-CD4570703380" localFKIndex="EED399BF-B3F1-C9F1-632D-DE04248EDBED" name="FK_ASIGNACION_TURNO_MAQUINA">
<createdBy>Darklight</createdBy>
<createdTime>2025-10-07 19:35:40 UTC</createdTime>
<generatorID>F190E91C-4246-D7C6-7D3E-B269314D9579</generatorID>
<ownerDesignName>EFT_S9_Benjamin_Ruiz</ownerDesignName>
<referredTableLongName>MAQUINA</referredTableLongName>
<deleteRule>NO ACTION</deleteRule>
<referredTableID>528C9B2B-6AB5-6AC2-C1DE-EA84A932C545</referredTableID>
<keyObject>0EA2C9E8-593B-F7F9-1FE4-70BA1B7DF4D2</keyObject>
<referredKeyID>0EA2C9E8-593B-F7F9-1FE4-70BA1B7DF4D2</referredKeyID>
<mandatory>true</mandatory>
<refColNames>id_planta,id_tipo_maquina</refColNames>
<transferable>true</transferable>
<rely>false</rely>
<columnDependencyConstraintGenerateInDDL>true</columnDependencyConstraintGenerateInDDL>
</FKIndexAssociation>