<?xml version = '1.0' encoding = 'UTF-8'?>
<FKIndexAssociation class="oracle.dbtools.crest.model.design.relational.FKIndexAssociation" directorySegmentName="seg_0" id="4F1BF261-7915-5140-BD5B-3B90784E5313" containerWithKeyObject="DC45CE9A-3BB6-23CA-6259-CD4570703380" localFKIndex="D7A47382-E25C-90D9-3643-0E9AF762570C" name="FK_ASIGNACION_TURNO_TURNO">
<createdBy>Darklight</createdBy>
<createdTime>2025-10-07 19:35:40 UTC</createdTime>
<generatorID>486DF8C9-1A20-D10F-4E90-9AFF0A2DC7B8</generatorID>
<ownerDesignName>EFT_S9_Benjamin_Ruiz</ownerDesignName>
<referredTableLongName>TURNO</referredTableLongName>
<deleteRule>NO ACTION</deleteRule>
<referredTableID>1D57F32C-B512-DFD2-AD45-F8311AC2B46C</referredTableID>
<keyObject>9A776652-55C7-68C9-C2EB-AA122A28EECD</keyObject>
<referredKeyID>9A776652-55C7-68C9-C2EB-AA122A28EECD</referredKeyID>
<mandatory>true</mandatory>
<refColNames>id_turno</refColNames>
<transferable>true</transferable>
<rely>false</rely>
<columnDependencyConstraintGenerateInDDL>true</columnDependencyConstraintGenerateInDDL>
</FKIndexAssociation>