<?xml version = '1.0' encoding = 'UTF-8'?>
<FKIndexAssociation class="oracle.dbtools.crest.model.design.relational.FKIndexAssociation" directorySegmentName="seg_0" id="5B1F659B-A780-56B7-5DC7-8AFCA7CCD045" containerWithKeyObject="3831F12D-9329-221C-8EA7-51DC4A8A63D3" localFKIndex="B21E5FB5-3724-9ADA-C7BB-ED44E86E0D9C" name="FK_COMUNA_REGION">
<createdBy>Darklight</createdBy>
<createdTime>2025-10-07 19:35:40 UTC</createdTime>
<generatorID>526F91E2-6042-3C9A-4C43-AF9D24371BB1</generatorID>
<ownerDesignName>EFT_S9_Benjamin_Ruiz</ownerDesignName>
<referredTableLongName>REGION</referredTableLongName>
<deleteRule>NO ACTION</deleteRule>
<referredTableID>9ABC69C8-F070-22E7-1BB5-27362CE95875</referredTableID>
<keyObject>A9675CAF-CE78-016E-9C6F-BF49989535FA</keyObject>
<referredKeyID>A9675CAF-CE78-016E-9C6F-BF49989535FA</referredKeyID>
<mandatory>true</mandatory>
<refColNames>id_region</refColNames>
<transferable>true</transferable>
<rely>false</rely>
<columnDependencyConstraintGenerateInDDL>true</columnDependencyConstraintGenerateInDDL>
</FKIndexAssociation>