<?xml version = '1.0' encoding = 'UTF-8'?>
<FKIndexAssociation class="oracle.dbtools.crest.model.design.relational.FKIndexAssociation" directorySegmentName="seg_0" id="65635483-27E8-9803-5685-538E0106BCB6" containerWithKeyObject="B695DC29-DA17-EFF2-8FD0-2F8053B554B0" localFKIndex="DB01A65F-506E-E9CF-748E-425CBA301D3C" name="FK_ORDEN_MANTENCION_MAQUINA">
<createdBy>Darklight</createdBy>
<createdTime>2025-10-07 19:35:40 UTC</createdTime>
<generatorID>136A78CC-9ECD-3CEB-55E3-60678C66F636</generatorID>
<ownerDesignName>EFT_S9_Benjamin_Ruiz</ownerDesignName>
<referredTableLongName>MAQUINA</referredTableLongName>
<deleteRule>NO ACTION</deleteRule>
<referredTableID>528C9B2B-6AB5-6AC2-C1DE-EA84A932C545</referredTableID>
<keyObject>0EA2C9E8-593B-F7F9-1FE4-70BA1B7DF4D2</keyObject>
<referredKeyID>0EA2C9E8-593B-F7F9-1FE4-70BA1B7DF4D2</referredKeyID>
<mandatory>true</mandatory>
<refColNames>id_planta,id_tipo_maquina</refColNames>
<transferable>true</transferable>
<rely>false</rely>
<columnDependencyConstraintGenerateInDDL>true</columnDependencyConstraintGenerateInDDL>
</FKIndexAssociation>