<?xml version = '1.0' encoding = 'UTF-8'?>
<FKIndexAssociation class="oracle.dbtools.crest.model.design.relational.FKIndexAssociation" directorySegmentName="seg_0" id="69E8899F-1EDE-17B0-4C48-91AB1892C73E" containerWithKeyObject="B695DC29-DA17-EFF2-8FD0-2F8053B554B0" localFKIndex="2CE5E3E6-1D5B-82C1-BA27-A5840A5CBB70" name="FK_ORDEN_MANTENCION_PERSONAL">
<createdBy>Darklight</createdBy>
<createdTime>2025-10-07 19:35:40 UTC</createdTime>
<generatorID>06E82837-97E9-CD4C-2A70-E6344C0E10A7</generatorID>
<ownerDesignName>EFT_S9_Benjamin_Ruiz</ownerDesignName>
<referredTableLongName>PERSONAL</referredTableLongName>
<deleteRule>NO ACTION</deleteRule>
<referredTableID>364835C4-F713-B2CE-BA2F-3A77A817151F</referredTableID>
<keyObject>CE802386-2206-63CD-3E31-7608DE962144</keyObject>
<referredKeyID>CE802386-2206-63CD-3E31-7608DE962144</referredKeyID>
<mandatory>true</mandatory>
<refColNames>id_personal</refColNames>
<transferable>true</transferable>
<rely>false</rely>
<columnDependencyConstraintGenerateInDDL>true</columnDependencyConstraintGenerateInDDL>
</FKIndexAssociation>