<?xml version = '1.0' encoding = 'UTF-8'?>
<FKIndexAssociation class="oracle.dbtools.crest.model.design.relational.FKIndexAssociation" directorySegmentName="seg_0" id="6E066DA0-5663-33A8-217F-C7D0637098E5" containerWithKeyObject="54D9FF02-1504-8D57-6FAC-6A7B45C246EC" localFKIndex="0B230EFB-01EA-80BC-AC31-78E969C7F5FD" name="FK_PLANTA_COMUNA">
<createdBy>Darklight</createdBy>
<createdTime>2025-10-07 19:35:40 UTC</createdTime>
<generatorID>17E9BD8C-6071-8B4F-B04F-B720DB10A2F1</generatorID>
<ownerDesignName>EFT_S9_Benjamin_Ruiz</ownerDesignName>
<referredTableLongName>COMUNA</referredTableLongName>
<deleteRule>NO ACTION</deleteRule>
<referredTableID>3831F12D-9329-221C-8EA7-51DC4A8A63D3</referredTableID>
<keyObject>9DF7E84B-3970-26DC-DAC2-506E3D325402</keyObject>
<referredKeyID>9DF7E84B-3970-26DC-DAC2-506E3D325402</referredKeyID>
<mandatory>true</mandatory>
<refColNames>id_comuna</refColNames>
<transferable>true</transferable>
<rely>false</rely>
<columnDependencyConstraintGenerateInDDL>true</columnDependencyConstraintGenerateInDDL>
</FKIndexAssociation>