<?xml version = '1.0' encoding = 'UTF-8'?>
<FKIndexAssociation class="oracle.dbtools.crest.model.design.relational.FKIndexAssociation" directorySegmentName="seg_0" id="6EB436AA-F798-9B0D-94C9-A5B22186A5BA" containerWithKeyObject="E3EFB40B-4188-CFB7-AC89-C6B3697F35C2" localFKIndex="A7B565AB-6A5C-5CD4-8BBE-6629BB04FD83" name="FK_JEFE_TURNO_PLANTA">
<createdBy>Darklight</createdBy>
<createdTime>2025-10-07 19:35:40 UTC</createdTime>
<generatorID>289FE1D6-4EF2-5270-70DE-CDA8621175C7</generatorID>
<ownerDesignName>EFT_S9_Benjamin_Ruiz</ownerDesignName>
<referredTableLongName>PLANTA</referredTableLongName>
<deleteRule>NO ACTION</deleteRule>
<referredTableID>54D9FF02-1504-8D57-6FAC-6A7B45C246EC</referredTableID>
<keyObject>3D5C7A5B-1403-C687-E108-A6A95B807526</keyObject>
<referredKeyID>3D5C7A5B-1403-C687-E108-A6A95B807526</referredKeyID>
<mandatory>true</mandatory>
<refColNames>id_planta</refColNames>
<transferable>true</transferable>
<rely>false</rely>
<columnDependencyConstraintGenerateInDDL>true</columnDependencyConstraintGenerateInDDL>
</FKIndexAssociation>