<?xml version = '1.0' encoding = 'UTF-8'?>
<FKIndexAssociation class="oracle.dbtools.crest.model.design.relational.FKIndexAssociation" directorySegmentName="seg_0" id="789B47B4-1D16-2D7F-A234-8B2229A72331" containerWithKeyObject="E3EFB40B-4188-CFB7-AC89-C6B3697F35C2" localFKIndex="475B3F27-08C9-CF8B-7753-E6C77D71F359" name="FK_JEFE_TURNO_PERSONAL">
<createdBy>Darklight</createdBy>
<createdTime>2025-10-07 19:35:40 UTC</createdTime>
<generatorID>A0826B9D-BF13-E44A-200F-ED49D44014AA</generatorID>
<ownerDesignName>EFT_S9_Benjamin_Ruiz</ownerDesignName>
<referredTableLongName>PERSONAL</referredTableLongName>
<arc>866C6987-35A0-0D00-5EEC-95CFEB32E408</arc>
<deleteRule>NO ACTION</deleteRule>
<referredTableID>364835C4-F713-B2CE-BA2F-3A77A817151F</referredTableID>
<keyObject>CE802386-2206-63CD-3E31-7608DE962144</keyObject>
<referredKeyID>CE802386-2206-63CD-3E31-7608DE962144</referredKeyID>
<mandatory>true</mandatory>
<refColNames>id_personal</refColNames>
<transferable>true</transferable>
<rely>false</rely>
<columnDependencyConstraintGenerateInDDL>true</columnDependencyConstraintGenerateInDDL>
</FKIndexAssociation>