<?xml version = '1.0' encoding = 'UTF-8'?>
<FKIndexAssociation class="oracle.dbtools.crest.model.design.relational.FKIndexAssociation" directorySegmentName="seg_0" id="7BBBC19F-48C8-619C-CA17-F4A256C7C6E4" containerWithKeyObject="89CC6B6D-7807-721A-6139-A4E308B4A703" localFKIndex="05CF2E75-2400-672B-F8C2-1BED5F4E13FE" name="FK_OPERARIO_CERTIFICACION">
<createdBy>Darklight</createdBy>
<createdTime>2025-10-07 19:35:40 UTC</createdTime>
<generatorID>0CCAB708-A79E-E873-EA1A-52E82446BB38</generatorID>
<ownerDesignName>EFT_S9_Benjamin_Ruiz</ownerDesignName>
<referredTableLongName>CERTIFICACION</referredTableLongName>
<deleteRule>NO ACTION</deleteRule>
<referredTableID>6896C718-C717-1583-5C5B-785EB8F02AB1</referredTableID>
<keyObject>6AFCF052-1062-AFCF-AE0B-384720E3EB40</keyObject>
<referredKeyID>6AFCF052-1062-AFCF-AE0B-384720E3EB40</referredKeyID>
<mandatory>false</mandatory>
<refColNames>id_certificacion</refColNames>
<transferable>true</transferable>
<rely>false</rely>
<columnDependencyConstraintGenerateInDDL>true</columnDependencyConstraintGenerateInDDL>
</FKIndexAssociation>