<?xml version = '1.0' encoding = 'UTF-8'?>
<FKIndexAssociation class="oracle.dbtools.crest.model.design.relational.FKIndexAssociation" directorySegmentName="seg_0" id="7EAFE17B-6B0F-EE52-D3BB-6DDA9B9DED22" containerWithKeyObject="528C9B2B-6AB5-6AC2-C1DE-EA84A932C545" localFKIndex="E93A9CBF-3E0A-05C9-F15E-B642CCFC3332" name="FK_MAQUINA_PLANTA">
<createdBy>Darklight</createdBy>
<createdTime>2025-10-07 19:35:40 UTC</createdTime>
<generatorID>108E3890-AD94-1E73-C619-A27A81DD447D</generatorID>
<ownerDesignName>EFT_S9_Benjamin_Ruiz</ownerDesignName>
<referredTableLongName>PLANTA</referredTableLongName>
<deleteRule>NO ACTION</deleteRule>
<referredTableID>54D9FF02-1504-8D57-6FAC-6A7B45C246EC</referredTableID>
<keyObject>3D5C7A5B-1403-C687-E108-A6A95B807526</keyObject>
<referredKeyID>3D5C7A5B-1403-C687-E108-A6A95B807526</referredKeyID>
<mandatory>true</mandatory>
<refColNames>id_planta</refColNames>
<transferable>true</transferable>
<rely>false</rely>
<columnDependencyConstraintGenerateInDDL>true</columnDependencyConstraintGenerateInDDL>
</FKIndexAssociation>