<?xml version = '1.0' encoding = 'UTF-8'?>
<FKIndexAssociation class="oracle.dbtools.crest.model.design.relational.FKIndexAssociation" directorySegmentName="seg_0" id="9BF772C8-A0DC-5B96-6357-1790EAF82D43" containerWithKeyObject="58B34963-D559-6094-ED59-C967ACDBD20A" localFKIndex="47C55049-F4E4-A098-C207-9F502CD81B38" name="FK_TECNICO_CERTIFICACION">
<createdBy>Darklight</createdBy>
<createdTime>2025-10-07 19:35:40 UTC</createdTime>
<generatorID>55442F89-97DC-7A69-2A9E-AE4C04723D7E</generatorID>
<ownerDesignName>EFT_S9_Benjamin_Ruiz</ownerDesignName>
<referredTableLongName>CERTIFICACION</referredTableLongName>
<deleteRule>NO ACTION</deleteRule>
<referredTableID>6896C718-C717-1583-5C5B-785EB8F02AB1</referredTableID>
<keyObject>6AFCF052-1062-AFCF-AE0B-384720E3EB40</keyObject>
<referredKeyID>6AFCF052-1062-AFCF-AE0B-384720E3EB40</referredKeyID>
<mandatory>false</mandatory>
<refColNames>id_certificacion</refColNames>
<transferable>true</transferable>
<rely>false</rely>
<columnDependencyConstraintGenerateInDDL>true</columnDependencyConstraintGenerateInDDL>
</FKIndexAssociation>