<?xml version = '1.0' encoding = 'UTF-8'?>
<FKIndexAssociation class="oracle.dbtools.crest.model.design.relational.FKIndexAssociation" directorySegmentName="seg_0" id="B8539DC7-1F14-0C48-A557-5576C5B45B83" containerWithKeyObject="364835C4-F713-B2CE-BA2F-3A77A817151F" localFKIndex="D4545EE7-5255-9863-6529-69F34E5D8149" name="FK_PERSONAL_AFP">
<createdBy>Darklight</createdBy>
<createdTime>2025-10-07 19:35:40 UTC</createdTime>
<generatorID>A6B47D50-DE09-E19D-9248-B0768CC41694</generatorID>
<ownerDesignName>EFT_S9_Benjamin_Ruiz</ownerDesignName>
<referredTableLongName>AFP</referredTableLongName>
<deleteRule>NO ACTION</deleteRule>
<referredTableID>D29CEC56-F3A9-4BB7-3B2F-39995F4BA53F</referredTableID>
<keyObject>45F7077A-6863-FF52-EDC4-6E28F89D378D</keyObject>
<referredKeyID>45F7077A-6863-FF52-EDC4-6E28F89D378D</referredKeyID>
<mandatory>true</mandatory>
<refColNames>id_afp</refColNames>
<transferable>true</transferable>
<rely>false</rely>
<columnDependencyConstraintGenerateInDDL>true</columnDependencyConstraintGenerateInDDL>
</FKIndexAssociation>