<?xml version = '1.0' encoding = 'UTF-8'?>
<FKIndexAssociation class="oracle.dbtools.crest.model.design.relational.FKIndexAssociation" directorySegmentName="seg_0" id="BC787A8F-A58A-8075-A37A-375BF9500478" containerWithKeyObject="DC45CE9A-3BB6-23CA-6259-CD4570703380" localFKIndex="8400C4B7-649D-E93E-EDCD-7359B0D02B40" name="FK_ASIGNACION_TURNO_PERSONAL">
<createdBy>Darklight</createdBy>
<createdTime>2025-10-07 19:35:40 UTC</createdTime>
<generatorID>667B7E1C-3A24-3710-124D-070516554F0B</generatorID>
<ownerDesignName>EFT_S9_Benjamin_Ruiz</ownerDesignName>
<referredTableLongName>PERSONAL</referredTableLongName>
<deleteRule>NO ACTION</deleteRule>
<referredTableID>364835C4-F713-B2CE-BA2F-3A77A817151F</referredTableID>
<keyObject>CE802386-2206-63CD-3E31-7608DE962144</keyObject>
<referredKeyID>CE802386-2206-63CD-3E31-7608DE962144</referredKeyID>
<mandatory>true</mandatory>
<refColNames>id_personal</refColNames>
<transferable>true</transferable>
<rely>false</rely>
<columnDependencyConstraintGenerateInDDL>true</columnDependencyConstraintGenerateInDDL>
</FKIndexAssociation>