<?xml version = '1.0' encoding = 'UTF-8'?>
<FKIndexAssociation class="oracle.dbtools.crest.model.design.relational.FKIndexAssociation" directorySegmentName="seg_0" id="C63DA1D1-3B9B-4BA2-3D16-B0CC4EA93B5F" containerWithKeyObject="364835C4-F713-B2CE-BA2F-3A77A817151F" localFKIndex="5535A6AE-DB86-6164-2143-481716BA2167" name="FK_PERSONAL_SALUD">
<createdBy>Darklight</createdBy>
<createdTime>2025-10-07 19:35:40 UTC</createdTime>
<generatorID>2D6748B9-6C5B-F48D-2D33-220187DA8639</generatorID>
<ownerDesignName>EFT_S9_Benjamin_Ruiz</ownerDesignName>
<referredTableLongName>SALUD</referredTableLongName>
<deleteRule>NO ACTION</deleteRule>
<referredTableID>42C714F9-538B-D7CB-E393-AA92A740560E</referredTableID>
<keyObject>85A3C6C7-418B-546C-8F29-FC7FB26A237B</keyObject>
<referredKeyID>85A3C6C7-418B-546C-8F29-FC7FB26A237B</referredKeyID>
<mandatory>true</mandatory>
<refColNames>id_salud</refColNames>
<transferable>true</transferable>
<rely>false</rely>
<columnDependencyConstraintGenerateInDDL>true</columnDependencyConstraintGenerateInDDL>
</FKIndexAssociation>