<?xml version = '1.0' encoding = 'UTF-8'?>
<FKIndexAssociation class="oracle.dbtools.crest.model.design.relational.FKIndexAssociation" directorySegmentName="seg_0" id="ED312D85-4819-7E37-7880-622C59FEA69C" containerWithKeyObject="528C9B2B-6AB5-6AC2-C1DE-EA84A932C545" localFKIndex="7BF20409-7555-4290-FB8C-9E7D76565A54" name="FK_MAQUINA_TIPO_MAQUINA">
<createdBy>Darklight</createdBy>
<createdTime>2025-10-07 19:35:40 UTC</createdTime>
<generatorID>BB5F03D1-7302-B6F5-A534-18E0A35527E3</generatorID>
<ownerDesignName>EFT_S9_Benjamin_Ruiz</ownerDesignName>
<referredTableLongName>TIPO_MAQUINA</referredTableLongName>
<deleteRule>NO ACTION</deleteRule>
<referredTableID>3E2C88F6-A753-945C-1A72-95FB38A18136</referredTableID>
<keyObject>98BE3554-9910-D249-C37C-35CB2ECA5B5B</keyObject>
<referredKeyID>98BE3554-9910-D249-C37C-35CB2ECA5B5B</referredKeyID>
<mandatory>true</mandatory>
<refColNames>id_tipo_maquina</refColNames>
<transferable>true</transferable>
<rely>false</rely>
<columnDependencyConstraintGenerateInDDL>true</columnDependencyConstraintGenerateInDDL>
</FKIndexAssociation>