<?xml version = '1.0' encoding = 'UTF-8'?>
<FKIndexAssociation class="oracle.dbtools.crest.model.design.relational.FKIndexAssociation" directorySegmentName="seg_0" id="02D4BF89-421C-009E-18CD-40138E9B5E18" containerWithKeyObject="24FFCFCD-AED0-86E4-416F-9438991328FD" localFKIndex="5E3D1BFB-30F6-128E-7843-0D2D1B62F92E" name="PACIENTE_COMUNA_FK">
<createdBy>Darklight</createdBy>
<createdTime>2025-09-12 00:28:08 UTC</createdTime>
<generatorID>7726469C-CA37-1B36-EA82-250298D23CB4</generatorID>
<ownerDesignName>Exp2_S5_Benjamin_Ruiz</ownerDesignName>
<referredTableLongName>COMUNA</referredTableLongName>
<deleteRule>NO ACTION</deleteRule>
<referredTableID>8D2F6AC8-9ADF-6166-804C-551B9BFCF608</referredTableID>
<keyObject>E8F9CC84-358F-731C-0906-A66DCC1B8281</keyObject>
<referredKeyID>E8F9CC84-358F-731C-0906-A66DCC1B8281</referredKeyID>
<mandatory>true</mandatory>
<refColNames>id_comuna</refColNames>
<transferable>true</transferable>
<rely>false</rely>
<columnDependencyConstraintGenerateInDDL>true</columnDependencyConstraintGenerateInDDL>
</FKIndexAssociation>