<?xml version = '1.0' encoding = 'UTF-8'?>
<FKIndexAssociation class="oracle.dbtools.crest.model.design.relational.FKIndexAssociation" directorySegmentName="seg_0" id="201AC8FE-DA23-3D2A-2A19-0E7B6D69E407" containerWithKeyObject="0CD98306-3093-55E0-226F-B58535BE472C" localFKIndex="79B1C6DE-9F28-E1D7-BDD1-F510ABF56AB4" name="EXAMEN_MUESTRA_FK">
<createdBy>Darklight</createdBy>
<createdTime>2025-09-12 00:28:08 UTC</createdTime>
<generatorID>EAC7EF71-EA78-26A7-5F0E-E21F3E2FE5BA</generatorID>
<ownerDesignName>Exp2_S5_Benjamin_Ruiz</ownerDesignName>
<referredTableLongName>MUESTRA</referredTableLongName>
<deleteRule>NO ACTION</deleteRule>
<referredTableID>CC01A4F8-44D3-A954-19BB-959105392E98</referredTableID>
<keyObject>1442AB6F-AFF0-36C2-14E7-A09C941658E1</keyObject>
<referredKeyID>1442AB6F-AFF0-36C2-14E7-A09C941658E1</referredKeyID>
<mandatory>true</mandatory>
<refColNames>id_muestra</refColNames>
<transferable>true</transferable>
<rely>false</rely>
<columnDependencyConstraintGenerateInDDL>true</columnDependencyConstraintGenerateInDDL>
</FKIndexAssociation>