<?xml version = '1.0' encoding = 'UTF-8'?>
<FKIndexAssociation class="oracle.dbtools.crest.model.design.relational.FKIndexAssociation" directorySegmentName="seg_0" id="58D42482-E757-7820-9941-63110E1DDB28" containerWithKeyObject="D6EE083C-F9AF-7FB9-6392-4F3B6000C951" localFKIndex="383F591A-CB85-CDA3-8AA0-A0F32211912B" name="MEDICO_AFP_FK">
<createdBy>Darklight</createdBy>
<createdTime>2025-09-12 00:28:08 UTC</createdTime>
<generatorID>558683F3-6965-590A-1866-DBD86664433F</generatorID>
<ownerDesignName>Exp2_S5_Benjamin_Ruiz</ownerDesignName>
<referredTableLongName>AFP</referredTableLongName>
<deleteRule>NO ACTION</deleteRule>
<referredTableID>15C8399A-8892-E0AA-D962-CCB37B1534AA</referredTableID>
<keyObject>98FCDDD1-4700-B6D5-0410-9A7695E759B3</keyObject>
<referredKeyID>98FCDDD1-4700-B6D5-0410-9A7695E759B3</referredKeyID>
<mandatory>true</mandatory>
<refColNames>id_afp</refColNames>
<transferable>true</transferable>
<rely>false</rely>
<columnDependencyConstraintGenerateInDDL>true</columnDependencyConstraintGenerateInDDL>
</FKIndexAssociation>