<?xml version = '1.0' encoding = 'UTF-8'?>
<FKIndexAssociation class="oracle.dbtools.crest.model.design.relational.FKIndexAssociation" directorySegmentName="seg_0" id="65747FEA-704C-16B8-DCA9-966768754637" containerWithKeyObject="36A1C4CC-23D4-2070-E5B3-66C6026A341F" localFKIndex="2CF86D24-DC46-9AF9-AAE9-D356710A37F7" name="ATEN_MEDICA_PAGO_ATENCION_FK">
<createdBy>Darklight</createdBy>
<createdTime>2025-09-12 00:28:08 UTC</createdTime>
<generatorID>84FFD1AB-9A7D-1AFE-1AD2-C11B94EA20A7</generatorID>
<ownerDesignName>Exp2_S5_Benjamin_Ruiz</ownerDesignName>
<referredTableLongName>PAGO_ATENCION</referredTableLongName>
<deleteRule>NO ACTION</deleteRule>
<referredTableID>78831EB1-9B04-DB4C-6445-F631ACC62733</referredTableID>
<keyObject>E888E3A6-2D75-3B92-521B-9EB90E1AD36D</keyObject>
<referredKeyID>E888E3A6-2D75-3B92-521B-9EB90E1AD36D</referredKeyID>
<mandatory>true</mandatory>
<refColNames>id_pago</refColNames>
<transferable>true</transferable>
<rely>false</rely>
<columnDependencyConstraintGenerateInDDL>true</columnDependencyConstraintGenerateInDDL>
</FKIndexAssociation>