<?xml version = '1.0' encoding = 'UTF-8'?>
<FKIndexAssociation class="oracle.dbtools.crest.model.design.relational.FKIndexAssociation" directorySegmentName="seg_0" id="8CB8E836-B3E1-6DD0-36DC-771065A7CE99" containerWithKeyObject="8D2F6AC8-9ADF-6166-804C-551B9BFCF608" localFKIndex="C486D71E-0ED0-625C-1E24-A1E15A09C48A" name="COMUNA_REGION_FK">
<createdBy>Darklight</createdBy>
<createdTime>2025-09-12 00:28:08 UTC</createdTime>
<generatorID>36CE4B9A-9AC1-F80E-15B2-0980CBBE3AB9</generatorID>
<ownerDesignName>Exp2_S5_Benjamin_Ruiz</ownerDesignName>
<referredTableLongName>REGION</referredTableLongName>
<deleteRule>NO ACTION</deleteRule>
<referredTableID>20053F09-9D8E-D96E-AFB6-850DC06ACD5D</referredTableID>
<keyObject>613C02CA-91FF-778A-8671-9969C73FD8A0</keyObject>
<referredKeyID>613C02CA-91FF-778A-8671-9969C73FD8A0</referredKeyID>
<mandatory>true</mandatory>
<refColNames>id_region</refColNames>
<transferable>true</transferable>
<rely>false</rely>
<columnDependencyConstraintGenerateInDDL>true</columnDependencyConstraintGenerateInDDL>
</FKIndexAssociation>