<?xml version = '1.0' encoding = 'UTF-8'?>
<FKIndexAssociation class="oracle.dbtools.crest.model.design.relational.FKIndexAssociation" directorySegmentName="seg_0" id="926E1868-F66B-8D36-B810-C487E911E451" containerWithKeyObject="36A1C4CC-23D4-2070-E5B3-66C6026A341F" localFKIndex="8A35C54F-B3F0-E34D-E28D-D6515C6FC996" name="ATEN_MEDICA_PACIENTE_FK">
<createdBy>Darklight</createdBy>
<createdTime>2025-09-12 00:28:08 UTC</createdTime>
<generatorID>EF226F1F-1A86-7D91-76AA-C8FC29C6666C</generatorID>
<ownerDesignName>Exp2_S5_Benjamin_Ruiz</ownerDesignName>
<referredTableLongName>PACIENTE</referredTableLongName>
<deleteRule>NO ACTION</deleteRule>
<referredTableID>24FFCFCD-AED0-86E4-416F-9438991328FD</referredTableID>
<keyObject>60382F41-F091-C372-1D09-F465228FC1E5</keyObject>
<referredKeyID>60382F41-F091-C372-1D09-F465228FC1E5</referredKeyID>
<mandatory>true</mandatory>
<refColNames>rut_paciente</refColNames>
<transferable>true</transferable>
<rely>false</rely>
<columnDependencyConstraintGenerateInDDL>true</columnDependencyConstraintGenerateInDDL>
</FKIndexAssociation>