<?xml version = '1.0' encoding = 'UTF-8'?>
<FKIndexAssociation class="oracle.dbtools.crest.model.design.relational.FKIndexAssociation" directorySegmentName="seg_0" id="9835F1B6-4FFE-9DE7-CFBC-8CA4BD9059D6" containerWithKeyObject="36A1C4CC-23D4-2070-E5B3-66C6026A341F" localFKIndex="CF0407ED-48C6-51F0-50C3-C3C7F1E523E6" name="ATEN_MEDICA_MEDICO_FK">
<createdBy>Darklight</createdBy>
<createdTime>2025-09-12 00:28:08 UTC</createdTime>
<generatorID>52820F9F-91D1-F5F9-9A24-089648DFB719</generatorID>
<ownerDesignName>Exp2_S5_Benjamin_Ruiz</ownerDesignName>
<referredTableLongName>MEDICO</referredTableLongName>
<deleteRule>NO ACTION</deleteRule>
<referredTableID>D6EE083C-F9AF-7FB9-6392-4F3B6000C951</referredTableID>
<keyObject>9D2A2DE7-C962-0C57-AB4B-997E0D12D87E</keyObject>
<referredKeyID>9D2A2DE7-C962-0C57-AB4B-997E0D12D87E</referredKeyID>
<mandatory>true</mandatory>
<refColNames>rut_medico</refColNames>
<transferable>true</transferable>
<rely>false</rely>
<columnDependencyConstraintGenerateInDDL>true</columnDependencyConstraintGenerateInDDL>
</FKIndexAssociation>