<?xml version = '1.0' encoding = 'UTF-8'?>
<FKIndexAssociation class="oracle.dbtools.crest.model.design.relational.FKIndexAssociation" directorySegmentName="seg_0" id="A99348F8-6E40-6592-3739-99F4254DF1B6" containerWithKeyObject="D6EE083C-F9AF-7FB9-6392-4F3B6000C951" localFKIndex="6AA931E0-E4E0-56A3-EA12-DB437192C690" name="MEDICO_INST_SALUD_FK">
<createdBy>Darklight</createdBy>
<createdTime>2025-09-12 00:28:08 UTC</createdTime>
<generatorID>A1FA4D34-6F2D-8932-9C9C-2C9424FAEBD3</generatorID>
<ownerDesignName>Exp2_S5_Benjamin_Ruiz</ownerDesignName>
<referredTableLongName>INSTITUCION_SALUD</referredTableLongName>
<deleteRule>NO ACTION</deleteRule>
<referredTableID>B5D75C45-3670-C375-101F-C8F2AE9766C0</referredTableID>
<keyObject>521BDCDC-4D24-EF48-971F-8A0F8A249491</keyObject>
<referredKeyID>521BDCDC-4D24-EF48-971F-8A0F8A249491</referredKeyID>
<mandatory>true</mandatory>
<refColNames>id_institucion</refColNames>
<transferable>true</transferable>
<rely>false</rely>
<columnDependencyConstraintGenerateInDDL>true</columnDependencyConstraintGenerateInDDL>
</FKIndexAssociation>