<?xml version = '1.0' encoding = 'UTF-8'?>
<FKIndexAssociation class="oracle.dbtools.crest.model.design.relational.FKIndexAssociation" directorySegmentName="seg_0" id="C415127B-9091-37E7-8D8D-4FD389D877D1" containerWithKeyObject="24FFCFCD-AED0-86E4-416F-9438991328FD" localFKIndex="668760DB-9D5B-33D2-5258-421782F3CBAE" name="PACIENTE_USUARIO_FK">
<createdBy>Darklight</createdBy>
<createdTime>2025-09-12 00:28:08 UTC</createdTime>
<generatorID>CA77B001-0372-A56F-0E7D-CA6D3C482298</generatorID>
<ownerDesignName>Exp2_S5_Benjamin_Ruiz</ownerDesignName>
<referredTableLongName>USUARIO</referredTableLongName>
<deleteRule>NO ACTION</deleteRule>
<referredTableID>5828FEF3-DEC5-A129-AE2E-49CEA60735CF</referredTableID>
<keyObject>CC3C564C-C54F-EA5B-1533-C52EA6E5E5B8</keyObject>
<referredKeyID>CC3C564C-C54F-EA5B-1533-C52EA6E5E5B8</referredKeyID>
<mandatory>true</mandatory>
<refColNames>id_usuario</refColNames>
<transferable>true</transferable>
<rely>false</rely>
<columnDependencyConstraintGenerateInDDL>true</columnDependencyConstraintGenerateInDDL>
</FKIndexAssociation>