<?xml version = '1.0' encoding = 'UTF-8'?>
<FKIndexAssociation class="oracle.dbtools.crest.model.design.relational.FKIndexAssociation" directorySegmentName="seg_0" id="C89B9EA3-281C-EE67-8AED-C96375F56B0E" containerWithKeyObject="D6EE083C-F9AF-7FB9-6392-4F3B6000C951" localFKIndex="AFEFC87A-A770-8E33-156E-3FD9979416E3" name="MEDICO_ESPECIALIDAD_FK">
<createdBy>Darklight</createdBy>
<createdTime>2025-09-12 00:28:08 UTC</createdTime>
<generatorID>2308C4B8-1CAD-795A-E054-F0B9B11685B6</generatorID>
<ownerDesignName>Exp2_S5_Benjamin_Ruiz</ownerDesignName>
<referredTableLongName>ESPECIALIDAD</referredTableLongName>
<deleteRule>NO ACTION</deleteRule>
<referredTableID>4D5C1B0A-4314-EF20-AB25-FEDED2D5E7F9</referredTableID>
<keyObject>60A1C90A-AB40-4953-E67A-06B23C85A687</keyObject>
<referredKeyID>60A1C90A-AB40-4953-E67A-06B23C85A687</referredKeyID>
<mandatory>true</mandatory>
<refColNames>id_especialidad</refColNames>
<transferable>true</transferable>
<rely>false</rely>
<columnDependencyConstraintGenerateInDDL>true</columnDependencyConstraintGenerateInDDL>
</FKIndexAssociation>