<?xml version = '1.0' encoding = 'UTF-8'?>
<FKIndexAssociation class="oracle.dbtools.crest.model.design.relational.FKIndexAssociation" directorySegmentName="seg_0" id="CA78416B-D626-6974-2E2D-1C30D0D8D2CD" containerWithKeyObject="D6EE083C-F9AF-7FB9-6392-4F3B6000C951" localFKIndex="5BA41F2F-5560-8028-1AB0-247B4B0EA06A" name="MEDICO_MEDICO_FK">
<createdBy>Darklight</createdBy>
<createdTime>2025-09-12 00:28:08 UTC</createdTime>
<generatorID>B6D5BBC2-84B3-86AC-6BED-556FE3B56D61</generatorID>
<ownerDesignName>Exp2_S5_Benjamin_Ruiz</ownerDesignName>
<referredTableLongName>MEDICO</referredTableLongName>
<deleteRule>NO ACTION</deleteRule>
<referredTableID>D6EE083C-F9AF-7FB9-6392-4F3B6000C951</referredTableID>
<keyObject>9D2A2DE7-C962-0C57-AB4B-997E0D12D87E</keyObject>
<referredKeyID>9D2A2DE7-C962-0C57-AB4B-997E0D12D87E</referredKeyID>
<mandatory>true</mandatory>
<refColNames>rut_medico</refColNames>
<transferable>true</transferable>
<rely>false</rely>
<columnDependencyConstraintGenerateInDDL>true</columnDependencyConstraintGenerateInDDL>
</FKIndexAssociation>