<?xml version = '1.0' encoding = 'UTF-8'?>
<FKIndexAssociation class="oracle.dbtools.crest.model.design.relational.FKIndexAssociation" directorySegmentName="seg_0" id="D32E98F2-71D7-28E9-B2BA-144A56D3AF39" containerWithKeyObject="D6EE083C-F9AF-7FB9-6392-4F3B6000C951" localFKIndex="09BE81FC-810D-9280-73C9-06EDEAA4181C" name="MEDICO_EXAMEN_FK">
<createdBy>Darklight</createdBy>
<createdTime>2025-09-12 00:28:08 UTC</createdTime>
<generatorID>8BDD2DF1-251F-E57F-1DC1-19492E346593</generatorID>
<ownerDesignName>Exp2_S5_Benjamin_Ruiz</ownerDesignName>
<referredTableLongName>EXAMEN</referredTableLongName>
<deleteRule>NO ACTION</deleteRule>
<referredTableID>0CD98306-3093-55E0-226F-B58535BE472C</referredTableID>
<keyObject>A7A83201-C95F-8791-A5A4-83619CE4E60F</keyObject>
<referredKeyID>A7A83201-C95F-8791-A5A4-83619CE4E60F</referredKeyID>
<mandatory>false</mandatory>
<refColNames>id_codigo_examen</refColNames>
<transferable>true</transferable>
<rely>false</rely>
<columnDependencyConstraintGenerateInDDL>true</columnDependencyConstraintGenerateInDDL>
</FKIndexAssociation>