<?xml version = '1.0' encoding = 'UTF-8'?>
<FKIndexAssociation class="oracle.dbtools.crest.model.design.relational.FKIndexAssociation" directorySegmentName="seg_0" id="DD9C24EA-F92C-A80A-461F-DEEFBB43C402" containerWithKeyObject="36A1C4CC-23D4-2070-E5B3-66C6026A341F" localFKIndex="543308E8-A46B-89B1-CBC0-299BFB8E828F" name="ATEN_MEDICA_TIPO_ATENCION_FK">
<createdBy>Darklight</createdBy>
<createdTime>2025-09-12 00:28:08 UTC</createdTime>
<generatorID>B966D155-B1BD-8618-C9D8-C84912B0D2B3</generatorID>
<ownerDesignName>Exp2_S5_Benjamin_Ruiz</ownerDesignName>
<referredTableLongName>TIPO_ATENCION</referredTableLongName>
<deleteRule>NO ACTION</deleteRule>
<referredTableID>E06E7AC3-745E-342B-A427-918BF4C964D6</referredTableID>
<keyObject>5670C91C-D255-84D4-4DF8-BC95AD3504F9</keyObject>
<referredKeyID>5670C91C-D255-84D4-4DF8-BC95AD3504F9</referredKeyID>
<mandatory>true</mandatory>
<refColNames>id_tipo_atencion</refColNames>
<transferable>true</transferable>
<rely>false</rely>
<columnDependencyConstraintGenerateInDDL>true</columnDependencyConstraintGenerateInDDL>
</FKIndexAssociation>