<?xml version = '1.0' encoding = 'UTF-8'?>
<FKIndexAssociation class="oracle.dbtools.crest.model.design.relational.FKIndexAssociation" directorySegmentName="seg_0" id="F938F280-47BA-B1B0-895A-7D6D7D0ACF03" containerWithKeyObject="C1BEBFA1-405C-9A9C-27F1-520B18D3D9B1" localFKIndex="FB46309C-DF05-AB9C-5344-A5FE28C9E116" name="COND_PREP_EXAMEN_FK">
<createdBy>Darklight</createdBy>
<createdTime>2025-09-12 00:28:08 UTC</createdTime>
<generatorID>0B66C630-58F7-E3C5-A448-1A78534862CB</generatorID>
<ownerDesignName>Exp2_S5_Benjamin_Ruiz</ownerDesignName>
<referredTableLongName>EXAMEN</referredTableLongName>
<deleteRule>NO ACTION</deleteRule>
<referredTableID>0CD98306-3093-55E0-226F-B58535BE472C</referredTableID>
<keyObject>A7A83201-C95F-8791-A5A4-83619CE4E60F</keyObject>
<referredKeyID>A7A83201-C95F-8791-A5A4-83619CE4E60F</referredKeyID>
<mandatory>false</mandatory>
<refColNames>id_codigo_examen</refColNames>
<transferable>true</transferable>
<rely>false</rely>
<columnDependencyConstraintGenerateInDDL>true</columnDependencyConstraintGenerateInDDL>
</FKIndexAssociation>