<?xml version = '1.0' encoding = 'UTF-8'?>
<Diagram class="oracle.dbtools.crest.swingui.logical.DPVLogical" name="Logical" id="D7A04267-E259-CCB4-BD9D-3FEA3B2BC653">
<createdBy>Darklight</createdBy>
<modifiedBy>Darklight</modifiedBy>
<createdTime>2025-08-30 00:04:54 UTC</createdTime>
<autoRoute>false</autoRoute>
<boxInbox>false</boxInbox>
<showLegend>false</showLegend>
<showLabels>false</showLabels>
<showRelAttributes>false</showRelAttributes>
<gridEnabled>false</gridEnabled>
<showGrid>false</showGrid>
<diagramColor>-1</diagramColor>
<display>false</display>
<notation>1</notation>
<objectViews>
<OView class="oracle.dbtools.crest.swingui.logical.TVEntity" oid="1D312987-3E84-7B96-371B-A20558C2D2FC" otype="Entity" vid="9702480B-9AB8-6E26-9624-B077F778B2AD">
<hideElementsInCurrentOnly>false</hideElementsInCurrentOnly>
<bounds x="231" y="414" width="204" height="79"/>
</OView>
<OView class="oracle.dbtools.crest.swingui.logical.TVEntity" oid="43CD50DB-468D-A97B-4ACE-8484FB516E6E" otype="Entity" vid="19A52E54-1E13-6F23-D05D-7D7D534D2791">
<hideElementsInCurrentOnly>false</hideElementsInCurrentOnly>
<bounds x="231" y="229" width="203" height="115"/>
</OView>
<OView class="oracle.dbtools.crest.swingui.logical.TVEntity" oid="53CED498-8C4B-1021-2CA0-BAD5694A3F54" otype="Entity" vid="5622216B-EDEF-49B1-AC44-E96AE94DCDC0">
<hideElementsInCurrentOnly>false</hideElementsInCurrentOnly>
<bounds x="180" y="44" width="294" height="146"/>
</OView>
<OView class="oracle.dbtools.crest.swingui.logical.TVEntity" oid="8F10F163-5499-4F5D-72A6-A1E0FEB70187" otype="Entity" vid="73F28449-C5B4-E997-EAF6-259A599F068D">
<hideElementsInCurrentOnly>false</hideElementsInCurrentOnly>
<bounds x="571" y="68" width="216" height="52"/>
</OView>
<OView class="oracle.dbtools.crest.swingui.logical.TVEntity" oid="92B746C4-9900-00DF-8EF4-F206D3A66B73" otype="Entity" vid="1BAE1D8D-9109-1C8C-13BD-50C811B849B8">
<hideElementsInCurrentOnly>false</hideElementsInCurrentOnly>
<bounds x="595" y="130" width="168" height="46"/>
</OView>
<OView class="oracle.dbtools.crest.swingui.logical.TVEntity" oid="B108EE10-B193-203F-8082-1EEDEF55DB51" otype="Entity" vid="EF380B77-EE6D-033C-FE5C-B2DCB24FAAF8">
<hideElementsInCurrentOnly>false</hideElementsInCurrentOnly>
<bounds x="530" y="448" width="129" height="70"/>
</OView>
<OView class="oracle.dbtools.crest.swingui.logical.TVEntity" oid="BD0F2B62-8B00-7479-C3EB-535F146B9F0F" otype="Entity" vid="C4FD7859-4DA8-FC1A-9640-8D7728437AFD">
<hideElementsInCurrentOnly>false</hideElementsInCurrentOnly>
<bounds x="600" y="344" width="113" height="34"/>
</OView>
<OView class="oracle.dbtools.crest.swingui.logical.TVEntity" oid="BF833D2A-0B89-F30F-CF10-027200E60522" otype="Entity" vid="B2D77D7E-0BC4-398B-A6CE-AC336D8769A4">
<hideElementsInCurrentOnly>false</hideElementsInCurrentOnly>
<bounds x="476" y="343" width="108" height="33"/>
</OView>
<OView class="oracle.dbtools.crest.swingui.logical.TVEntity" oid="C0CB2744-8F30-BE9C-C753-2D7808579E47" otype="Entity" vid="6846EE73-F8B8-0E18-54E1-23DB5617D3EF">
<hideElementsInCurrentOnly>false</hideElementsInCurrentOnly>
<bounds x="718" y="476" width="243" height="68"/>
</OView>
<OView class="oracle.dbtools.crest.swingui.logical.TVEntity" oid="C15B4DEB-2875-D8B5-E3F9-EDE0BCA532FA" otype="Entity" vid="3415DBFA-43C6-23DF-C213-5AD58B35B43C">
<hideElementsInCurrentOnly>false</hideElementsInCurrentOnly>
<bounds x="232" y="550" width="198" height="64"/>
</OView>
<OView class="oracle.dbtools.crest.swingui.logical.TVEntity" oid="D1E87827-47F4-E0D9-D417-246A97D57532" otype="Entity" vid="4BDCAA64-A321-6805-D7D7-090D73DEA7DC">
<hideElementsInCurrentOnly>false</hideElementsInCurrentOnly>
<bounds x="762" y="207" width="435" height="100"/>
</OView>
<OView class="oracle.dbtools.crest.swingui.logical.TVEntity" oid="DDF73B0D-7019-71D6-2841-BF1FA00EF9EA" otype="Entity" vid="78F3E260-B03B-E8FA-FECB-852CA2FDC60E">
<hideElementsInCurrentOnly>false</hideElementsInCurrentOnly>
<bounds x="488" y="240" width="207" height="75"/>
</OView>
<OView class="oracle.dbtools.crest.swingui.logical.TVEntity" oid="E42BB39C-109C-A225-957B-26EDC660D88A" otype="Entity" vid="79A3BC01-FB45-817C-493C-9D3E681E2A46">
<hideElementsInCurrentOnly>false</hideElementsInCurrentOnly>
<bounds x="1008" y="466" width="190" height="67"/>
</OView>
</objectViews>
<connectors>
<Connector class="oracle.dbtools.crest.swingui.logical.TVInheritanceRelation" oid="22FA2851-D721-C031-FFBD-C50D23BF60B0" otype="Hierarchy relation" vid_source="5622216B-EDEF-49B1-AC44-E96AE94DCDC0" vid_target="1BAE1D8D-9109-1C8C-13BD-50C811B849B8">
<hideElementsInCurrentOnly>false</hideElementsInCurrentOnly>
<backgroundColor>-65536</backgroundColor>
<lineWidth>1</lineWidth>
<points>
<point x="474" y="153"/>
<point x="595" y="153"/>
</points>
</Connector>
<Connector class="oracle.dbtools.crest.swingui.logical.TVRelation" oid="396D4C52-D650-9C30-A114-7F34F147A11F" otype="Relation" vid_source="19A52E54-1E13-6F23-D05D-7D7D534D2791" vid_target="5622216B-EDEF-49B1-AC44-E96AE94DCDC0">
<hideElementsInCurrentOnly>false</hideElementsInCurrentOnly>
<backgroundColor>-16777216</backgroundColor>
<lineWidth>1</lineWidth>
<points>
<point x="332" y="229"/>
<point x="332" y="190"/>
</points>
</Connector>
<Connector class="oracle.dbtools.crest.swingui.logical.TVRelation" oid="56F58958-6DFC-12A9-2688-050FF047FB65" otype="Relation" vid_source="EF380B77-EE6D-033C-FE5C-B2DCB24FAAF8" vid_target="4BDCAA64-A321-6805-D7D7-090D73DEA7DC">
<hideElementsInCurrentOnly>false</hideElementsInCurrentOnly>
<backgroundColor>-16777216</backgroundColor>
<lineWidth>1</lineWidth>
<points>
<point x="654" y="448"/>
<point x="798" y="307"/>
</points>
</Connector>
<Connector class="oracle.dbtools.crest.swingui.logical.TVRelation" oid="684C19EC-C513-C787-9B63-C08F276581DD" otype="Relation" vid_source="5622216B-EDEF-49B1-AC44-E96AE94DCDC0" vid_target="78F3E260-B03B-E8FA-FECB-852CA2FDC60E">
<hideElementsInCurrentOnly>false</hideElementsInCurrentOnly>
<backgroundColor>-16777216</backgroundColor>
<lineWidth>1</lineWidth>
<points>
<point x="447" y="190"/>
<point x="529" y="240"/>
</points>
</Connector>
<Connector class="oracle.dbtools.crest.swingui.logical.TVInheritanceRelation" oid="8AF6DABD-A04B-9152-48F2-331AAD4E12F4" otype="Hierarchy relation" vid_source="4BDCAA64-A321-6805-D7D7-090D73DEA7DC" vid_target="79A3BC01-FB45-817C-493C-9D3E681E2A46">
<hideElementsInCurrentOnly>false</hideElementsInCurrentOnly>
<backgroundColor>-65536</backgroundColor>
<lineWidth>1</lineWidth>
<points>
<point x="1102" y="307"/>
<point x="1102" y="466"/>
</points>
</Connector>
<Connector class="oracle.dbtools.crest.swingui.logical.TVInheritanceRelation" oid="A56A5173-DF83-2561-E898-C119CB73302F" otype="Hierarchy relation" vid_source="78F3E260-B03B-E8FA-FECB-852CA2FDC60E" vid_target="B2D77D7E-0BC4-398B-A6CE-AC336D8769A4">
<hideElementsInCurrentOnly>false</hideElementsInCurrentOnly>
<backgroundColor>-65536</backgroundColor>
<lineWidth>1</lineWidth>
<points>
<point x="536" y="315"/>
<point x="536" y="343"/>
</points>
</Connector>
<Connector class="oracle.dbtools.crest.swingui.logical.TVInheritanceRelation" oid="A6C45627-77A4-AA1B-B4EE-3485DD3ECF0B" otype="Hierarchy relation" vid_source="78F3E260-B03B-E8FA-FECB-852CA2FDC60E" vid_target="C4FD7859-4DA8-FC1A-9640-8D7728437AFD">
<hideElementsInCurrentOnly>false</hideElementsInCurrentOnly>
<backgroundColor>-65536</backgroundColor>
<lineWidth>1</lineWidth>
<points>
<point x="647" y="315"/>
<point x="647" y="344"/>
</points>
</Connector>
<Connector class="oracle.dbtools.crest.swingui.logical.TVRelation" oid="A8EBE63D-D4E3-AB2E-DF01-CE79C5441C5B" otype="Relation" vid_source="3415DBFA-43C6-23DF-C213-5AD58B35B43C" vid_target="9702480B-9AB8-6E26-9624-B077F778B2AD">
<hideElementsInCurrentOnly>false</hideElementsInCurrentOnly>
<backgroundColor>-16777216</backgroundColor>
<lineWidth>1</lineWidth>
<points>
<point x="331" y="550"/>
<point x="331" y="493"/>
</points>
</Connector>
<Connector class="oracle.dbtools.crest.swingui.logical.TVInheritanceRelation" oid="D2452B46-7E26-5CEA-431D-C4D8608BE805" otype="Hierarchy relation" vid_source="4BDCAA64-A321-6805-D7D7-090D73DEA7DC" vid_target="6846EE73-F8B8-0E18-54E1-23DB5617D3EF">
<hideElementsInCurrentOnly>false</hideElementsInCurrentOnly>
<backgroundColor>-65536</backgroundColor>
<lineWidth>1</lineWidth>
<points>
<point x="861" y="307"/>
<point x="861" y="476"/>
</points>
</Connector>
<Connector class="oracle.dbtools.crest.swingui.logical.TVRelation" oid="DD262E57-2871-A7AD-3A49-23ABF23F8840" otype="Relation" vid_source="9702480B-9AB8-6E26-9624-B077F778B2AD" vid_target="19A52E54-1E13-6F23-D05D-7D7D534D2791">
<hideElementsInCurrentOnly>false</hideElementsInCurrentOnly>
<backgroundColor>-16777216</backgroundColor>
<lineWidth>1</lineWidth>
<points>
<point x="332" y="414"/>
<point x="332" y="344"/>
</points>
</Connector>
<Connector class="oracle.dbtools.crest.swingui.logical.TVInheritanceRelation" oid="E1ED2614-A614-5164-1DA7-7DBC649F368D" otype="Hierarchy relation" vid_source="5622216B-EDEF-49B1-AC44-E96AE94DCDC0" vid_target="73F28449-C5B4-E997-EAF6-259A599F068D">
<hideElementsInCurrentOnly>false</hideElementsInCurrentOnly>
<backgroundColor>-65536</backgroundColor>
<lineWidth>1</lineWidth>
<points>
<point x="474" y="94"/>
<point x="571" y="94"/>
</points>
</Connector>
<Connector class="oracle.dbtools.crest.swingui.logical.TVRelation" oid="EC543AA5-2068-E246-64DB-96B9F5EE3FF5" otype="Relation" vid_source="6846EE73-F8B8-0E18-54E1-23DB5617D3EF" vid_target="6846EE73-F8B8-0E18-54E1-23DB5617D3EF">
<hideElementsInCurrentOnly>false</hideElementsInCurrentOnly>
<backgroundColor>-16777216</backgroundColor>
<lineWidth>1</lineWidth>
<points>
<point x="961" y="516"/>
<point x="986" y="516"/>
<point x="986" y="569"/>
<point x="884" y="569"/>
<point x="884" y="544"/>
</points>
</Connector>
<Connector class="oracle.dbtools.crest.swingui.logical.TVRelation" oid="FFAB24FE-407F-E2FB-CD51-FEC6D0346771" otype="Relation" vid_source="EF380B77-EE6D-033C-FE5C-B2DCB24FAAF8" vid_target="78F3E260-B03B-E8FA-FECB-852CA2FDC60E">
<hideElementsInCurrentOnly>false</hideElementsInCurrentOnly>
<backgroundColor>-16777216</backgroundColor>
<lineWidth>1</lineWidth>
<points>
<point x="594" y="448"/>
<point x="594" y="315"/>
</points>
</Connector>
</connectors>
<arcs>
<Arc class="oracle.dbtools.crest.swingui.logical.TVArc" oid="253C0FF4-251D-F2BC-BCC3-6840E7777C37" otype="Arc" vid="6FCDB8FB-6C9B-DC50-D25C-433E54493E16">
<hideElementsInCurrentOnly>false</hideElementsInCurrentOnly>
<bounds x="742" y="187" width="475" height="140"/>
</Arc>
<Arc class="oracle.dbtools.crest.swingui.logical.TVArc" oid="49DE1E82-4F6F-2E69-0FA4-074AB6673983" otype="Arc" vid="26CCACFA-90A1-6E44-B48B-2FAA72047480">
<hideElementsInCurrentOnly>false</hideElementsInCurrentOnly>
<bounds x="160" y="24" width="334" height="186"/>
</Arc>
<Arc class="oracle.dbtools.crest.swingui.logical.TVArc" oid="9E8ADD83-0C99-06AC-633E-BB750A50812C" otype="Arc" vid="485A659C-81A7-7060-A732-0D863100ED76">
<hideElementsInCurrentOnly>false</hideElementsInCurrentOnly>
<bounds x="468" y="220" width="247" height="115"/>
</Arc>
</arcs>
</Diagram>