<?xml version = '1.0' encoding = 'UTF-8'?>
<Table class="oracle.dbtools.crest.model.design.relational.Table" directorySegmentName="seg_0" id="0CD98306-3093-55E0-226F-B58535BE472C" name="EXAMEN">
<createdBy>Darklight</createdBy>
<createdTime>2025-09-12 00:28:08 UTC</createdTime>
<generatorID>94FCA12D-7484-56ED-0FD4-D50372A7315B</generatorID>
<ownerDesignName>Exp2_S5_Benjamin_Ruiz</ownerDesignName>
<allowColumnReorder>false</allowColumnReorder>
<existDependencyGenerateInDDl>true</existDependencyGenerateInDDl>
<parsed>true</parsed>
<columns itemClass="oracle.dbtools.crest.model.design.relational.Column">
<Column name="id_codigo_examen" id="79B79D03-1BBD-862A-9B07-5FF412B5B9A5">
<createdBy>Darklight</createdBy>
<createdTime>2025-09-12 00:28:08 UTC</createdTime>
<generatorID>00212DA4-A28E-85E7-BD36-46CFC67C5381</generatorID>
<ownerDesignName>Exp2_S5_Benjamin_Ruiz</ownerDesignName>
<useDomainConstraints>false</useDomainConstraints>
<use>1</use>
<logicalDatatype>LOGDT011</logicalDatatype>
<ownDataTypeParameters>,,</ownDataTypeParameters>
<autoIncrementCycle>false</autoIncrementCycle>
</Column>
<Column name="nombre_examen" id="E72C637B-96D5-D3F5-1681-2B951C546EFD">
<createdBy>Darklight</createdBy>
<createdTime>2025-09-12 00:28:08 UTC</createdTime>
<generatorID>9271719D-3331-FCAE-CFAE-E376A734829D</generatorID>
<ownerDesignName>Exp2_S5_Benjamin_Ruiz</ownerDesignName>
<useDomainConstraints>false</useDomainConstraints>
<use>1</use>
<logicalDatatype>LOGDT024</logicalDatatype>
<dataTypeSize>20 CHAR</dataTypeSize>
<ownDataTypeParameters>20 CHAR,,</ownDataTypeParameters>
<autoIncrementCycle>false</autoIncrementCycle>
</Column>
<Column name="MUESTRA_id_muestra" id="5B5B0AA0-8BEC-2857-7F71-D76C3F030DFD">
<createdBy>Darklight</createdBy>
<createdTime>2025-09-12 00:28:08 UTC</createdTime>
<generatorID>BBFF33DD-BEF3-FB7D-3D98-3326466F28AF</generatorID>
<ownerDesignName>Exp2_S5_Benjamin_Ruiz</ownerDesignName>
<useDomainConstraints>false</useDomainConstraints>
<use>1</use>
<logicalDatatype>LOGDT011</logicalDatatype>
<ownDataTypeParameters>,,</ownDataTypeParameters>
<previousColumn>false</previousColumn>
<autoIncrementCycle>false</autoIncrementCycle>
<associations>
<colAssociation fkAssociation="201AC8FE-DA23-3D2A-2A19-0E7B6D69E407" referredColumn="AD1BB0BA-FA71-763E-BE14-B657F9416246"/>
</associations>
</Column>
</columns>
<indexes itemClass="oracle.dbtools.crest.model.design.relational.Index">
<ind_PK_UK id="A7A83201-C95F-8791-A5A4-83619CE4E60F" name="EXAMEN_PK">
<createdBy>Darklight</createdBy>
<createdTime>2025-09-12 00:28:08 UTC</createdTime>
<generatorID>879B594A-8623-461A-7AB3-FA3B4D2BBFC5</generatorID>
<ownerDesignName>Exp2_S5_Benjamin_Ruiz</ownerDesignName>
<pk>true</pk>
<indexState>Primary Constraint</indexState>
<isSurrogateKey>false</isSurrogateKey>
<indexColumnUsage>
<colUsage columnID="79B79D03-1BBD-862A-9B07-5FF412B5B9A5"/>
</indexColumnUsage>
</ind_PK_UK>
<ind_PK_UK id="0B025BBD-ABE9-6BAE-F90D-AE15C0B309EA" name="EXAMEN__IDX">
<createdBy>Darklight</createdBy>
<createdTime>2025-09-12 00:28:08 UTC</createdTime>
<ownerDesignName>Exp2_S5_Benjamin_Ruiz</ownerDesignName>
<indexState>Unique Plain Index</indexState>
<isSurrogateKey>false</isSurrogateKey>
<relationGeneratorID>EAC7EF71-EA78-26A7-5F0E-E21F3E2FE5BA</relationGeneratorID>
<indexColumnUsage>
<colUsage columnID="5B5B0AA0-8BEC-2857-7F71-D76C3F030DFD"/>
</indexColumnUsage>
</ind_PK_UK>
<ind_PK_UK id="79B1C6DE-9F28-E1D7-BDD1-F510ABF56AB4" name="EXAMEN_MUESTRA_FK">
<createdBy>Darklight</createdBy>
<createdTime>2025-09-12 00:28:08 UTC</createdTime>
<generatorID>EAC7EF71-EA78-26A7-5F0E-E21F3E2FE5BA</generatorID>
<ownerDesignName>Exp2_S5_Benjamin_Ruiz</ownerDesignName>
<indexState>Foreign Key</indexState>
<isSurrogateKey>false</isSurrogateKey>
<indexColumnUsage>
<colUsage columnID="5B5B0AA0-8BEC-2857-7F71-D76C3F030DFD"/>
</indexColumnUsage>
</ind_PK_UK>
</indexes>
</Table>