<?xml version = '1.0' encoding = 'UTF-8'?>
<Table class="oracle.dbtools.crest.model.design.relational.Table" directorySegmentName="seg_0" id="20053F09-9D8E-D96E-AFB6-850DC06ACD5D" name="REGION">
<createdBy>Darklight</createdBy>
<createdTime>2025-09-12 00:28:08 UTC</createdTime>
<generatorID>66808175-FB78-4F82-8C4F-586ED8D1E49A</generatorID>
<ownerDesignName>Exp2_S5_Benjamin_Ruiz</ownerDesignName>
<allowColumnReorder>false</allowColumnReorder>
<existDependencyGenerateInDDl>true</existDependencyGenerateInDDl>
<parsed>true</parsed>
<columns itemClass="oracle.dbtools.crest.model.design.relational.Column">
<Column name="id_region" id="722E348A-4644-2F3A-2591-C45BA998F89F">
<createdBy>Darklight</createdBy>
<createdTime>2025-09-12 00:28:08 UTC</createdTime>
<generatorID>B60487DA-E7E1-CEF8-C5DF-938351733B44</generatorID>
<ownerDesignName>Exp2_S5_Benjamin_Ruiz</ownerDesignName>
<useDomainConstraints>false</useDomainConstraints>
<use>1</use>
<logicalDatatype>LOGDT011</logicalDatatype>
<ownDataTypeParameters>,,</ownDataTypeParameters>
<autoIncrementCycle>false</autoIncrementCycle>
</Column>
<Column name="nombre_region" id="62D023A2-7B90-5A08-0DF3-1B7E738F406E">
<createdBy>Darklight</createdBy>
<createdTime>2025-09-12 00:28:08 UTC</createdTime>
<generatorID>64C48422-37CF-FBBA-0596-8A78B99B4860</generatorID>
<ownerDesignName>Exp2_S5_Benjamin_Ruiz</ownerDesignName>
<useDomainConstraints>false</useDomainConstraints>
<use>1</use>
<logicalDatatype>LOGDT024</logicalDatatype>
<dataTypeSize>20 CHAR</dataTypeSize>
<ownDataTypeParameters>20 CHAR,,</ownDataTypeParameters>
<autoIncrementCycle>false</autoIncrementCycle>
</Column>
</columns>
<indexes itemClass="oracle.dbtools.crest.model.design.relational.Index">
<ind_PK_UK id="613C02CA-91FF-778A-8671-9969C73FD8A0" name="REGION_PK">
<createdBy>Darklight</createdBy>
<createdTime>2025-09-12 00:28:08 UTC</createdTime>
<generatorID>09EA03BD-C1C7-B54B-CB40-B743BC0B61E8</generatorID>
<ownerDesignName>Exp2_S5_Benjamin_Ruiz</ownerDesignName>
<pk>true</pk>
<indexState>Primary Constraint</indexState>
<isSurrogateKey>false</isSurrogateKey>
<indexColumnUsage>
<colUsage columnID="722E348A-4644-2F3A-2591-C45BA998F89F"/>
</indexColumnUsage>
</ind_PK_UK>
<ind_PK_UK id="1787CA85-87B5-8279-BBD4-1104CACB39FB" name="NOMBRE_REGION__UN">
<createdBy>Darklight</createdBy>
<createdTime>2025-09-12 01:02:51 UTC</createdTime>
<ownerDesignName>Exp2_S5_Benjamin_Ruiz</ownerDesignName>
<indexState>Unique Constraint</indexState>
<isSurrogateKey>false</isSurrogateKey>
<indexColumnUsage>
<colUsage columnID="62D023A2-7B90-5A08-0DF3-1B7E738F406E"/>
</indexColumnUsage>
</ind_PK_UK>
</indexes>
</Table>