<?xml version = '1.0' encoding = 'UTF-8'?>
<Table class="oracle.dbtools.crest.model.design.relational.Table" directorySegmentName="seg_0" id="36A1C4CC-23D4-2070-E5B3-66C6026A341F" name="ATENCION_MEDICA">
<createdBy>Darklight</createdBy>
<createdTime>2025-09-12 00:28:08 UTC</createdTime>
<generatorID>47D9B09D-8AA2-9388-4463-F615E9163C85</generatorID>
<ownerDesignName>Exp2_S5_Benjamin_Ruiz</ownerDesignName>
<allowColumnReorder>false</allowColumnReorder>
<existDependencyGenerateInDDl>true</existDependencyGenerateInDDl>
<parsed>true</parsed>
<columns itemClass="oracle.dbtools.crest.model.design.relational.Column">
<Column name="id_atencion" id="61F4A95A-9220-C6EE-A435-BD43778DB474">
<createdBy>Darklight</createdBy>
<createdTime>2025-09-12 00:28:08 UTC</createdTime>
<generatorID>850EDA74-B53F-A9C8-FE1B-51FCF25E3B80</generatorID>
<ownerDesignName>Exp2_S5_Benjamin_Ruiz</ownerDesignName>
<useDomainConstraints>false</useDomainConstraints>
<use>1</use>
<logicalDatatype>LOGDT011</logicalDatatype>
<ownDataTypeParameters>,,</ownDataTypeParameters>
<autoIncrementCycle>false</autoIncrementCycle>
</Column>
<Column name="PACIENTE_rut_paciente" id="22546C65-7EAE-4583-C2E7-290874B137F3">
<createdBy>Darklight</createdBy>
<createdTime>2025-09-12 00:28:08 UTC</createdTime>
<generatorID>600E36B4-DAD7-BB44-DE5B-DF3A41228A31</generatorID>
<ownerDesignName>Exp2_S5_Benjamin_Ruiz</ownerDesignName>
<useDomainConstraints>false</useDomainConstraints>
<use>1</use>
<logicalDatatype>LOGDT024</logicalDatatype>
<dataTypeSize>9 CHAR</dataTypeSize>
<ownDataTypeParameters>,,</ownDataTypeParameters>
<previousColumn>false</previousColumn>
<autoIncrementCycle>false</autoIncrementCycle>
<associations>
<colAssociation fkAssociation="926E1868-F66B-8D36-B810-C487E911E451" referredColumn="DFE00064-6C3F-6334-465E-3BB8E3F0885B"/>
</associations>
</Column>
<Column name="PAGO_ATENCION_id_pago" id="B6F8A284-7EF2-2DDC-179D-A1F320169651">
<createdBy>Darklight</createdBy>
<createdTime>2025-09-12 00:28:08 UTC</createdTime>
<generatorID>5B4D323A-A326-6269-4840-8080AAE59025</generatorID>
<ownerDesignName>Exp2_S5_Benjamin_Ruiz</ownerDesignName>
<useDomainConstraints>false</useDomainConstraints>
<use>1</use>
<logicalDatatype>LOGDT011</logicalDatatype>
<ownDataTypeParameters>,,</ownDataTypeParameters>
<previousColumn>false</previousColumn>
<autoIncrementCycle>false</autoIncrementCycle>
<associations>
<colAssociation fkAssociation="65747FEA-704C-16B8-DCA9-966768754637" referredColumn="FC11BC92-EAF6-B253-BE59-6A94469E0547"/>
</associations>
</Column>
<Column name="MEDICO_rut_medico" id="4DAD52DC-190E-94AC-4288-1E4335A1BD7E">
<createdBy>Darklight</createdBy>
<createdTime>2025-09-12 00:28:08 UTC</createdTime>
<generatorID>88AB0A75-D0C9-052C-7298-7873D3C28C59</generatorID>
<ownerDesignName>Exp2_S5_Benjamin_Ruiz</ownerDesignName>
<useDomainConstraints>false</useDomainConstraints>
<use>1</use>
<logicalDatatype>LOGDT024</logicalDatatype>
<dataTypeSize>9 CHAR</dataTypeSize>
<ownDataTypeParameters>,,</ownDataTypeParameters>
<previousColumn>false</previousColumn>
<autoIncrementCycle>false</autoIncrementCycle>
<associations>
<colAssociation fkAssociation="9835F1B6-4FFE-9DE7-CFBC-8CA4BD9059D6" referredColumn="74043BB9-E5A0-0D69-3074-CCF84AFD1FD5"/>
</associations>
</Column>
<Column name="TIPO_ATEN_id_tipo_atencion" id="3A24D53B-4947-DB6F-3190-FE4DF5C1839B">
<createdBy>Darklight</createdBy>
<createdTime>2025-09-12 00:28:08 UTC</createdTime>
<generatorID>4072D738-94BF-BB86-05B1-8BD827E7D30F</generatorID>
<ownerDesignName>Exp2_S5_Benjamin_Ruiz</ownerDesignName>
<useDomainConstraints>false</useDomainConstraints>
<use>1</use>
<logicalDatatype>LOGDT011</logicalDatatype>
<ownDataTypeParameters>,,</ownDataTypeParameters>
<previousColumn>false</previousColumn>
<autoIncrementCycle>false</autoIncrementCycle>
<associations>
<colAssociation fkAssociation="DD9C24EA-F92C-A80A-461F-DEEFBB43C402" referredColumn="371B1B3E-3199-DE1C-2D8F-D47E46C7467B"/>
</associations>
</Column>
<Column name="monto_pagado" id="507654F9-FF3B-7F06-71EA-96D1495AAE8F">
<createdBy>Darklight</createdBy>
<createdTime>2025-09-12 00:28:08 UTC</createdTime>
<generatorID>98C77FDF-5548-73DE-C77C-7C99B4010AB8</generatorID>
<ownerDesignName>Exp2_S5_Benjamin_Ruiz</ownerDesignName>
<useDomainConstraints>false</useDomainConstraints>
<use>1</use>
<logicalDatatype>LOGDT011</logicalDatatype>
<ownDataTypeParameters>,,</ownDataTypeParameters>
<autoIncrementCycle>false</autoIncrementCycle>
<isRelationshipColumn>true</isRelationshipColumn>
<dependOnForeignKeyID>65747FEA-704C-16B8-DCA9-966768754637</dependOnForeignKeyID>
<isDependOnFK_AsMandatory>true</isDependOnFK_AsMandatory>
</Column>
<Column name="fecha_atencion" id="C5F03144-ADF4-6223-BFE5-61D56FA29BEB">
<createdBy>Darklight</createdBy>
<createdTime>2025-09-12 00:28:08 UTC</createdTime>
<generatorID>D1E88EA9-68FC-1C7C-D842-434B4D573243</generatorID>
<ownerDesignName>Exp2_S5_Benjamin_Ruiz</ownerDesignName>
<useDomainConstraints>false</useDomainConstraints>
<use>1</use>
<logicalDatatype>LOGDT007</logicalDatatype>
<ownDataTypeParameters>,,</ownDataTypeParameters>
<autoIncrementCycle>false</autoIncrementCycle>
<isRelationshipColumn>true</isRelationshipColumn>
<dependOnForeignKeyID>926E1868-F66B-8D36-B810-C487E911E451</dependOnForeignKeyID>
<isDependOnFK_AsMandatory>true</isDependOnFK_AsMandatory>
</Column>
</columns>
<indexes itemClass="oracle.dbtools.crest.model.design.relational.Index">
<ind_PK_UK id="75D2B21A-EB6F-633C-3A3E-B9E2F8BA5913" name="ATENCION_MEDICA_PK">
<createdBy>Darklight</createdBy>
<createdTime>2025-09-12 00:28:08 UTC</createdTime>
<generatorID>7CBD6DFA-E2E5-EB75-1A72-24982D1387E6</generatorID>
<ownerDesignName>Exp2_S5_Benjamin_Ruiz</ownerDesignName>
<pk>true</pk>
<indexState>Primary Constraint</indexState>
<isSurrogateKey>false</isSurrogateKey>
<indexColumnUsage>
<colUsage columnID="61F4A95A-9220-C6EE-A435-BD43778DB474"/>
</indexColumnUsage>
</ind_PK_UK>
<ind_PK_UK id="A22E321B-4C1D-B5F2-8AA8-85F03F385202" name="ATENCION_MEDICA__IDX">
<createdBy>Darklight</createdBy>
<createdTime>2025-09-12 00:28:08 UTC</createdTime>
<ownerDesignName>Exp2_S5_Benjamin_Ruiz</ownerDesignName>
<indexState>Unique Plain Index</indexState>
<isSurrogateKey>false</isSurrogateKey>
<relationGeneratorID>B966D155-B1BD-8618-C9D8-C84912B0D2B3</relationGeneratorID>
<indexColumnUsage>
<colUsage columnID="3A24D53B-4947-DB6F-3190-FE4DF5C1839B"/>
</indexColumnUsage>
</ind_PK_UK>
<ind_PK_UK id="2CF86D24-DC46-9AF9-AAE9-D356710A37F7" name="ATEN_MEDICA_PAGO_ATENCION_FK">
<createdBy>Darklight</createdBy>
<createdTime>2025-09-12 00:28:08 UTC</createdTime>
<generatorID>84FFD1AB-9A7D-1AFE-1AD2-C11B94EA20A7</generatorID>
<ownerDesignName>Exp2_S5_Benjamin_Ruiz</ownerDesignName>
<indexState>Foreign Key</indexState>
<isSurrogateKey>false</isSurrogateKey>
<indexColumnUsage>
<colUsage columnID="B6F8A284-7EF2-2DDC-179D-A1F320169651"/>
</indexColumnUsage>
</ind_PK_UK>
<ind_PK_UK id="543308E8-A46B-89B1-CBC0-299BFB8E828F" name="ATEN_MEDICA_TIPO_ATENCION_FK">
<createdBy>Darklight</createdBy>
<createdTime>2025-09-12 00:28:08 UTC</createdTime>
<generatorID>B966D155-B1BD-8618-C9D8-C84912B0D2B3</generatorID>
<ownerDesignName>Exp2_S5_Benjamin_Ruiz</ownerDesignName>
<indexState>Foreign Key</indexState>
<isSurrogateKey>false</isSurrogateKey>
<indexColumnUsage>
<colUsage columnID="3A24D53B-4947-DB6F-3190-FE4DF5C1839B"/>
</indexColumnUsage>
</ind_PK_UK>
<ind_PK_UK id="CF0407ED-48C6-51F0-50C3-C3C7F1E523E6" name="ATEN_MEDICA_MEDICO_FK">
<createdBy>Darklight</createdBy>
<createdTime>2025-09-12 00:28:08 UTC</createdTime>
<generatorID>52820F9F-91D1-F5F9-9A24-089648DFB719</generatorID>
<ownerDesignName>Exp2_S5_Benjamin_Ruiz</ownerDesignName>
<indexState>Foreign Key</indexState>
<isSurrogateKey>false</isSurrogateKey>
<indexColumnUsage>
<colUsage columnID="4DAD52DC-190E-94AC-4288-1E4335A1BD7E"/>
</indexColumnUsage>
</ind_PK_UK>
<ind_PK_UK id="8A35C54F-B3F0-E34D-E28D-D6515C6FC996" name="ATEN_MEDICA_PACIENTE_FK">
<createdBy>Darklight</createdBy>
<createdTime>2025-09-12 00:28:08 UTC</createdTime>
<generatorID>EF226F1F-1A86-7D91-76AA-C8FC29C6666C</generatorID>
<ownerDesignName>Exp2_S5_Benjamin_Ruiz</ownerDesignName>
<indexState>Foreign Key</indexState>
<isSurrogateKey>false</isSurrogateKey>
<indexColumnUsage>
<colUsage columnID="22546C65-7EAE-4583-C2E7-290874B137F3"/>
</indexColumnUsage>
</ind_PK_UK>
</indexes>
</Table>