<?xml version = '1.0' encoding = 'UTF-8'?>
<Table class="oracle.dbtools.crest.model.design.relational.Table" directorySegmentName="seg_0" id="8D2F6AC8-9ADF-6166-804C-551B9BFCF608" name="COMUNA">
<createdBy>Darklight</createdBy>
<createdTime>2025-09-12 00:28:08 UTC</createdTime>
<generatorID>9AB06F73-7A37-7C80-9955-1EE6815FA8AF</generatorID>
<ownerDesignName>Exp2_S5_Benjamin_Ruiz</ownerDesignName>
<allowColumnReorder>false</allowColumnReorder>
<existDependencyGenerateInDDl>true</existDependencyGenerateInDDl>
<parsed>true</parsed>
<columns itemClass="oracle.dbtools.crest.model.design.relational.Column">
<Column name="id_comuna" id="62281B25-FCE3-D69E-F696-F95C865F9256">
<createdBy>Darklight</createdBy>
<createdTime>2025-09-12 00:28:08 UTC</createdTime>
<generatorID>1905852C-EF02-4897-1026-07DB387BAC3C</generatorID>
<ownerDesignName>Exp2_S5_Benjamin_Ruiz</ownerDesignName>
<useDomainConstraints>false</useDomainConstraints>
<use>1</use>
<logicalDatatype>LOGDT011</logicalDatatype>
<ownDataTypeParameters>,,</ownDataTypeParameters>
<autoIncrementCycle>false</autoIncrementCycle>
</Column>
<Column name="nombre_comuna" id="2AA695D3-9F59-7494-83D2-5DDD8E2B6FA4">
<createdBy>Darklight</createdBy>
<createdTime>2025-09-12 00:28:08 UTC</createdTime>
<generatorID>DC7EAEBD-D754-7E62-5968-FE3DE15140A2</generatorID>
<ownerDesignName>Exp2_S5_Benjamin_Ruiz</ownerDesignName>
<useDomainConstraints>false</useDomainConstraints>
<use>1</use>
<logicalDatatype>LOGDT024</logicalDatatype>
<dataTypeSize>20 CHAR</dataTypeSize>
<ownDataTypeParameters>20 CHAR,,</ownDataTypeParameters>
<autoIncrementCycle>false</autoIncrementCycle>
</Column>
<Column name="REGION_id_region" id="93B6BA68-231C-2D2B-7B1D-0A3BBB2D7A7D">
<createdBy>Darklight</createdBy>
<createdTime>2025-09-12 00:28:08 UTC</createdTime>
<generatorID>33A24006-45A5-C837-9A9A-7B7B23F19140</generatorID>
<ownerDesignName>Exp2_S5_Benjamin_Ruiz</ownerDesignName>
<useDomainConstraints>false</useDomainConstraints>
<use>1</use>
<logicalDatatype>LOGDT011</logicalDatatype>
<ownDataTypeParameters>,,</ownDataTypeParameters>
<previousColumn>false</previousColumn>
<autoIncrementCycle>false</autoIncrementCycle>
<associations>
<colAssociation fkAssociation="8CB8E836-B3E1-6DD0-36DC-771065A7CE99" referredColumn="722E348A-4644-2F3A-2591-C45BA998F89F"/>
</associations>
</Column>
</columns>
<indexes itemClass="oracle.dbtools.crest.model.design.relational.Index">
<ind_PK_UK id="E8F9CC84-358F-731C-0906-A66DCC1B8281" name="COMUNA_PK">
<createdBy>Darklight</createdBy>
<createdTime>2025-09-12 00:28:08 UTC</createdTime>
<generatorID>B0617FBB-2DCF-33BD-B2FE-98FC397CEBB7</generatorID>
<ownerDesignName>Exp2_S5_Benjamin_Ruiz</ownerDesignName>
<pk>true</pk>
<indexState>Primary Constraint</indexState>
<isSurrogateKey>false</isSurrogateKey>
<indexColumnUsage>
<colUsage columnID="62281B25-FCE3-D69E-F696-F95C865F9256"/>
</indexColumnUsage>
</ind_PK_UK>
<ind_PK_UK id="954D31E2-C63D-5EBE-B388-C816186CA85C" name="NOMBRE_COMUNA__UN">
<createdBy>Darklight</createdBy>
<createdTime>2025-09-12 01:02:39 UTC</createdTime>
<ownerDesignName>Exp2_S5_Benjamin_Ruiz</ownerDesignName>
<indexState>Unique Constraint</indexState>
<isSurrogateKey>false</isSurrogateKey>
<indexColumnUsage>
<colUsage columnID="2AA695D3-9F59-7494-83D2-5DDD8E2B6FA4"/>
</indexColumnUsage>
</ind_PK_UK>
<ind_PK_UK id="C486D71E-0ED0-625C-1E24-A1E15A09C48A" name="COMUNA_REGION_FK">
<createdBy>Darklight</createdBy>
<createdTime>2025-09-12 00:28:08 UTC</createdTime>
<generatorID>36CE4B9A-9AC1-F80E-15B2-0980CBBE3AB9</generatorID>
<ownerDesignName>Exp2_S5_Benjamin_Ruiz</ownerDesignName>
<indexState>Foreign Key</indexState>
<isSurrogateKey>false</isSurrogateKey>
<indexColumnUsage>
<colUsage columnID="93B6BA68-231C-2D2B-7B1D-0A3BBB2D7A7D"/>
</indexColumnUsage>
</ind_PK_UK>
</indexes>
</Table>