<?xml version = '1.0' encoding = 'UTF-8'?>
<Table class="oracle.dbtools.crest.model.design.relational.Table" directorySegmentName="seg_0" id="C1BEBFA1-405C-9A9C-27F1-520B18D3D9B1" name="CONDICION_PREPARACION">
<createdBy>Darklight</createdBy>
<createdTime>2025-09-12 00:28:08 UTC</createdTime>
<generatorID>EC897F7E-DE8A-737A-3969-64F8EBD170DD</generatorID>
<ownerDesignName>Exp2_S5_Benjamin_Ruiz</ownerDesignName>
<allowColumnReorder>false</allowColumnReorder>
<existDependencyGenerateInDDl>true</existDependencyGenerateInDDl>
<parsed>true</parsed>
<columns itemClass="oracle.dbtools.crest.model.design.relational.Column">
<Column name="id_condicion" id="C8CC1B22-05E1-DDB8-07E3-6CA9B44346F3">
<createdBy>Darklight</createdBy>
<createdTime>2025-09-12 00:28:08 UTC</createdTime>
<generatorID>EC65B6DB-DB10-DC63-1D3F-7259151B0183</generatorID>
<ownerDesignName>Exp2_S5_Benjamin_Ruiz</ownerDesignName>
<useDomainConstraints>false</useDomainConstraints>
<use>1</use>
<logicalDatatype>LOGDT011</logicalDatatype>
<ownDataTypeParameters>,,</ownDataTypeParameters>
<autoIncrementCycle>false</autoIncrementCycle>
</Column>
<Column name="condicion" id="CB2CDE7F-116A-D38F-4CD6-4509924616C9">
<createdBy>Darklight</createdBy>
<createdTime>2025-09-12 00:28:08 UTC</createdTime>
<generatorID>7FE80D7A-A959-B6AF-4252-A1B4FFF4D468</generatorID>
<ownerDesignName>Exp2_S5_Benjamin_Ruiz</ownerDesignName>
<useDomainConstraints>false</useDomainConstraints>
<use>1</use>
<logicalDatatype>LOGDT024</logicalDatatype>
<dataTypeSize>30 CHAR</dataTypeSize>
<ownDataTypeParameters>30 CHAR,,</ownDataTypeParameters>
<autoIncrementCycle>false</autoIncrementCycle>
</Column>
<Column name="EXAMEN_id_codigo_examen" id="0E8EE35F-6564-07D0-D433-9E5A45F11D15">
<createdBy>Darklight</createdBy>
<createdTime>2025-09-12 00:28:08 UTC</createdTime>
<generatorID>FE9190EA-9651-1D45-6EC3-4D96C9FF4955</generatorID>
<ownerDesignName>Exp2_S5_Benjamin_Ruiz</ownerDesignName>
<nullsAllowed>true</nullsAllowed>
<useDomainConstraints>false</useDomainConstraints>
<use>1</use>
<logicalDatatype>LOGDT011</logicalDatatype>
<ownDataTypeParameters>,,</ownDataTypeParameters>
<previousColumn>false</previousColumn>
<autoIncrementCycle>false</autoIncrementCycle>
<associations>
<colAssociation fkAssociation="F938F280-47BA-B1B0-895A-7D6D7D0ACF03" referredColumn="79B79D03-1BBD-862A-9B07-5FF412B5B9A5"/>
</associations>
</Column>
</columns>
<indexes itemClass="oracle.dbtools.crest.model.design.relational.Index">
<ind_PK_UK id="7AC231E5-52DB-0F59-42B3-149D794ED941" name="CONDICION_PREPARACION_PK">
<createdBy>Darklight</createdBy>
<createdTime>2025-09-12 00:28:08 UTC</createdTime>
<generatorID>EA5E4583-2B8F-28B7-0388-467E29FF1C9A</generatorID>
<ownerDesignName>Exp2_S5_Benjamin_Ruiz</ownerDesignName>
<pk>true</pk>
<indexState>Primary Constraint</indexState>
<isSurrogateKey>false</isSurrogateKey>
<indexColumnUsage>
<colUsage columnID="C8CC1B22-05E1-DDB8-07E3-6CA9B44346F3"/>
</indexColumnUsage>
</ind_PK_UK>
<ind_PK_UK id="FB46309C-DF05-AB9C-5344-A5FE28C9E116" name="COND_PREP_EXAMEN_FK">
<createdBy>Darklight</createdBy>
<createdTime>2025-09-12 00:28:08 UTC</createdTime>
<generatorID>0B66C630-58F7-E3C5-A448-1A78534862CB</generatorID>
<ownerDesignName>Exp2_S5_Benjamin_Ruiz</ownerDesignName>
<indexState>Foreign Key</indexState>
<isSurrogateKey>false</isSurrogateKey>
<indexColumnUsage>
<colUsage columnID="0E8EE35F-6564-07D0-D433-9E5A45F11D15"/>
</indexColumnUsage>
</ind_PK_UK>
</indexes>
</Table>