<?xml version = '1.0' encoding = 'UTF-8'?>
<Table class="oracle.dbtools.crest.model.design.relational.Table" directorySegmentName="seg_0" id="D6EE083C-F9AF-7FB9-6392-4F3B6000C951" name="MEDICO">
<createdBy>Darklight</createdBy>
<createdTime>2025-09-12 00:28:08 UTC</createdTime>
<generatorID>83CDCA33-69E5-A2E8-688C-B99487D677D2</generatorID>
<ownerDesignName>Exp2_S5_Benjamin_Ruiz</ownerDesignName>
<allowColumnReorder>false</allowColumnReorder>
<existDependencyGenerateInDDl>true</existDependencyGenerateInDDl>
<parsed>true</parsed>
<columns itemClass="oracle.dbtools.crest.model.design.relational.Column">
<Column name="rut_medico" id="74043BB9-E5A0-0D69-3074-CCF84AFD1FD5">
<createdBy>Darklight</createdBy>
<createdTime>2025-09-12 00:28:08 UTC</createdTime>
<generatorID>6C62DFBF-5C24-AD5B-F461-670580FAC910</generatorID>
<ownerDesignName>Exp2_S5_Benjamin_Ruiz</ownerDesignName>
<useDomainConstraints>false</useDomainConstraints>
<use>1</use>
<logicalDatatype>LOGDT024</logicalDatatype>
<dataTypeSize>9 CHAR</dataTypeSize>
<ownDataTypeParameters>9 CHAR,,</ownDataTypeParameters>
<autoIncrementCycle>false</autoIncrementCycle>
</Column>
<Column name="nombre_completo" id="4BC0AC86-DC2B-25B4-C2B4-D141B4739228">
<createdBy>Darklight</createdBy>
<createdTime>2025-09-12 00:28:08 UTC</createdTime>
<generatorID>FEC4D5C6-B7D7-3630-F73D-7540BA3B82CB</generatorID>
<ownerDesignName>Exp2_S5_Benjamin_Ruiz</ownerDesignName>
<useDomainConstraints>false</useDomainConstraints>
<use>1</use>
<logicalDatatype>LOGDT024</logicalDatatype>
<dataTypeSize>30 CHAR</dataTypeSize>
<ownDataTypeParameters>30 CHAR,,</ownDataTypeParameters>
<autoIncrementCycle>false</autoIncrementCycle>
</Column>
<Column name="fecha_ingreso" id="C017E02A-6A1C-3845-2030-E01F16474C91">
<createdBy>Darklight</createdBy>
<createdTime>2025-09-12 00:28:08 UTC</createdTime>
<generatorID>586CB5C8-E860-DB2D-4B96-035DCB596FAB</generatorID>
<ownerDesignName>Exp2_S5_Benjamin_Ruiz</ownerDesignName>
<useDomainConstraints>false</useDomainConstraints>
<use>1</use>
<logicalDatatype>LOGDT007</logicalDatatype>
<ownDataTypeParameters>,,</ownDataTypeParameters>
<autoIncrementCycle>false</autoIncrementCycle>
</Column>
<Column name="MEDICO_rut_medico" id="B1AC095B-4E94-A93B-98C6-66BD754FE39B">
<createdBy>Darklight</createdBy>
<createdTime>2025-09-12 00:28:08 UTC</createdTime>
<generatorID>5A5E050B-D390-123D-82B3-2A51685AEEED</generatorID>
<ownerDesignName>Exp2_S5_Benjamin_Ruiz</ownerDesignName>
<useDomainConstraints>false</useDomainConstraints>
<use>1</use>
<logicalDatatype>LOGDT024</logicalDatatype>
<dataTypeSize>9 CHAR</dataTypeSize>
<ownDataTypeParameters>,,</ownDataTypeParameters>
<previousColumn>false</previousColumn>
<autoIncrementCycle>false</autoIncrementCycle>
<associations>
<colAssociation fkAssociation="CA78416B-D626-6974-2E2D-1C30D0D8D2CD" referredColumn="74043BB9-E5A0-0D69-3074-CCF84AFD1FD5"/>
</associations>
</Column>
<Column name="EXAMEN_id_codigo_examen" id="A5EA360C-3D62-E30C-53D8-F954A00130B6">
<createdBy>Darklight</createdBy>
<createdTime>2025-09-12 00:28:08 UTC</createdTime>
<generatorID>82AC64A6-3182-D237-1D9A-2B4ACCC4E154</generatorID>
<ownerDesignName>Exp2_S5_Benjamin_Ruiz</ownerDesignName>
<nullsAllowed>true</nullsAllowed>
<useDomainConstraints>false</useDomainConstraints>
<use>1</use>
<logicalDatatype>LOGDT011</logicalDatatype>
<ownDataTypeParameters>,,</ownDataTypeParameters>
<previousColumn>false</previousColumn>
<autoIncrementCycle>false</autoIncrementCycle>
<associations>
<colAssociation fkAssociation="D32E98F2-71D7-28E9-B2BA-144A56D3AF39" referredColumn="79B79D03-1BBD-862A-9B07-5FF412B5B9A5"/>
</associations>
</Column>
<Column name="ESP_id_especialidad" id="9F040E5F-081F-3D34-29C3-33A17BD73BD9">
<createdBy>Darklight</createdBy>
<createdTime>2025-09-12 00:28:08 UTC</createdTime>
<generatorID>3882092F-F168-2885-B306-586C502FE07C</generatorID>
<ownerDesignName>Exp2_S5_Benjamin_Ruiz</ownerDesignName>
<useDomainConstraints>false</useDomainConstraints>
<use>1</use>
<logicalDatatype>LOGDT011</logicalDatatype>
<ownDataTypeParameters>,,</ownDataTypeParameters>
<previousColumn>false</previousColumn>
<autoIncrementCycle>false</autoIncrementCycle>
<associations>
<colAssociation fkAssociation="C89B9EA3-281C-EE67-8AED-C96375F56B0E" referredColumn="1BC20C1F-0887-0BA0-AAFA-8FFBBEAA7819"/>
</associations>
</Column>
<Column name="AFP_id_afp" id="3DF35506-B36E-EB02-A70F-ED6A8CD76B37">
<createdBy>Darklight</createdBy>
<createdTime>2025-09-12 00:28:08 UTC</createdTime>
<generatorID>38412844-0067-D5A3-42C5-CF2F6700FC56</generatorID>
<ownerDesignName>Exp2_S5_Benjamin_Ruiz</ownerDesignName>
<useDomainConstraints>false</useDomainConstraints>
<use>1</use>
<logicalDatatype>LOGDT011</logicalDatatype>
<ownDataTypeParameters>,,</ownDataTypeParameters>
<previousColumn>false</previousColumn>
<autoIncrementCycle>false</autoIncrementCycle>
<associations>
<colAssociation fkAssociation="58D42482-E757-7820-9941-63110E1DDB28" referredColumn="0FFF6376-57A9-8753-02F2-F1732CE1B4DE"/>
</associations>
</Column>
<Column name="INST_SALUD_id_institucion" id="3EDFB1CD-A207-EA29-23E3-6C3B8455843D">
<createdBy>Darklight</createdBy>
<createdTime>2025-09-12 00:28:08 UTC</createdTime>
<generatorID>DF79CFCE-166D-D2A8-7C46-5521EE00F027</generatorID>
<ownerDesignName>Exp2_S5_Benjamin_Ruiz</ownerDesignName>
<useDomainConstraints>false</useDomainConstraints>
<use>1</use>
<logicalDatatype>LOGDT011</logicalDatatype>
<ownDataTypeParameters>,,</ownDataTypeParameters>
<previousColumn>false</previousColumn>
<autoIncrementCycle>false</autoIncrementCycle>
<associations>
<colAssociation fkAssociation="A99348F8-6E40-6592-3739-99F4254DF1B6" referredColumn="3521B889-85E3-6866-A60E-6296A90AEE66"/>
</associations>
</Column>
</columns>
<indexes itemClass="oracle.dbtools.crest.model.design.relational.Index">
<ind_PK_UK id="9D2A2DE7-C962-0C57-AB4B-997E0D12D87E" name="MEDICO_PK">
<createdBy>Darklight</createdBy>
<createdTime>2025-09-12 00:28:08 UTC</createdTime>
<generatorID>C630853D-6A63-3708-4B3E-AC4346446418</generatorID>
<ownerDesignName>Exp2_S5_Benjamin_Ruiz</ownerDesignName>
<pk>true</pk>
<indexState>Primary Constraint</indexState>
<isSurrogateKey>false</isSurrogateKey>
<indexColumnUsage>
<colUsage columnID="74043BB9-E5A0-0D69-3074-CCF84AFD1FD5"/>
</indexColumnUsage>
</ind_PK_UK>
<ind_PK_UK id="5BA41F2F-5560-8028-1AB0-247B4B0EA06A" name="MEDICO_MEDICO_FK">
<createdBy>Darklight</createdBy>
<createdTime>2025-09-12 00:28:08 UTC</createdTime>
<generatorID>B6D5BBC2-84B3-86AC-6BED-556FE3B56D61</generatorID>
<ownerDesignName>Exp2_S5_Benjamin_Ruiz</ownerDesignName>
<indexState>Foreign Key</indexState>
<isSurrogateKey>false</isSurrogateKey>
<indexColumnUsage>
<colUsage columnID="B1AC095B-4E94-A93B-98C6-66BD754FE39B"/>
</indexColumnUsage>
</ind_PK_UK>
<ind_PK_UK id="AFEFC87A-A770-8E33-156E-3FD9979416E3" name="MEDICO_ESPECIALIDAD_FK">
<createdBy>Darklight</createdBy>
<createdTime>2025-09-12 00:28:08 UTC</createdTime>
<generatorID>2308C4B8-1CAD-795A-E054-F0B9B11685B6</generatorID>
<ownerDesignName>Exp2_S5_Benjamin_Ruiz</ownerDesignName>
<indexState>Foreign Key</indexState>
<isSurrogateKey>false</isSurrogateKey>
<indexColumnUsage>
<colUsage columnID="9F040E5F-081F-3D34-29C3-33A17BD73BD9"/>
</indexColumnUsage>
</ind_PK_UK>
<ind_PK_UK id="383F591A-CB85-CDA3-8AA0-A0F32211912B" name="MEDICO_AFP_FK">
<createdBy>Darklight</createdBy>
<createdTime>2025-09-12 00:28:08 UTC</createdTime>
<generatorID>558683F3-6965-590A-1866-DBD86664433F</generatorID>
<ownerDesignName>Exp2_S5_Benjamin_Ruiz</ownerDesignName>
<indexState>Foreign Key</indexState>
<isSurrogateKey>false</isSurrogateKey>
<indexColumnUsage>
<colUsage columnID="3DF35506-B36E-EB02-A70F-ED6A8CD76B37"/>
</indexColumnUsage>
</ind_PK_UK>
<ind_PK_UK id="6AA931E0-E4E0-56A3-EA12-DB437192C690" name="MEDICO_INST_SALUD_FK">
<createdBy>Darklight</createdBy>
<createdTime>2025-09-12 00:28:08 UTC</createdTime>
<generatorID>A1FA4D34-6F2D-8932-9C9C-2C9424FAEBD3</generatorID>
<ownerDesignName>Exp2_S5_Benjamin_Ruiz</ownerDesignName>
<indexState>Foreign Key</indexState>
<isSurrogateKey>false</isSurrogateKey>
<indexColumnUsage>
<colUsage columnID="3EDFB1CD-A207-EA29-23E3-6C3B8455843D"/>
</indexColumnUsage>
</ind_PK_UK>
<ind_PK_UK id="09BE81FC-810D-9280-73C9-06EDEAA4181C" name="MEDICO_EXAMEN_FK">
<createdBy>Darklight</createdBy>
<createdTime>2025-09-12 00:28:08 UTC</createdTime>
<generatorID>8BDD2DF1-251F-E57F-1DC1-19492E346593</generatorID>
<ownerDesignName>Exp2_S5_Benjamin_Ruiz</ownerDesignName>
<indexState>Foreign Key</indexState>
<isSurrogateKey>false</isSurrogateKey>
<indexColumnUsage>
<colUsage columnID="A5EA360C-3D62-E30C-53D8-F954A00130B6"/>
</indexColumnUsage>
</ind_PK_UK>
</indexes>
</Table>