<?xml version = '1.0' encoding = 'UTF-8'?>
<Diagram class="oracle.dbtools.crest.swingui.logical.DPVLogical" name="Logical" id="277E3C8A-A76A-44D7-3A6F-E104AC124726">
<createdBy>Darklight</createdBy>
<modifiedBy>Darklight</modifiedBy>
<createdTime>2025-08-15 21:47:14 UTC</createdTime>
<autoRoute>false</autoRoute>
<boxInbox>true</boxInbox>
<showLegend>false</showLegend>
<showLabels>false</showLabels>
<showRelAttributes>false</showRelAttributes>
<gridEnabled>false</gridEnabled>
<showGrid>false</showGrid>
<diagramColor>-1</diagramColor>
<display>false</display>
<notation>0</notation>
<objectViews>
<OView class="oracle.dbtools.crest.swingui.logical.TVEntity" oid="6E0DAAA2-3573-ED5A-A424-B87EBB67D5F5" otype="Entity" vid="41C35192-2682-0ADA-FDF0-C159E1FCE54A">
<hideElementsInCurrentOnly>false</hideElementsInCurrentOnly>
<bounds x="380" y="247" width="186" height="129"/>
</OView>
<OView class="oracle.dbtools.crest.swingui.logical.TVEntity" oid="7346FE4E-BF82-1E93-BE73-0B9B481778BA" otype="Entity" vid="53A40784-EA64-C0A0-1C01-FF0DCDD02CF1">
<hideElementsInCurrentOnly>false</hideElementsInCurrentOnly>
<bounds x="88" y="244" width="268" height="139"/>
</OView>
<OView class="oracle.dbtools.crest.swingui.logical.TVEntity" oid="E781D0E2-4D34-3C06-01DB-4F4298C2856E" otype="Entity" vid="43B0DB62-3640-864C-5D59-D727449DC1A6">
<hideElementsInCurrentOnly>false</hideElementsInCurrentOnly>
<bounds x="108" y="100" width="231" height="126"/>
</OView>
<OView class="oracle.dbtools.crest.swingui.logical.TVEntity" oid="EE0631A3-7294-CEB4-B349-356C5B580865" otype="Entity" vid="77CB5880-88FC-533E-D4E8-118DAA10439B">
<hideElementsInCurrentOnly>false</hideElementsInCurrentOnly>
<bounds x="364" y="105" width="235" height="121"/>
</OView>
</objectViews>
<displays>
<Display class="oracle.dbtools.crest.swingui.logical.DPVLogical" name="Display_1" id="53967EB0-0083-38A9-1F5F-E1D00171AFB4">
<createdBy>Darklight</createdBy>
<modifiedBy>Darklight</modifiedBy>
<createdTime>2025-08-16 03:00:45 UTC</createdTime>
<autoRoute>false</autoRoute>
<boxInbox>true</boxInbox>
<showLegend>false</showLegend>
<showLabels>false</showLabels>
<showRelAttributes>false</showRelAttributes>
<gridEnabled>false</gridEnabled>
<showGrid>false</showGrid>
<diagramColor>-1</diagramColor>
<display>true</display>
<notation>1</notation>
<objectViews>
<OView class="oracle.dbtools.crest.swingui.logical.TVEntity" oid="6E0DAAA2-3573-ED5A-A424-B87EBB67D5F5" otype="Entity" vid="B2336BE8-C9E7-08C9-753B-9DE1FEE1DF8D">
<hideElementsInCurrentOnly>false</hideElementsInCurrentOnly>
<bounds x="100" y="150" width="170" height="110"/>
</OView>
<OView class="oracle.dbtools.crest.swingui.logical.TVEntity" oid="7346FE4E-BF82-1E93-BE73-0B9B481778BA" otype="Entity" vid="57037445-064A-D483-F825-A9475539129C">
<hideElementsInCurrentOnly>false</hideElementsInCurrentOnly>
<bounds x="90" y="130" width="170" height="110"/>
</OView>
<OView class="oracle.dbtools.crest.swingui.logical.TVEntity" oid="E781D0E2-4D34-3C06-01DB-4F4298C2856E" otype="Entity" vid="A8586432-3A39-D45F-83A9-1D3E21647814">
<hideElementsInCurrentOnly>false</hideElementsInCurrentOnly>
<bounds x="50" y="50" width="170" height="110"/>
</OView>
<OView class="oracle.dbtools.crest.swingui.logical.TVEntity" oid="EE0631A3-7294-CEB4-B349-356C5B580865" otype="Entity" vid="F83F0694-A7A7-5F95-BE6B-7DF55A83A3B9">
<hideElementsInCurrentOnly>false</hideElementsInCurrentOnly>
<bounds x="70" y="90" width="170" height="110"/>
</OView>
</objectViews>
</Display>
</displays>
</Diagram>