<?xml version = '1.0' encoding = 'UTF-8'?>
<Entity class="oracle.dbtools.crest.model.design.logical.Entity" directorySegmentName="seg_0" id="1469B49E-3AF0-E7CD-0743-995EE148BFC9" name="MAQUINA">
<createdBy>Darklight</createdBy>
<createdTime>2025-10-07 18:29:34 UTC</createdTime>
<ownerDesignName>EFT_S9_Benjamin_Ruiz</ownerDesignName>
<engineerTo>
<item key="1EAC2871-1830-C482-60AE-4C795ECEFF0E" value="true"/>
</engineerTo>
<adequatelyNormalized>NO</adequatelyNormalized>
<expectedVolumes>0</expectedVolumes>
<fwdEngineeringStrategyName>Single Table</fwdEngineeringStrategyName>
<growthPercent>0</growthPercent>
<growthType>Year</growthType>
<maxVolumes>9999999</maxVolumes>
<minVolumes>0</minVolumes>
<normalForm>Third</normalForm>
<attributes itemClass="oracle.dbtools.crest.model.design.logical.Attribute">
<Attribute name="id_planta_actual" id="783A3D49-32BB-5774-83FC-3AC215143C8F">
<createdBy>Darklight</createdBy>
<createdTime>2025-10-07 19:10:24 UTC</createdTime>
<generatorID>108E3890-AD94-1E73-C619-A27A81DD447D</generatorID>
<ownerDesignName>EFT_S9_Benjamin_Ruiz</ownerDesignName>
<engineerTo>
<item key="1EAC2871-1830-C482-60AE-4C795ECEFF0E" value="true"/>
</engineerTo>
<referedAttribute>C1D1A4C1-3620-500E-0CC8-403A1F263745</referedAttribute>
<useDomainConstraints>false</useDomainConstraints>
<use>1</use>
<logicalDatatype>LOGDT011</logicalDatatype>
<ownDataTypeParameters>,,</ownDataTypeParameters>
</Attribute>
<Attribute name="id_tipo_maquina" id="D2482BD6-EDB0-B0C6-E5EB-402DC1BF2571">
<createdBy>Darklight</createdBy>
<createdTime>2025-10-07 19:11:22 UTC</createdTime>
<generatorID>BB5F03D1-7302-B6F5-A534-18E0A35527E3</generatorID>
<ownerDesignName>EFT_S9_Benjamin_Ruiz</ownerDesignName>
<engineerTo>
<item key="1EAC2871-1830-C482-60AE-4C795ECEFF0E" value="true"/>
</engineerTo>
<referedAttribute>7110E73A-87CC-25E4-23E8-8C0CC4016D2B</referedAttribute>
<useDomainConstraints>false</useDomainConstraints>
<use>1</use>
<logicalDatatype>LOGDT011</logicalDatatype>
<ownDataTypeParameters>,,</ownDataTypeParameters>
</Attribute>
<Attribute name="num_maquina" id="DCA7C9DF-BE38-F384-393A-468F660183A0">
<createdBy>Darklight</createdBy>
<createdTime>2025-10-07 19:09:02 UTC</createdTime>
<ownerDesignName>EFT_S9_Benjamin_Ruiz</ownerDesignName>
<engineerTo>
<item key="1EAC2871-1830-C482-60AE-4C795ECEFF0E" value="true"/>
</engineerTo>
<useDomainConstraints>false</useDomainConstraints>
<use>1</use>
<logicalDatatype>LOGDT011</logicalDatatype>
<ownDataTypeParameters>,,</ownDataTypeParameters>
</Attribute>
<Attribute name="nombre" id="350E694F-E21D-0AE5-D821-BC5A7D9599CA">
<createdBy>Darklight</createdBy>
<createdTime>2025-10-07 19:09:29 UTC</createdTime>
<ownerDesignName>EFT_S9_Benjamin_Ruiz</ownerDesignName>
<engineerTo>
<item key="1EAC2871-1830-C482-60AE-4C795ECEFF0E" value="true"/>
</engineerTo>
<useDomainConstraints>false</useDomainConstraints>
<use>1</use>
<logicalDatatype>LOGDT024</logicalDatatype>
<dataTypeSize>50 CHAR</dataTypeSize>
<ownDataTypeParameters>50 CHAR,,</ownDataTypeParameters>
</Attribute>
<Attribute name="estado_activo" id="857BAE5D-CFC0-3FA9-E991-5AD0183C3BCB">
<createdBy>Darklight</createdBy>
<createdTime>2025-10-07 19:09:42 UTC</createdTime>
<ownerDesignName>EFT_S9_Benjamin_Ruiz</ownerDesignName>
<engineerTo>
<item key="1EAC2871-1830-C482-60AE-4C795ECEFF0E" value="true"/>
</engineerTo>
<useDomainConstraints>false</useDomainConstraints>
<use>1</use>
<logicalDatatype>LOGDT006</logicalDatatype>
<ownDataTypeParameters>,,</ownDataTypeParameters>
</Attribute>
</attributes>
<identifiers itemClass="oracle.dbtools.crest.model.design.logical.CandidateKey">
<identifier id="AF4ED24C-F176-2890-6EE2-CB76A9D90139" name="MAQUINA PK">
<createdBy>Darklight</createdBy>
<createdTime>2025-10-07 19:09:12 UTC</createdTime>
<ownerDesignName>EFT_S9_Benjamin_Ruiz</ownerDesignName>
<engineerTo>
<item key="1EAC2871-1830-C482-60AE-4C795ECEFF0E" value="true"/>
</engineerTo>
<pk>true</pk>
<usedAttributes>
<attributeRef>783A3D49-32BB-5774-83FC-3AC215143C8F</attributeRef>
<attributeRef>D2482BD6-EDB0-B0C6-E5EB-402DC1BF2571</attributeRef>
</usedAttributes>
</identifier>
</identifiers>
</Entity>