<?xml version = '1.0' encoding = 'UTF-8'?>
<Entity class="oracle.dbtools.crest.model.design.logical.Entity" directorySegmentName="seg_0" id="3701E746-1F53-D942-D332-FE2C1FEA23A6" name="ASIGNACION_TURNO">
<createdBy>Darklight</createdBy>
<createdTime>2025-10-07 19:21:50 UTC</createdTime>
<ownerDesignName>EFT_S9_Benjamin_Ruiz</ownerDesignName>
<engineerTo>
<item key="1EAC2871-1830-C482-60AE-4C795ECEFF0E" value="true"/>
</engineerTo>
<adequatelyNormalized>NO</adequatelyNormalized>
<expectedVolumes>0</expectedVolumes>
<fwdEngineeringStrategyName>Single Table</fwdEngineeringStrategyName>
<growthPercent>0</growthPercent>
<growthType>Year</growthType>
<maxVolumes>9999999</maxVolumes>
<minVolumes>0</minVolumes>
<normalForm>Third</normalForm>
<attributes itemClass="oracle.dbtools.crest.model.design.logical.Attribute">
<Attribute name="id_personal" id="F5714836-5502-3C2B-EEDB-D49F8CE3D900">
<createdBy>Darklight</createdBy>
<createdTime>2025-10-07 19:22:54 UTC</createdTime>
<generatorID>667B7E1C-3A24-3710-124D-070516554F0B</generatorID>
<ownerDesignName>EFT_S9_Benjamin_Ruiz</ownerDesignName>
<engineerTo>
<item key="1EAC2871-1830-C482-60AE-4C795ECEFF0E" value="true"/>
</engineerTo>
<referedAttribute>8B93941E-F079-6C68-C50E-6475F8E7B781</referedAttribute>
<useDomainConstraints>false</useDomainConstraints>
<use>1</use>
<logicalDatatype>LOGDT011</logicalDatatype>
<ownDataTypeParameters>,,</ownDataTypeParameters>
</Attribute>
<Attribute name="id_turno" id="16D5E110-8596-5DEB-E056-3C12C15E12AA">
<createdBy>Darklight</createdBy>
<createdTime>2025-10-07 19:23:01 UTC</createdTime>
<generatorID>486DF8C9-1A20-D10F-4E90-9AFF0A2DC7B8</generatorID>
<ownerDesignName>EFT_S9_Benjamin_Ruiz</ownerDesignName>
<engineerTo>
<item key="1EAC2871-1830-C482-60AE-4C795ECEFF0E" value="true"/>
</engineerTo>
<referedAttribute>DB4EF786-1EDF-6F37-59D0-4D3B26F7CA1D</referedAttribute>
<useDomainConstraints>false</useDomainConstraints>
<use>1</use>
<logicalDatatype>LOGDT011</logicalDatatype>
<ownDataTypeParameters>,,</ownDataTypeParameters>
</Attribute>
<Attribute name="id_planta_actual" id="249E6847-7C00-0064-5494-43B319202733">
<createdBy>Darklight</createdBy>
<createdTime>2025-10-07 19:24:38 UTC</createdTime>
<generatorID>F190E91C-4246-D7C6-7D3E-B269314D9579</generatorID>
<ownerDesignName>EFT_S9_Benjamin_Ruiz</ownerDesignName>
<engineerTo>
<item key="1EAC2871-1830-C482-60AE-4C795ECEFF0E" value="true"/>
</engineerTo>
<referedAttribute>783A3D49-32BB-5774-83FC-3AC215143C8F</referedAttribute>
<useDomainConstraints>false</useDomainConstraints>
<use>1</use>
<logicalDatatype>LOGDT011</logicalDatatype>
<ownDataTypeParameters>,,</ownDataTypeParameters>
</Attribute>
<Attribute name="id_tipo_maquina" id="F5FF45CC-5F89-3A42-B04C-CDDED08EC462">
<createdBy>Darklight</createdBy>
<createdTime>2025-10-07 19:24:38 UTC</createdTime>
<generatorID>F190E91C-4246-D7C6-7D3E-B269314D9579</generatorID>
<ownerDesignName>EFT_S9_Benjamin_Ruiz</ownerDesignName>
<engineerTo>
<item key="1EAC2871-1830-C482-60AE-4C795ECEFF0E" value="true"/>
</engineerTo>
<referedAttribute>D2482BD6-EDB0-B0C6-E5EB-402DC1BF2571</referedAttribute>
<useDomainConstraints>false</useDomainConstraints>
<use>1</use>
<logicalDatatype>LOGDT011</logicalDatatype>
<ownDataTypeParameters>,,</ownDataTypeParameters>
</Attribute>
<Attribute name="rol_desempeñado" id="DB829A1F-9A3F-BEB4-F667-226249BCCF2B">
<createdBy>Darklight</createdBy>
<createdTime>2025-10-07 19:25:21 UTC</createdTime>
<ownerDesignName>EFT_S9_Benjamin_Ruiz</ownerDesignName>
<engineerTo>
<item key="1EAC2871-1830-C482-60AE-4C795ECEFF0E" value="true"/>
</engineerTo>
<useDomainConstraints>false</useDomainConstraints>
<use>1</use>
<logicalDatatype>LOGDT024</logicalDatatype>
<dataTypeSize>50</dataTypeSize>
<ownDataTypeParameters>50,,</ownDataTypeParameters>
</Attribute>
<Attribute name="fecha_asignacion" id="78D45D96-A593-E9B8-6871-3C70C5850236">
<createdBy>Darklight</createdBy>
<createdTime>2025-10-07 19:28:34 UTC</createdTime>
<ownerDesignName>EFT_S9_Benjamin_Ruiz</ownerDesignName>
<engineerTo>
<item key="1EAC2871-1830-C482-60AE-4C795ECEFF0E" value="true"/>
</engineerTo>
<useDomainConstraints>false</useDomainConstraints>
<use>1</use>
<logicalDatatype>LOGDT007</logicalDatatype>
<ownDataTypeParameters>,,</ownDataTypeParameters>
</Attribute>
</attributes>
</Entity>