<?xml version = '1.0' encoding = 'UTF-8'?>
<Entity class="oracle.dbtools.crest.model.design.logical.Entity" directorySegmentName="seg_0" id="738134DE-A3C9-98D8-C230-890329B18E10" name="REGION">
<createdBy>Darklight</createdBy>
<createdTime>2025-10-07 18:23:32 UTC</createdTime>
<ownerDesignName>EFT_S9_Benjamin_Ruiz</ownerDesignName>
<engineerTo>
<item key="1EAC2871-1830-C482-60AE-4C795ECEFF0E" value="true"/>
</engineerTo>
<adequatelyNormalized>NO</adequatelyNormalized>
<expectedVolumes>0</expectedVolumes>
<fwdEngineeringStrategyName>Single Table</fwdEngineeringStrategyName>
<growthPercent>0</growthPercent>
<growthType>Year</growthType>
<maxVolumes>9999999</maxVolumes>
<minVolumes>0</minVolumes>
<normalForm>Third</normalForm>
<attributes itemClass="oracle.dbtools.crest.model.design.logical.Attribute">
<Attribute name="id_region" id="146687C8-86C3-CFED-2666-3BD5C2991133">
<createdBy>Darklight</createdBy>
<createdTime>2025-10-07 18:47:42 UTC</createdTime>
<ownerDesignName>EFT_S9_Benjamin_Ruiz</ownerDesignName>
<engineerTo>
<item key="1EAC2871-1830-C482-60AE-4C795ECEFF0E" value="true"/>
</engineerTo>
<useDomainConstraints>false</useDomainConstraints>
<use>1</use>
<logicalDatatype>LOGDT011</logicalDatatype>
<ownDataTypeParameters>,,</ownDataTypeParameters>
</Attribute>
<Attribute name="nombre" id="E66768F8-AFAB-45A8-4C7A-C941267E53DE">
<createdBy>Darklight</createdBy>
<createdTime>2025-10-07 18:47:45 UTC</createdTime>
<ownerDesignName>EFT_S9_Benjamin_Ruiz</ownerDesignName>
<engineerTo>
<item key="1EAC2871-1830-C482-60AE-4C795ECEFF0E" value="true"/>
</engineerTo>
<useDomainConstraints>false</useDomainConstraints>
<use>1</use>
<logicalDatatype>LOGDT024</logicalDatatype>
<dataTypeSize>255 CHAR</dataTypeSize>
<ownDataTypeParameters>255 CHAR,,</ownDataTypeParameters>
</Attribute>
</attributes>
<identifiers itemClass="oracle.dbtools.crest.model.design.logical.CandidateKey">
<identifier id="10BE8D68-F6D2-446E-F376-B322DE6CAA39" name="REGION PK">
<createdBy>Darklight</createdBy>
<createdTime>2025-10-07 18:47:55 UTC</createdTime>
<ownerDesignName>EFT_S9_Benjamin_Ruiz</ownerDesignName>
<engineerTo>
<item key="1EAC2871-1830-C482-60AE-4C795ECEFF0E" value="true"/>
</engineerTo>
<pk>true</pk>
<usedAttributes>
<attributeRef>146687C8-86C3-CFED-2666-3BD5C2991133</attributeRef>
</usedAttributes>
</identifier>
</identifiers>
</Entity>