<?xml version = '1.0' encoding = 'UTF-8'?>
<Entity class="oracle.dbtools.crest.model.design.logical.Entity" directorySegmentName="seg_0" id="78146421-7F7C-1253-2DEB-BCB7FEDF1910" name="ORDEN_MANTENCION">
<createdBy>Darklight</createdBy>
<createdTime>2025-10-07 19:17:48 UTC</createdTime>
<ownerDesignName>EFT_S9_Benjamin_Ruiz</ownerDesignName>
<engineerTo>
<item key="1EAC2871-1830-C482-60AE-4C795ECEFF0E" value="true"/>
</engineerTo>
<adequatelyNormalized>NO</adequatelyNormalized>
<expectedVolumes>0</expectedVolumes>
<fwdEngineeringStrategyName>Single Table</fwdEngineeringStrategyName>
<growthPercent>0</growthPercent>
<growthType>Year</growthType>
<maxVolumes>9999999</maxVolumes>
<minVolumes>0</minVolumes>
<normalForm>Third</normalForm>
<attributes itemClass="oracle.dbtools.crest.model.design.logical.Attribute">
<Attribute name="id_personal" id="3A21B017-CE42-C239-11F5-C9A3242A1608">
<createdBy>Darklight</createdBy>
<createdTime>2025-10-07 19:19:31 UTC</createdTime>
<generatorID>06E82837-97E9-CD4C-2A70-E6344C0E10A7</generatorID>
<ownerDesignName>EFT_S9_Benjamin_Ruiz</ownerDesignName>
<engineerTo>
<item key="1EAC2871-1830-C482-60AE-4C795ECEFF0E" value="true"/>
</engineerTo>
<referedAttribute>8B93941E-F079-6C68-C50E-6475F8E7B781</referedAttribute>
<useDomainConstraints>false</useDomainConstraints>
<use>1</use>
<logicalDatatype>LOGDT011</logicalDatatype>
<ownDataTypeParameters>,,</ownDataTypeParameters>
</Attribute>
<Attribute name="id_planta_actual" id="050E6E92-0B0F-CAD0-2150-698C89AA5B35">
<createdBy>Darklight</createdBy>
<createdTime>2025-10-07 19:19:43 UTC</createdTime>
<generatorID>136A78CC-9ECD-3CEB-55E3-60678C66F636</generatorID>
<ownerDesignName>EFT_S9_Benjamin_Ruiz</ownerDesignName>
<engineerTo>
<item key="1EAC2871-1830-C482-60AE-4C795ECEFF0E" value="true"/>
</engineerTo>
<referedAttribute>783A3D49-32BB-5774-83FC-3AC215143C8F</referedAttribute>
<useDomainConstraints>false</useDomainConstraints>
<use>1</use>
<logicalDatatype>LOGDT011</logicalDatatype>
<ownDataTypeParameters>,,</ownDataTypeParameters>
</Attribute>
<Attribute name="id_tipo_maquina" id="14DCE584-FED9-0E1E-5B01-45BAAB349433">
<createdBy>Darklight</createdBy>
<createdTime>2025-10-07 19:19:43 UTC</createdTime>
<generatorID>136A78CC-9ECD-3CEB-55E3-60678C66F636</generatorID>
<ownerDesignName>EFT_S9_Benjamin_Ruiz</ownerDesignName>
<engineerTo>
<item key="1EAC2871-1830-C482-60AE-4C795ECEFF0E" value="true"/>
</engineerTo>
<referedAttribute>D2482BD6-EDB0-B0C6-E5EB-402DC1BF2571</referedAttribute>
<useDomainConstraints>false</useDomainConstraints>
<use>1</use>
<logicalDatatype>LOGDT011</logicalDatatype>
<ownDataTypeParameters>,,</ownDataTypeParameters>
</Attribute>
<Attribute name="fecha_programada" id="F54DCF89-C469-454A-285E-C84333D6F7C7">
<createdBy>Darklight</createdBy>
<createdTime>2025-10-07 19:20:16 UTC</createdTime>
<ownerDesignName>EFT_S9_Benjamin_Ruiz</ownerDesignName>
<engineerTo>
<item key="1EAC2871-1830-C482-60AE-4C795ECEFF0E" value="true"/>
</engineerTo>
<useDomainConstraints>false</useDomainConstraints>
<use>1</use>
<logicalDatatype>LOGDT007</logicalDatatype>
<ownDataTypeParameters>,,</ownDataTypeParameters>
</Attribute>
<Attribute name="fecha_ejecucion" id="EFB08F9C-C863-2B61-F844-B17B7EDAEB72">
<createdBy>Darklight</createdBy>
<createdTime>2025-10-07 19:20:24 UTC</createdTime>
<ownerDesignName>EFT_S9_Benjamin_Ruiz</ownerDesignName>
<engineerTo>
<item key="1EAC2871-1830-C482-60AE-4C795ECEFF0E" value="true"/>
</engineerTo>
<nullsAllowed>true</nullsAllowed>
<useDomainConstraints>false</useDomainConstraints>
<use>1</use>
<logicalDatatype>LOGDT007</logicalDatatype>
<ownDataTypeParameters>,,</ownDataTypeParameters>
</Attribute>
<Attribute name="desc_trabajo" id="439BF2BC-9AEB-C44C-B8C6-0B73C76A4290">
<createdBy>Darklight</createdBy>
<createdTime>2025-10-07 19:20:37 UTC</createdTime>
<ownerDesignName>EFT_S9_Benjamin_Ruiz</ownerDesignName>
<engineerTo>
<item key="1EAC2871-1830-C482-60AE-4C795ECEFF0E" value="true"/>
</engineerTo>
<useDomainConstraints>false</useDomainConstraints>
<use>1</use>
<logicalDatatype>LOGDT024</logicalDatatype>
<dataTypeSize>255 CHAR</dataTypeSize>
<ownDataTypeParameters>255 CHAR,,</ownDataTypeParameters>
</Attribute>
</attributes>
</Entity>