<?xml version = '1.0' encoding = 'UTF-8'?>
<Entity class="oracle.dbtools.crest.model.design.logical.Entity" directorySegmentName="seg_0" id="EE100704-1EB5-CC61-B0C5-D469F1730787" name="OPERARIO">
<createdBy>Darklight</createdBy>
<createdTime>2025-10-07 18:24:02 UTC</createdTime>
<ownerDesignName>EFT_S9_Benjamin_Ruiz</ownerDesignName>
<engineerTo>
<item key="1EAC2871-1830-C482-60AE-4C795ECEFF0E" value="true"/>
</engineerTo>
<adequatelyNormalized>NO</adequatelyNormalized>
<expectedVolumes>0</expectedVolumes>
<fwdEngineeringStrategyName>Single Table</fwdEngineeringStrategyName>
<growthPercent>0</growthPercent>
<growthType>Year</growthType>
<hierarchicalParent>5C525A6F-8E98-26C9-820A-D517B78908F6</hierarchicalParent>
<maxVolumes>9999999</maxVolumes>
<minVolumes>0</minVolumes>
<normalForm>Third</normalForm>
<attributes itemClass="oracle.dbtools.crest.model.design.logical.Attribute">
<Attribute name="categoria_proceso" id="624DA384-7A4A-AFC3-AC68-2C7175F445DB">
<createdBy>Darklight</createdBy>
<createdTime>2025-10-07 19:00:41 UTC</createdTime>
<ownerDesignName>EFT_S9_Benjamin_Ruiz</ownerDesignName>
<engineerTo>
<item key="1EAC2871-1830-C482-60AE-4C795ECEFF0E" value="true"/>
</engineerTo>
<useDomainConstraints>false</useDomainConstraints>
<use>1</use>
<logicalDatatype>LOGDT024</logicalDatatype>
<dataTypeSize>50 CHAR</dataTypeSize>
<listOfValues>
<valueDef value="caliente" description=""/>
<valueDef value="frio" description=""/>
<valueDef value="inspeccion" description=""/>
</listOfValues>
<ownDataTypeParameters>50 CHAR,,</ownDataTypeParameters>
</Attribute>
<Attribute name="id_certificacion" id="5CE944B8-E110-1462-59E5-10205977EBCA">
<createdBy>Darklight</createdBy>
<createdTime>2025-10-07 19:01:46 UTC</createdTime>
<generatorID>0CCAB708-A79E-E873-EA1A-52E82446BB38</generatorID>
<ownerDesignName>EFT_S9_Benjamin_Ruiz</ownerDesignName>
<engineerTo>
<item key="1EAC2871-1830-C482-60AE-4C795ECEFF0E" value="true"/>
</engineerTo>
<nullsAllowed>true</nullsAllowed>
<referedAttribute>438FC0B8-8D60-009E-6B22-9CBEFE041EB7</referedAttribute>
<useDomainConstraints>false</useDomainConstraints>
<use>1</use>
<logicalDatatype>LOGDT011</logicalDatatype>
<ownDataTypeParameters>,,</ownDataTypeParameters>
</Attribute>
<Attribute name="hora_estandar" id="42E87E76-2D24-774C-6C5E-FB4128208940">
<createdBy>Darklight</createdBy>
<createdTime>2025-10-07 19:02:15 UTC</createdTime>
<ownerDesignName>EFT_S9_Benjamin_Ruiz</ownerDesignName>
<engineerTo>
<item key="1EAC2871-1830-C482-60AE-4C795ECEFF0E" value="true"/>
</engineerTo>
<useDomainConstraints>false</useDomainConstraints>
<use>1</use>
<logicalDatatype>LOGDT011</logicalDatatype>
<defaultValue>8</defaultValue>
<ownDataTypeParameters>,,</ownDataTypeParameters>
</Attribute>
</attributes>
</Entity>