<?xml version = '1.0' encoding = 'UTF-8'?>
<Diagram class="oracle.dbtools.crest.swingui.logical.DPVLogical" name="Logical" id="7F1FD009-20FD-008B-4FD9-F0971FAF3596">
<createdBy>Darklight</createdBy>
<modifiedBy>Darklight</modifiedBy>
<createdTime>2025-10-07 18:23:19 UTC</createdTime>
<autoRoute>false</autoRoute>
<boxInbox>false</boxInbox>
<showLegend>false</showLegend>
<showLabels>false</showLabels>
<showRelAttributes>true</showRelAttributes>
<gridEnabled>false</gridEnabled>
<showGrid>false</showGrid>
<diagramColor>-1</diagramColor>
<display>false</display>
<notation>0</notation>
<objectViews>
<OView class="oracle.dbtools.crest.swingui.logical.TVEntity" oid="0C3B20FB-B44E-3E3F-F9D6-CB3949207357" otype="Entity" vid="65D74406-3BCC-6FB1-A08D-33EE12CA093E">
<hideElementsInCurrentOnly>false</hideElementsInCurrentOnly>
<bounds x="1464" y="421" width="186" height="78"/>
</OView>
<OView class="oracle.dbtools.crest.swingui.logical.TVEntity" oid="0FF4A7B1-E039-5D10-84D9-AC3BB8746280" otype="Entity" vid="AB3949CC-412E-7771-6B41-A7418BFB1424">
<hideElementsInCurrentOnly>false</hideElementsInCurrentOnly>
<bounds x="282" y="90" width="232" height="105"/>
</OView>
<OView class="oracle.dbtools.crest.swingui.logical.TVEntity" oid="1469B49E-3AF0-E7CD-0743-995EE148BFC9" otype="Entity" vid="FB564DEE-5D16-79AF-FB93-41B714D38D0E">
<hideElementsInCurrentOnly>false</hideElementsInCurrentOnly>
<bounds x="124" y="508" width="300" height="165"/>
</OView>
<OView class="oracle.dbtools.crest.swingui.logical.TVEntity" oid="2751EDA0-E404-D515-5E8A-CF95BAF47890" otype="Entity" vid="AA1B1171-0A78-BF72-D1B4-B11497348504">
<hideElementsInCurrentOnly>false</hideElementsInCurrentOnly>
<bounds x="1460" y="612" width="227" height="107"/>
</OView>
<OView class="oracle.dbtools.crest.swingui.logical.TVEntity" oid="3701E746-1F53-D942-D332-FE2C1FEA23A6" otype="Entity" vid="BFB7795F-97DB-DACA-94E1-62F058AB533E">
<hideElementsInCurrentOnly>false</hideElementsInCurrentOnly>
<bounds x="1099" y="628" width="226" height="124"/>
</OView>
<OView class="oracle.dbtools.crest.swingui.logical.TVEntity" oid="5BC40D3B-AF95-10D8-8861-95F7EDC1FD54" otype="Entity" vid="7C171373-C23D-E007-361F-B1411C3E3E24">
<hideElementsInCurrentOnly>false</hideElementsInCurrentOnly>
<bounds x="1099" y="13" width="403" height="84"/>
</OView>
<OView class="oracle.dbtools.crest.swingui.logical.TVEntity" oid="5C525A6F-8E98-26C9-820A-D517B78908F6" otype="Entity" vid="D11595E4-33EA-F405-F71C-29FE51DED53D">
<hideElementsInCurrentOnly>false</hideElementsInCurrentOnly>
<bounds x="1105" y="368" width="237" height="190"/>
</OView>
<OView class="oracle.dbtools.crest.swingui.logical.TVEntity" oid="738134DE-A3C9-98D8-C230-890329B18E10" otype="Entity" vid="A469EDFB-6DBA-47F9-8306-51C7E7E02A81">
<hideElementsInCurrentOnly>false</hideElementsInCurrentOnly>
<bounds x="36" y="78" width="198" height="123"/>
</OView>
<OView class="oracle.dbtools.crest.swingui.logical.TVEntity" oid="78146421-7F7C-1253-2DEB-BCB7FEDF1910" otype="Entity" vid="7CEE8660-4CBE-64E4-FEAE-7230C9AA6C9F">
<hideElementsInCurrentOnly>false</hideElementsInCurrentOnly>
<bounds x="556" y="447" width="235" height="116"/>
</OView>
<OView class="oracle.dbtools.crest.swingui.logical.TVEntity" oid="887CF567-1AD0-F299-DE08-2A3623D7C64B" otype="Entity" vid="DAE6A1D2-E482-2A8B-5A60-78BB39B82BE2">
<hideElementsInCurrentOnly>false</hideElementsInCurrentOnly>
<bounds x="1444" y="311" width="171" height="77"/>
</OView>
<OView class="oracle.dbtools.crest.swingui.logical.TVEntity" oid="93ACDFEE-C497-DED8-5EC3-AC1E2FF8B792" otype="Entity" vid="49637C3B-DB88-4880-9BCC-299F6FB67398">
<hideElementsInCurrentOnly>false</hideElementsInCurrentOnly>
<bounds x="155" y="707" width="224" height="78"/>
</OView>
<OView class="oracle.dbtools.crest.swingui.logical.TVEntity" oid="D86F3B89-7CC3-30C8-BF8A-862DCFB02800" otype="Entity" vid="8C6CC120-8E3D-4D63-DCD0-84049BE52637">
<hideElementsInCurrentOnly>false</hideElementsInCurrentOnly>
<bounds x="116" y="276" width="328" height="150"/>
</OView>
<OView class="oracle.dbtools.crest.swingui.logical.TVEntity" oid="DF38D72F-B85C-28FF-E464-89FE52CFEBC0" otype="Entity" vid="0DCAA9D6-6573-5D4E-43AE-00B431954498">
<hideElementsInCurrentOnly>false</hideElementsInCurrentOnly>
<bounds x="1268" y="183" width="210" height="84"/>
</OView>
<OView class="oracle.dbtools.crest.swingui.logical.TVEntity" oid="EE100704-1EB5-CC61-B0C5-D469F1730787" otype="Entity" vid="D737DC06-A70F-22B0-ABE0-319E9DB381B3">
<hideElementsInCurrentOnly>false</hideElementsInCurrentOnly>
<bounds x="1027" y="187" width="216" height="73"/>
</OView>
<OView class="oracle.dbtools.crest.swingui.logical.TVEntity" oid="F162ED54-023D-3D52-1454-9E978721D4DE" otype="Entity" vid="972EA088-3813-161B-E0A2-384FDD584D9E">
<hideElementsInCurrentOnly>false</hideElementsInCurrentOnly>
<bounds x="886" y="314" width="191" height="69"/>
</OView>
</objectViews>
<connectors>
<Connector class="oracle.dbtools.crest.swingui.logical.TVRelation" oid="06E82837-97E9-CD4C-2A70-E6344C0E10A7" otype="Relation" vid_source="7CEE8660-4CBE-64E4-FEAE-7230C9AA6C9F" vid_target="D11595E4-33EA-F405-F71C-29FE51DED53D">
<hideElementsInCurrentOnly>false</hideElementsInCurrentOnly>
<backgroundColor>-16777216</backgroundColor>
<lineWidth>1</lineWidth>
<points>
<point x="791" y="502"/>
<point x="1105" y="502"/>
</points>
</Connector>
<Connector class="oracle.dbtools.crest.swingui.logical.TVRelation" oid="0CCAB708-A79E-E873-EA1A-52E82446BB38" otype="Relation" vid_source="7C171373-C23D-E007-361F-B1411C3E3E24" vid_target="D737DC06-A70F-22B0-ABE0-319E9DB381B3">
<hideElementsInCurrentOnly>false</hideElementsInCurrentOnly>
<backgroundColor>-16777216</backgroundColor>
<lineWidth>1</lineWidth>
<points>
<point x="1171" y="97"/>
<point x="1171" y="187"/>
</points>
</Connector>
<Connector class="oracle.dbtools.crest.swingui.logical.TVRelation" oid="108E3890-AD94-1E73-C619-A27A81DD447D" otype="Relation" vid_source="8C6CC120-8E3D-4D63-DCD0-84049BE52637" vid_target="FB564DEE-5D16-79AF-FB93-41B714D38D0E">
<hideElementsInCurrentOnly>false</hideElementsInCurrentOnly>
<backgroundColor>-16777216</backgroundColor>
<lineWidth>1</lineWidth>
<points>
<point x="274" y="426"/>
<point x="274" y="508"/>
</points>
</Connector>
<Connector class="oracle.dbtools.crest.swingui.logical.TVRelation" oid="136A78CC-9ECD-3CEB-55E3-60678C66F636" otype="Relation" vid_source="7CEE8660-4CBE-64E4-FEAE-7230C9AA6C9F" vid_target="FB564DEE-5D16-79AF-FB93-41B714D38D0E">
<hideElementsInCurrentOnly>false</hideElementsInCurrentOnly>
<backgroundColor>-16777216</backgroundColor>
<lineWidth>1</lineWidth>
<points>
<point x="556" y="535"/>
<point x="424" y="535"/>
</points>
</Connector>
<Connector class="oracle.dbtools.crest.swingui.logical.TVRelation" oid="17E9BD8C-6071-8B4F-B04F-B720DB10A2F1" otype="Relation" vid_source="AB3949CC-412E-7771-6B41-A7418BFB1424" vid_target="8C6CC120-8E3D-4D63-DCD0-84049BE52637">
<hideElementsInCurrentOnly>false</hideElementsInCurrentOnly>
<backgroundColor>-16777216</backgroundColor>
<lineWidth>1</lineWidth>
<points>
<point x="363" y="195"/>
<point x="363" y="276"/>
</points>
</Connector>
<Connector class="oracle.dbtools.crest.swingui.logical.TVRelation" oid="289FE1D6-4EF2-5270-70DE-CDA8621175C7" otype="Relation" vid_source="8C6CC120-8E3D-4D63-DCD0-84049BE52637" vid_target="972EA088-3813-161B-E0A2-384FDD584D9E">
<hideElementsInCurrentOnly>false</hideElementsInCurrentOnly>
<backgroundColor>-16777216</backgroundColor>
<lineWidth>1</lineWidth>
<points>
<point x="444" y="348"/>
<point x="886" y="348"/>
</points>
</Connector>
<Connector class="oracle.dbtools.crest.swingui.logical.TVRelation" oid="2D6748B9-6C5B-F48D-2D33-220187DA8639" otype="Relation" vid_source="65D74406-3BCC-6FB1-A08D-33EE12CA093E" vid_target="D11595E4-33EA-F405-F71C-29FE51DED53D">
<hideElementsInCurrentOnly>false</hideElementsInCurrentOnly>
<backgroundColor>-16777216</backgroundColor>
<lineWidth>1</lineWidth>
<points>
<point x="1464" y="460"/>
<point x="1342" y="460"/>
</points>
</Connector>
<Connector class="oracle.dbtools.crest.swingui.logical.TVRelation" oid="486DF8C9-1A20-D10F-4E90-9AFF0A2DC7B8" otype="Relation" vid_source="BFB7795F-97DB-DACA-94E1-62F058AB533E" vid_target="AA1B1171-0A78-BF72-D1B4-B11497348504">
<hideElementsInCurrentOnly>false</hideElementsInCurrentOnly>
<backgroundColor>-16777216</backgroundColor>
<lineWidth>1</lineWidth>
<points>
<point x="1325" y="673"/>
<point x="1460" y="673"/>
</points>
</Connector>
<Connector class="oracle.dbtools.crest.swingui.logical.TVRelation" oid="526F91E2-6042-3C9A-4C43-AF9D24371BB1" otype="Relation" vid_source="A469EDFB-6DBA-47F9-8306-51C7E7E02A81" vid_target="AB3949CC-412E-7771-6B41-A7418BFB1424">
<hideElementsInCurrentOnly>false</hideElementsInCurrentOnly>
<backgroundColor>-16777216</backgroundColor>
<lineWidth>1</lineWidth>
<points>
<point x="234" y="142"/>
<point x="282" y="142"/>
</points>
</Connector>
<Connector class="oracle.dbtools.crest.swingui.logical.TVRelation" oid="55442F89-97DC-7A69-2A9E-AE4C04723D7E" otype="Relation" vid_source="7C171373-C23D-E007-361F-B1411C3E3E24" vid_target="0DCAA9D6-6573-5D4E-43AE-00B431954498">
<hideElementsInCurrentOnly>false</hideElementsInCurrentOnly>
<backgroundColor>-16777216</backgroundColor>
<lineWidth>1</lineWidth>
<centerLabel class="oracle.dbtools.crest.model.design.Label">
<site>1</site>
<labelBounds x="20" y="15" width="201" height="38"/>
<noBackgroundColor>true</noBackgroundColor>
<noForegroundColor>true</noForegroundColor>
</centerLabel>
<points>
<point x="1373" y="97"/>
<point x="1373" y="183"/>
</points>
</Connector>
<Connector class="oracle.dbtools.crest.swingui.logical.TVRelation" oid="57B2BAE9-EB88-7114-710D-8DD2E2C740C0" otype="Relation" vid_source="D11595E4-33EA-F405-F71C-29FE51DED53D" vid_target="D11595E4-33EA-F405-F71C-29FE51DED53D">
<hideElementsInCurrentOnly>false</hideElementsInCurrentOnly>
<backgroundColor>-16777216</backgroundColor>
<lineWidth>1</lineWidth>
<points>
<point x="1342" y="531"/>
<point x="1367" y="531"/>
<point x="1367" y="583"/>
<point x="1244" y="583"/>
<point x="1244" y="558"/>
</points>
</Connector>
<Connector class="oracle.dbtools.crest.swingui.logical.TVRelation" oid="667B7E1C-3A24-3710-124D-070516554F0B" otype="Relation" vid_source="BFB7795F-97DB-DACA-94E1-62F058AB533E" vid_target="D11595E4-33EA-F405-F71C-29FE51DED53D">
<hideElementsInCurrentOnly>false</hideElementsInCurrentOnly>
<backgroundColor>-16777216</backgroundColor>
<lineWidth>1</lineWidth>
<points>
<point x="1215" y="628"/>
<point x="1215" y="558"/>
</points>
</Connector>
<Connector class="oracle.dbtools.crest.swingui.logical.TVInheritanceRelation" oid="81400A8F-254D-41D5-9F69-2F61E9441495" otype="Hierarchy relation" vid_source="D11595E4-33EA-F405-F71C-29FE51DED53D" vid_target="0DCAA9D6-6573-5D4E-43AE-00B431954498">
<hideElementsInCurrentOnly>false</hideElementsInCurrentOnly>
<backgroundColor>-65536</backgroundColor>
<lineWidth>1</lineWidth>
<points>
<point x="1305" y="368"/>
<point x="1305" y="267"/>
</points>
</Connector>
<Connector class="oracle.dbtools.crest.swingui.logical.TVInheritanceRelation" oid="A0826B9D-BF13-E44A-200F-ED49D44014AA" otype="Hierarchy relation" vid_source="D11595E4-33EA-F405-F71C-29FE51DED53D" vid_target="972EA088-3813-161B-E0A2-384FDD584D9E">
<hideElementsInCurrentOnly>false</hideElementsInCurrentOnly>
<backgroundColor>-65536</backgroundColor>
<lineWidth>1</lineWidth>
<points>
<point x="1105" y="375"/>
<point x="1077" y="375"/>
</points>
</Connector>
<Connector class="oracle.dbtools.crest.swingui.logical.TVRelation" oid="A6B47D50-DE09-E19D-9248-B0768CC41694" otype="Relation" vid_source="DAE6A1D2-E482-2A8B-5A60-78BB39B82BE2" vid_target="D11595E4-33EA-F405-F71C-29FE51DED53D">
<hideElementsInCurrentOnly>false</hideElementsInCurrentOnly>
<backgroundColor>-16777216</backgroundColor>
<lineWidth>1</lineWidth>
<points>
<point x="1444" y="378"/>
<point x="1342" y="378"/>
</points>
</Connector>
<Connector class="oracle.dbtools.crest.swingui.logical.TVInheritanceRelation" oid="BA32B2EC-2C16-17E3-DF90-B414BBC45BCC" otype="Hierarchy relation" vid_source="D11595E4-33EA-F405-F71C-29FE51DED53D" vid_target="D737DC06-A70F-22B0-ABE0-319E9DB381B3">
<hideElementsInCurrentOnly>false</hideElementsInCurrentOnly>
<backgroundColor>-65536</backgroundColor>
<lineWidth>1</lineWidth>
<points>
<point x="1174" y="368"/>
<point x="1174" y="260"/>
</points>
</Connector>
<Connector class="oracle.dbtools.crest.swingui.logical.TVRelation" oid="BB5F03D1-7302-B6F5-A534-18E0A35527E3" otype="Relation" vid_source="49637C3B-DB88-4880-9BCC-299F6FB67398" vid_target="FB564DEE-5D16-79AF-FB93-41B714D38D0E">
<hideElementsInCurrentOnly>false</hideElementsInCurrentOnly>
<backgroundColor>-16777216</backgroundColor>
<lineWidth>1</lineWidth>
<points>
<point x="267" y="707"/>
<point x="267" y="673"/>
</points>
</Connector>
<Connector class="oracle.dbtools.crest.swingui.logical.TVRelation" oid="F190E91C-4246-D7C6-7D3E-B269314D9579" otype="Relation" vid_source="BFB7795F-97DB-DACA-94E1-62F058AB533E" vid_target="FB564DEE-5D16-79AF-FB93-41B714D38D0E">
<hideElementsInCurrentOnly>false</hideElementsInCurrentOnly>
<backgroundColor>-16777216</backgroundColor>
<lineWidth>1</lineWidth>
<points>
<point x="1099" y="650"/>
<point x="424" y="650"/>
</points>
</Connector>
</connectors>
</Diagram>