<?xml version = '1.0' encoding = 'UTF-8'?>
<Relation class="oracle.dbtools.crest.model.design.logical.InheritanceRelation" name="Hierarchy_6" directorySegmentName="seg_0" id="5F018907-B953-69DE-7974-8E5537A86B47">
<createdBy>Darklight</createdBy>
<createdTime>2025-08-23 05:24:19 UTC</createdTime>
<ownerDesignName>Exp1_S2_Grupo22</ownerDesignName>
<engineerTo>
<item key="7628B1AF-3FA5-ACB0-A52B-CA1A2A67C833" value="true"/>
</engineerTo>
<identifying>false</identifying>
<nameOnSource>Super Type</nameOnSource>
<nameOnTarget>Sub Type</nameOnTarget>
<optionalSource>true</optionalSource>
<optionalTarget>true</optionalTarget>
<sourceEntity>0D9F0583-1392-1367-FD25-9AD136CA6611</sourceEntity>
<targetEntity>8EBB9C20-02D4-0246-B61F-3B54C9217846</targetEntity>
<transferable>true</transferable>
<deleteRule>NO ACTION</deleteRule>
</Relation>