<?xml version = '1.0' encoding = 'UTF-8'?>
<Diagram class="oracle.dbtools.crest.swingui.logical.DPVLogical" name="Logical" id="CB0926E5-BC56-BAF1-66AD-436398D413A5">
<createdBy>Darklight</createdBy>
<modifiedBy>Darklight</modifiedBy>
<createdTime>2025-09-11 03:26:50 UTC</createdTime>
<autoRoute>false</autoRoute>
<boxInbox>true</boxInbox>
<showLegend>false</showLegend>
<showLabels>true</showLabels>
<showRelAttributes>true</showRelAttributes>
<gridEnabled>false</gridEnabled>
<showGrid>false</showGrid>
<diagramColor>-1</diagramColor>
<display>false</display>
<notation>0</notation>
<hideDetailsOnZoomOut>false</hideDetailsOnZoomOut>
<objectViews>
<OView class="oracle.dbtools.crest.swingui.logical.TVEntity" oid="05E108B4-A719-8469-6E7D-5C66EAAE1F13" otype="Entity" vid="BAD06BBE-9781-1544-314B-409D1458679C">
<hideElementsInCurrentOnly>false</hideElementsInCurrentOnly>
<bounds x="18" y="471" width="227" height="74"/>
</OView>
<OView class="oracle.dbtools.crest.swingui.logical.TVEntity" oid="1ACCC512-8B05-A76A-E14C-94F4C9AB9943" otype="Entity" vid="FE82D6EC-2539-576D-D6DA-40A650A1BC87">
<hideElementsInCurrentOnly>false</hideElementsInCurrentOnly>
<bounds x="1114" y="243" width="200" height="74"/>
</OView>
<OView class="oracle.dbtools.crest.swingui.logical.TVEntity" oid="2ED77BB6-3D07-9AD6-BCA1-0ED2E1113FBD" otype="Entity" vid="658B8C63-1E70-CEBC-02CB-0B310BD841F4">
<hideElementsInCurrentOnly>false</hideElementsInCurrentOnly>
<bounds x="1151" y="404" width="260" height="81"/>
</OView>
<OView class="oracle.dbtools.crest.swingui.logical.TVEntity" oid="47D9B09D-8AA2-9388-4463-F615E9163C85" otype="Entity" vid="E4931AE9-0D2F-A555-09A0-01B1CAD911D9">
<hideElementsInCurrentOnly>false</hideElementsInCurrentOnly>
<bounds x="306" y="240" width="217" height="116"/>
</OView>
<OView class="oracle.dbtools.crest.swingui.logical.TVEntity" oid="66808175-FB78-4F82-8C4F-586ED8D1E49A" otype="Entity" vid="4EAC53BA-7517-435E-47FE-F85D508F9C11">
<hideElementsInCurrentOnly>false</hideElementsInCurrentOnly>
<bounds x="1203" y="16" width="214" height="88"/>
</OView>
<OView class="oracle.dbtools.crest.swingui.logical.TVEntity" oid="748950D1-FDD7-8110-5ED0-1670ADD1DAF6" otype="Entity" vid="474CE62A-1A39-D5D3-FE60-20987978AF14">
<hideElementsInCurrentOnly>false</hideElementsInCurrentOnly>
<bounds x="21" y="645" width="233" height="74"/>
</OView>
<OView class="oracle.dbtools.crest.swingui.logical.TVEntity" oid="83CDCA33-69E5-A2E8-688C-B99487D677D2" otype="Entity" vid="27493118-167E-590A-6ED8-9EB7814A89D3">
<hideElementsInCurrentOnly>false</hideElementsInCurrentOnly>
<bounds x="375" y="498" width="234" height="158"/>
</OView>
<OView class="oracle.dbtools.crest.swingui.logical.TVEntity" oid="94FCA12D-7484-56ED-0FD4-D50372A7315B" otype="Entity" vid="4F70D12B-FD71-84F0-2E07-074A24668949">
<hideElementsInCurrentOnly>false</hideElementsInCurrentOnly>
<bounds x="718" y="452" width="234" height="88"/>
</OView>
<OView class="oracle.dbtools.crest.swingui.logical.TVEntity" oid="9AB06F73-7A37-7C80-9955-1EE6815FA8AF" otype="Entity" vid="49D463DB-D2C4-7CA4-75B4-924AC1931A04">
<hideElementsInCurrentOnly>false</hideElementsInCurrentOnly>
<bounds x="790" y="10" width="223" height="88"/>
</OView>
<OView class="oracle.dbtools.crest.swingui.logical.TVEntity" oid="DF6B9B8F-8D0D-2E94-1D60-7F0B7CE62507" otype="Entity" vid="6EADCE7A-E060-E875-BB5D-BC0C86AC25AB">
<hideElementsInCurrentOnly>false</hideElementsInCurrentOnly>
<bounds x="369" y="14" width="190" height="74"/>
</OView>
<OView class="oracle.dbtools.crest.swingui.logical.TVEntity" oid="E86403A7-B675-35EE-9777-ACC8B1E24AAD" otype="Entity" vid="0E5713B9-1746-BCEF-6087-14E1A28C9E88">
<hideElementsInCurrentOnly>false</hideElementsInCurrentOnly>
<bounds x="786" y="187" width="232" height="172"/>
</OView>
<OView class="oracle.dbtools.crest.swingui.logical.TVEntity" oid="EC897F7E-DE8A-737A-3969-64F8EBD170DD" otype="Entity" vid="2308226E-44D4-37FD-D1DE-B5060E3E627B">
<hideElementsInCurrentOnly>false</hideElementsInCurrentOnly>
<bounds x="1150" y="496" width="267" height="89"/>
</OView>
<OView class="oracle.dbtools.crest.swingui.logical.TVEntity" oid="EEF91EE6-13B5-34ED-635D-41CDA6515C44" otype="Entity" vid="20DC929C-C103-0FB9-15C4-8C1BB795EB59">
<hideElementsInCurrentOnly>false</hideElementsInCurrentOnly>
<bounds x="12" y="258" width="226" height="88"/>
</OView>
<OView class="oracle.dbtools.crest.swingui.logical.TVEntity" oid="FE2C77B5-EFB5-12DF-6E86-8B618FF0ECE5" otype="Entity" vid="82B310B7-831D-77B0-8E55-4D067265FD03">
<hideElementsInCurrentOnly>false</hideElementsInCurrentOnly>
<bounds x="10" y="558" width="199" height="74"/>
</OView>
</objectViews>
<connectors>
<Connector class="oracle.dbtools.crest.swingui.logical.TVRelation" oid="0B66C630-58F7-E3C5-A448-1A78534862CB" otype="Relation" vid_source="4F70D12B-FD71-84F0-2E07-074A24668949" vid_target="2308226E-44D4-37FD-D1DE-B5060E3E627B">
<hideElementsInCurrentOnly>false</hideElementsInCurrentOnly>
<backgroundColor>-16777216</backgroundColor>
<lineWidth>1</lineWidth>
<sourceLabel class="oracle.dbtools.crest.model.design.Label">
<site>0</site>
<labelBounds x="962" y="488" width="47" height="30"/>
<noBackgroundColor>true</noBackgroundColor>
<noForegroundColor>true</noForegroundColor>
</sourceLabel>
<targetLabel class="oracle.dbtools.crest.model.design.Label">
<site>2</site>
<labelBounds x="1072" y="521" width="72" height="30"/>
<noBackgroundColor>true</noBackgroundColor>
<noForegroundColor>true</noForegroundColor>
</targetLabel>
<points>
<point x="952" y="518"/>
<point x="1150" y="518"/>
</points>
</Connector>
<Connector class="oracle.dbtools.crest.swingui.logical.TVRelation" oid="2308C4B8-1CAD-795A-E054-F0B9B11685B6" otype="Relation" vid_source="BAD06BBE-9781-1544-314B-409D1458679C" vid_target="27493118-167E-590A-6ED8-9EB7814A89D3">
<hideElementsInCurrentOnly>false</hideElementsInCurrentOnly>
<backgroundColor>-16777216</backgroundColor>
<lineWidth>1</lineWidth>
<sourceLabel class="oracle.dbtools.crest.model.design.Label">
<site>0</site>
<labelBounds x="255" y="491" width="39" height="30"/>
<noBackgroundColor>true</noBackgroundColor>
<noForegroundColor>true</noForegroundColor>
</sourceLabel>
<targetLabel class="oracle.dbtools.crest.model.design.Label">
<site>2</site>
<labelBounds x="330" y="524" width="39" height="30"/>
<noBackgroundColor>true</noBackgroundColor>
<noForegroundColor>true</noForegroundColor>
</targetLabel>
<points>
<point x="245" y="521"/>
<point x="375" y="521"/>
</points>
</Connector>
<Connector class="oracle.dbtools.crest.swingui.logical.TVRelation" oid="36CE4B9A-9AC1-F80E-15B2-0980CBBE3AB9" otype="Relation" vid_source="4EAC53BA-7517-435E-47FE-F85D508F9C11" vid_target="49D463DB-D2C4-7CA4-75B4-924AC1931A04">
<hideElementsInCurrentOnly>false</hideElementsInCurrentOnly>
<backgroundColor>-16777216</backgroundColor>
<lineWidth>1</lineWidth>
<sourceLabel class="oracle.dbtools.crest.model.design.Label">
<site>0</site>
<labelBounds x="1140" y="42" width="57" height="30"/>
<noBackgroundColor>true</noBackgroundColor>
<noForegroundColor>true</noForegroundColor>
</sourceLabel>
<targetLabel class="oracle.dbtools.crest.model.design.Label">
<site>2</site>
<labelBounds x="1023" y="75" width="54" height="30"/>
<noBackgroundColor>true</noBackgroundColor>
<noForegroundColor>true</noForegroundColor>
</targetLabel>
<points>
<point x="1203" y="72"/>
<point x="1013" y="72"/>
</points>
</Connector>
<Connector class="oracle.dbtools.crest.swingui.logical.TVRelation" oid="52820F9F-91D1-F5F9-9A24-089648DFB719" otype="Relation" vid_source="27493118-167E-590A-6ED8-9EB7814A89D3" vid_target="E4931AE9-0D2F-A555-09A0-01B1CAD911D9">
<hideElementsInCurrentOnly>false</hideElementsInCurrentOnly>
<backgroundColor>-16777216</backgroundColor>
<lineWidth>1</lineWidth>
<points>
<point x="434" y="498"/>
<point x="434" y="356"/>
</points>
</Connector>
<Connector class="oracle.dbtools.crest.swingui.logical.TVRelation" oid="558683F3-6965-590A-1866-DBD86664433F" otype="Relation" vid_source="82B310B7-831D-77B0-8E55-4D067265FD03" vid_target="27493118-167E-590A-6ED8-9EB7814A89D3">
<hideElementsInCurrentOnly>false</hideElementsInCurrentOnly>
<backgroundColor>-16777216</backgroundColor>
<lineWidth>1</lineWidth>
<sourceLabel class="oracle.dbtools.crest.model.design.Label">
<site>0</site>
<labelBounds x="219" y="565" width="39" height="30"/>
<noBackgroundColor>true</noBackgroundColor>
<noForegroundColor>true</noForegroundColor>
</sourceLabel>
<targetLabel class="oracle.dbtools.crest.model.design.Label">
<site>2</site>
<labelBounds x="330" y="598" width="39" height="30"/>
<noBackgroundColor>true</noBackgroundColor>
<noForegroundColor>true</noForegroundColor>
</targetLabel>
<points>
<point x="209" y="595"/>
<point x="375" y="595"/>
</points>
</Connector>
<Connector class="oracle.dbtools.crest.swingui.logical.TVRelation" oid="7726469C-CA37-1B36-EA82-250298D23CB4" otype="Relation" vid_source="49D463DB-D2C4-7CA4-75B4-924AC1931A04" vid_target="0E5713B9-1746-BCEF-6087-14E1A28C9E88">
<hideElementsInCurrentOnly>false</hideElementsInCurrentOnly>
<backgroundColor>-16777216</backgroundColor>
<lineWidth>1</lineWidth>
<sourceLabel class="oracle.dbtools.crest.model.design.Label">
<site>0</site>
<labelBounds x="901" y="142" width="48" height="30"/>
<noBackgroundColor>true</noBackgroundColor>
<noForegroundColor>true</noForegroundColor>
</sourceLabel>
<targetLabel class="oracle.dbtools.crest.model.design.Label">
<site>2</site>
<labelBounds x="901" y="151" width="49" height="30"/>
<noBackgroundColor>true</noBackgroundColor>
<noForegroundColor>true</noForegroundColor>
</targetLabel>
<points>
<point x="901" y="98"/>
<point x="901" y="187"/>
</points>
</Connector>
<Connector class="oracle.dbtools.crest.swingui.logical.TVRelation" oid="84FFD1AB-9A7D-1AFE-1AD2-C11B94EA20A7" otype="Relation" vid_source="6EADCE7A-E060-E875-BB5D-BC0C86AC25AB" vid_target="E4931AE9-0D2F-A555-09A0-01B1CAD911D9">
<hideElementsInCurrentOnly>false</hideElementsInCurrentOnly>
<backgroundColor>-16777216</backgroundColor>
<lineWidth>1</lineWidth>
<centerLabel class="oracle.dbtools.crest.model.design.Label">
<site>1</site>
<labelBounds x="25" y="20" width="148" height="30"/>
<noBackgroundColor>true</noBackgroundColor>
<noForegroundColor>true</noForegroundColor>
</centerLabel>
<sourceLabel class="oracle.dbtools.crest.model.design.Label">
<site>0</site>
<labelBounds x="446" y="124" width="39" height="30"/>
<noBackgroundColor>true</noBackgroundColor>
<noForegroundColor>true</noForegroundColor>
</sourceLabel>
<targetLabel class="oracle.dbtools.crest.model.design.Label">
<site>2</site>
<labelBounds x="446" y="196" width="64" height="30"/>
<noBackgroundColor>true</noBackgroundColor>
<noForegroundColor>true</noForegroundColor>
</targetLabel>
<points>
<point x="446" y="88"/>
<point x="446" y="240"/>
</points>
</Connector>
<Connector class="oracle.dbtools.crest.swingui.logical.TVRelation" oid="8BDD2DF1-251F-E57F-1DC1-19492E346593" otype="Relation" vid_source="4F70D12B-FD71-84F0-2E07-074A24668949" vid_target="27493118-167E-590A-6ED8-9EB7814A89D3">
<hideElementsInCurrentOnly>false</hideElementsInCurrentOnly>
<backgroundColor>-16777216</backgroundColor>
<lineWidth>1</lineWidth>
<sourceLabel class="oracle.dbtools.crest.model.design.Label">
<site>0</site>
<labelBounds x="851" y="584" width="72" height="30"/>
<noBackgroundColor>true</noBackgroundColor>
<noForegroundColor>true</noForegroundColor>
</sourceLabel>
<targetLabel class="oracle.dbtools.crest.model.design.Label">
<site>2</site>
<labelBounds x="619" y="613" width="47" height="30"/>
<noBackgroundColor>true</noBackgroundColor>
<noForegroundColor>true</noForegroundColor>
</targetLabel>
<points>
<point x="851" y="540"/>
<point x="851" y="610"/>
<point x="609" y="610"/>
</points>
</Connector>
<Connector class="oracle.dbtools.crest.swingui.logical.TVRelation" oid="A1FA4D34-6F2D-8932-9C9C-2C9424FAEBD3" otype="Relation" vid_source="474CE62A-1A39-D5D3-FE60-20987978AF14" vid_target="27493118-167E-590A-6ED8-9EB7814A89D3">
<hideElementsInCurrentOnly>false</hideElementsInCurrentOnly>
<backgroundColor>-16777216</backgroundColor>
<lineWidth>1</lineWidth>
<sourceLabel class="oracle.dbtools.crest.model.design.Label">
<site>0</site>
<labelBounds x="264" y="618" width="38" height="32"/>
<noBackgroundColor>true</noBackgroundColor>
<noForegroundColor>true</noForegroundColor>
</sourceLabel>
<targetLabel class="oracle.dbtools.crest.model.design.Label">
<site>2</site>
<labelBounds x="330" y="653" width="39" height="30"/>
<noBackgroundColor>true</noBackgroundColor>
<noForegroundColor>true</noForegroundColor>
</targetLabel>
<points>
<point x="254" y="650"/>
<point x="375" y="650"/>
</points>
</Connector>
<Connector class="oracle.dbtools.crest.swingui.logical.TVRelation" oid="B6D5BBC2-84B3-86AC-6BED-556FE3B56D61" otype="Relation" vid_source="27493118-167E-590A-6ED8-9EB7814A89D3" vid_target="27493118-167E-590A-6ED8-9EB7814A89D3">
<hideElementsInCurrentOnly>false</hideElementsInCurrentOnly>
<backgroundColor>-16777216</backgroundColor>
<lineWidth>1</lineWidth>
<sourceLabel class="oracle.dbtools.crest.model.design.Label">
<site>0</site>
<labelBounds x="658" y="635" width="68" height="24"/>
<noBackgroundColor>true</noBackgroundColor>
<noForegroundColor>true</noForegroundColor>
</sourceLabel>
<targetLabel class="oracle.dbtools.crest.model.design.Label">
<site>2</site>
<labelBounds x="535" y="722" width="83" height="30"/>
<noBackgroundColor>true</noBackgroundColor>
<noForegroundColor>true</noForegroundColor>
</targetLabel>
<points>
<point x="609" y="644"/>
<point x="658" y="644"/>
<point x="658" y="735"/>
<point x="535" y="735"/>
<point x="535" y="656"/>
</points>
</Connector>
<Connector class="oracle.dbtools.crest.swingui.logical.TVRelation" oid="B966D155-B1BD-8618-C9D8-C84912B0D2B3" otype="Relation" vid_source="E4931AE9-0D2F-A555-09A0-01B1CAD911D9" vid_target="20DC929C-C103-0FB9-15C4-8C1BB795EB59">
<hideElementsInCurrentOnly>false</hideElementsInCurrentOnly>
<backgroundColor>-16777216</backgroundColor>
<lineWidth>1</lineWidth>
<points>
<point x="306" y="302"/>
<point x="238" y="302"/>
</points>
</Connector>
<Connector class="oracle.dbtools.crest.swingui.logical.TVRelation" oid="CA77B001-0372-A56F-0E7D-CA6D3C482298" otype="Relation" vid_source="0E5713B9-1746-BCEF-6087-14E1A28C9E88" vid_target="FE82D6EC-2539-576D-D6DA-40A650A1BC87">
<hideElementsInCurrentOnly>false</hideElementsInCurrentOnly>
<backgroundColor>-16777216</backgroundColor>
<lineWidth>1</lineWidth>
<sourceLabel class="oracle.dbtools.crest.model.design.Label">
<site>0</site>
<labelBounds x="1028" y="250" width="40" height="30"/>
<noBackgroundColor>true</noBackgroundColor>
<noForegroundColor>true</noForegroundColor>
</sourceLabel>
<targetLabel class="oracle.dbtools.crest.model.design.Label">
<site>2</site>
<labelBounds x="1068" y="283" width="40" height="30"/>
<noBackgroundColor>true</noBackgroundColor>
<noForegroundColor>true</noForegroundColor>
</targetLabel>
<points>
<point x="1018" y="280"/>
<point x="1114" y="280"/>
</points>
</Connector>
<Connector class="oracle.dbtools.crest.swingui.logical.TVRelation" oid="EAC7EF71-EA78-26A7-5F0E-E21F3E2FE5BA" otype="Relation" vid_source="4F70D12B-FD71-84F0-2E07-074A24668949" vid_target="658B8C63-1E70-CEBC-02CB-0B310BD841F4">
<hideElementsInCurrentOnly>false</hideElementsInCurrentOnly>
<backgroundColor>-16777216</backgroundColor>
<lineWidth>1</lineWidth>
<sourceLabel class="oracle.dbtools.crest.model.design.Label">
<site>0</site>
<labelBounds x="962" y="438" width="47" height="30"/>
<noBackgroundColor>true</noBackgroundColor>
<noForegroundColor>true</noForegroundColor>
</sourceLabel>
<targetLabel class="oracle.dbtools.crest.model.design.Label">
<site>2</site>
<labelBounds x="1073" y="471" width="72" height="30"/>
<noBackgroundColor>true</noBackgroundColor>
<noForegroundColor>true</noForegroundColor>
</targetLabel>
<points>
<point x="952" y="468"/>
<point x="1151" y="468"/>
</points>
</Connector>
<Connector class="oracle.dbtools.crest.swingui.logical.TVRelation" oid="EF226F1F-1A86-7D91-76AA-C8FC29C6666C" otype="Relation" vid_source="0E5713B9-1746-BCEF-6087-14E1A28C9E88" vid_target="E4931AE9-0D2F-A555-09A0-01B1CAD911D9">
<hideElementsInCurrentOnly>false</hideElementsInCurrentOnly>
<backgroundColor>-16777216</backgroundColor>
<lineWidth>1</lineWidth>
<centerLabel class="oracle.dbtools.crest.model.design.Label">
<site>1</site>
<labelBounds x="12" y="0" width="139" height="30"/>
<noBackgroundColor>true</noBackgroundColor>
<noForegroundColor>true</noForegroundColor>
</centerLabel>
<sourceLabel class="oracle.dbtools.crest.model.design.Label">
<site>0</site>
<labelBounds x="731" y="268" width="49" height="30"/>
<noBackgroundColor>true</noBackgroundColor>
<noForegroundColor>true</noForegroundColor>
</sourceLabel>
<targetLabel class="oracle.dbtools.crest.model.design.Label">
<site>2</site>
<labelBounds x="533" y="301" width="47" height="30"/>
<noBackgroundColor>true</noBackgroundColor>
<noForegroundColor>true</noForegroundColor>
</targetLabel>
<points>
<point x="786" y="298"/>
<point x="523" y="298"/>
</points>
</Connector>
</connectors>
</Diagram>