<?xml version = '1.0' encoding = 'UTF-8'?>
<Entity class="oracle.dbtools.crest.model.design.logical.Entity" directorySegmentName="seg_0" id="3368D684-A974-8504-BC9F-EA7E19F0C862" name="TITULO_1">
<createdBy>Darklight</createdBy>
<createdTime>2025-09-06 06:03:34 UTC</createdTime>
<ownerDesignName>Exp2_S4_Grupo22</ownerDesignName>
<engineerTo>
<item key="8425D1A2-55C5-C21F-94D6-5C4A3F40FAC8" value="true"/>
</engineerTo>
<adequatelyNormalized>NO</adequatelyNormalized>
<expectedVolumes>0</expectedVolumes>
<fwdEngineeringStrategyName>Single Table</fwdEngineeringStrategyName>
<growthPercent>0</growthPercent>
<growthType>Year</growthType>
<maxVolumes>9999999</maxVolumes>
<minVolumes>0</minVolumes>
<normalForm>Third</normalForm>
<attributes itemClass="oracle.dbtools.crest.model.design.logical.Attribute">
<Attribute name="id_titulo" id="B3872FAF-B0FD-9782-4523-0C813A0B46DF">
<createdBy>Darklight</createdBy>
<createdTime>2025-09-06 06:07:16 UTC</createdTime>
<generatorID>6CFE0C98-1193-7D88-3644-AB77396CAC23</generatorID>
<ownerDesignName>Exp2_S4_Grupo22</ownerDesignName>
<engineerTo>
<item key="8425D1A2-55C5-C21F-94D6-5C4A3F40FAC8" value="true"/>
</engineerTo>
<referedAttribute>54B7FAC4-1C6B-9E6F-6DDF-865975E9751B</referedAttribute>
<useDomainConstraints>false</useDomainConstraints>
<use>1</use>
<logicalDatatype>LOGDT011</logicalDatatype>
<ownDataTypeParameters>,,</ownDataTypeParameters>
</Attribute>
<Attribute name="id_postulante" id="EC44B479-32BA-CCCA-FA8E-C9829FACFC9A">
<createdBy>Darklight</createdBy>
<createdTime>2025-09-06 06:56:52 UTC</createdTime>
<generatorID>FCA293A0-7D49-89D9-7864-C7F8A81AD5AA</generatorID>
<ownerDesignName>Exp2_S4_Grupo22</ownerDesignName>
<engineerTo>
<item key="8425D1A2-55C5-C21F-94D6-5C4A3F40FAC8" value="true"/>
</engineerTo>
<referedAttribute>7DF0A768-69E2-EC5F-EE98-8EC64D65FB9C</referedAttribute>
<useDomainConstraints>false</useDomainConstraints>
<use>1</use>
<logicalDatatype>LOGDT024</logicalDatatype>
<dataTypeSize>10 CHAR</dataTypeSize>
<ownDataTypeParameters>,,</ownDataTypeParameters>
</Attribute>
</attributes>
<identifiers itemClass="oracle.dbtools.crest.model.design.logical.CandidateKey">
<identifier id="6DF9BFD4-C5E1-4759-2D3F-579D6582A84B" name="TITULO_1 PK">
<createdBy>Darklight</createdBy>
<createdTime>2025-09-06 06:19:48 UTC</createdTime>
<ownerDesignName>Exp2_S4_Grupo22</ownerDesignName>
<engineerTo>
<item key="8425D1A2-55C5-C21F-94D6-5C4A3F40FAC8" value="true"/>
</engineerTo>
<pk>true</pk>
<usedAttributes>
<attributeRef>B3872FAF-B0FD-9782-4523-0C813A0B46DF</attributeRef>
</usedAttributes>
</identifier>
</identifiers>
</Entity>