<?xml version = '1.0' encoding = 'UTF-8'?>
<Entity class="oracle.dbtools.crest.model.design.logical.Entity" directorySegmentName="seg_0" id="596E5308-D9A6-B89A-8568-75E8E3D5656B" name="POSTULANTE">
<createdBy>Darklight</createdBy>
<createdTime>2025-09-06 06:00:07 UTC</createdTime>
<ownerDesignName>Exp2_S4_Grupo22</ownerDesignName>
<engineerTo>
<item key="8425D1A2-55C5-C21F-94D6-5C4A3F40FAC8" value="true"/>
</engineerTo>
<adequatelyNormalized>NO</adequatelyNormalized>
<expectedVolumes>0</expectedVolumes>
<fwdEngineeringStrategyName>Single Table</fwdEngineeringStrategyName>
<growthPercent>0</growthPercent>
<growthType>Year</growthType>
<maxVolumes>9999999</maxVolumes>
<minVolumes>0</minVolumes>
<normalForm>Third</normalForm>
<attributes itemClass="oracle.dbtools.crest.model.design.logical.Attribute">
<Attribute name="id_postulante" id="7DF0A768-69E2-EC5F-EE98-8EC64D65FB9C">
<createdBy>Darklight</createdBy>
<createdTime>2025-09-06 06:56:31 UTC</createdTime>
<ownerDesignName>Exp2_S4_Grupo22</ownerDesignName>
<engineerTo>
<item key="8425D1A2-55C5-C21F-94D6-5C4A3F40FAC8" value="true"/>
</engineerTo>
<useDomainConstraints>false</useDomainConstraints>
<use>1</use>
<logicalDatatype>LOGDT024</logicalDatatype>
<dataTypeSize>10 CHAR</dataTypeSize>
<ownDataTypeParameters>10 CHAR,,</ownDataTypeParameters>
</Attribute>
<Attribute name="nombres" id="A9D8A544-0BAB-3AFF-459E-FC770F442A7F">
<createdBy>Darklight</createdBy>
<createdTime>2025-09-06 06:30:39 UTC</createdTime>
<ownerDesignName>Exp2_S4_Grupo22</ownerDesignName>
<engineerTo>
<item key="8425D1A2-55C5-C21F-94D6-5C4A3F40FAC8" value="true"/>
</engineerTo>
<useDomainConstraints>false</useDomainConstraints>
<use>1</use>
<logicalDatatype>LOGDT024</logicalDatatype>
<dataTypeSize>25 CHAR</dataTypeSize>
<ownDataTypeParameters>25 CHAR,,</ownDataTypeParameters>
</Attribute>
<Attribute name="apellidos" id="22A53C85-831C-1F71-95A2-25D2255728FE">
<createdBy>Darklight</createdBy>
<createdTime>2025-09-06 06:30:57 UTC</createdTime>
<ownerDesignName>Exp2_S4_Grupo22</ownerDesignName>
<engineerTo>
<item key="8425D1A2-55C5-C21F-94D6-5C4A3F40FAC8" value="true"/>
</engineerTo>
<useDomainConstraints>false</useDomainConstraints>
<use>1</use>
<logicalDatatype>LOGDT024</logicalDatatype>
<dataTypeSize>25 CHAR</dataTypeSize>
<ownDataTypeParameters>25 CHAR,,</ownDataTypeParameters>
</Attribute>
<Attribute name="fecha_nacimiento" id="FE4EB30B-7C30-4021-ED89-C54E1AEB7685">
<createdBy>Darklight</createdBy>
<createdTime>2025-09-06 06:31:21 UTC</createdTime>
<ownerDesignName>Exp2_S4_Grupo22</ownerDesignName>
<engineerTo>
<item key="8425D1A2-55C5-C21F-94D6-5C4A3F40FAC8" value="true"/>
</engineerTo>
<useDomainConstraints>false</useDomainConstraints>
<use>1</use>
<logicalDatatype>LOGDT007</logicalDatatype>
<ownDataTypeParameters>,,</ownDataTypeParameters>
</Attribute>
<Attribute name="direccion" id="62EE8B6C-8334-581F-7D98-661AB945622D">
<createdBy>Darklight</createdBy>
<createdTime>2025-09-06 06:31:33 UTC</createdTime>
<ownerDesignName>Exp2_S4_Grupo22</ownerDesignName>
<engineerTo>
<item key="8425D1A2-55C5-C21F-94D6-5C4A3F40FAC8" value="true"/>
</engineerTo>
<useDomainConstraints>false</useDomainConstraints>
<use>1</use>
<logicalDatatype>LOGDT024</logicalDatatype>
<dataTypeSize>25 CHAR</dataTypeSize>
<ownDataTypeParameters>25 CHAR,,</ownDataTypeParameters>
</Attribute>
<Attribute name="genero" id="5CFDE5E9-00B6-6A2C-518F-5AF03C67D478">
<createdBy>Darklight</createdBy>
<createdTime>2025-09-06 06:34:31 UTC</createdTime>
<ownerDesignName>Exp2_S4_Grupo22</ownerDesignName>
<engineerTo>
<item key="8425D1A2-55C5-C21F-94D6-5C4A3F40FAC8" value="true"/>
</engineerTo>
<useDomainConstraints>false</useDomainConstraints>
<use>1</use>
<logicalDatatype>LOGDT006</logicalDatatype>
<ownDataTypeParameters>,,</ownDataTypeParameters>
</Attribute>
<Attribute name="id_titulo" id="DF974652-B555-9DDE-83CC-1F88A188AD2C">
<createdBy>Darklight</createdBy>
<createdTime>2025-09-06 06:24:19 UTC</createdTime>
<generatorID>FCA293A0-7D49-89D9-7864-C7F8A81AD5AA</generatorID>
<ownerDesignName>Exp2_S4_Grupo22</ownerDesignName>
<engineerTo>
<item key="8425D1A2-55C5-C21F-94D6-5C4A3F40FAC8" value="true"/>
</engineerTo>
<referedAttribute>B3872FAF-B0FD-9782-4523-0C813A0B46DF</referedAttribute>
<useDomainConstraints>false</useDomainConstraints>
<use>1</use>
<logicalDatatype>LOGDT011</logicalDatatype>
<ownDataTypeParameters>,,</ownDataTypeParameters>
</Attribute>
<Attribute name="id_grado" id="665982BF-911C-A61E-C085-B79CAB236B68">
<createdBy>Darklight</createdBy>
<createdTime>2025-09-06 06:39:47 UTC</createdTime>
<generatorID>909BA41F-9303-AC29-0FD0-296107F7A5A4</generatorID>
<ownerDesignName>Exp2_S4_Grupo22</ownerDesignName>
<engineerTo>
<item key="8425D1A2-55C5-C21F-94D6-5C4A3F40FAC8" value="true"/>
</engineerTo>
<referedAttribute>1FA521D9-9248-A461-E985-0A8AA8F95E46</referedAttribute>
<useDomainConstraints>false</useDomainConstraints>
<use>1</use>
<logicalDatatype>LOGDT011</logicalDatatype>
<ownDataTypeParameters>,,</ownDataTypeParameters>
</Attribute>
<Attribute name="id_ciudad" id="ADF75B58-122D-44F1-99EA-41771E4DD3CF">
<createdBy>Darklight</createdBy>
<createdTime>2025-09-06 19:43:29 UTC</createdTime>
<generatorID>6548E7C2-31A6-4B68-BDF0-7B6FB82CCD6B</generatorID>
<ownerDesignName>Exp2_S4_Grupo22</ownerDesignName>
<engineerTo>
<item key="8425D1A2-55C5-C21F-94D6-5C4A3F40FAC8" value="true"/>
</engineerTo>
<referedAttribute>3897B334-1C22-9774-15AD-979980D00858</referedAttribute>
<useDomainConstraints>false</useDomainConstraints>
<use>1</use>
<logicalDatatype>LOGDT011</logicalDatatype>
<ownDataTypeParameters>,,</ownDataTypeParameters>
</Attribute>
<Attribute name="id_estado_civil" id="0C44DB1C-ED31-2F60-80F3-8CC51CCC9715">
<createdBy>Darklight</createdBy>
<createdTime>2025-09-06 19:52:24 UTC</createdTime>
<generatorID>6D95C831-F923-27CB-D0E6-D42859A594C9</generatorID>
<ownerDesignName>Exp2_S4_Grupo22</ownerDesignName>
<engineerTo>
<item key="8425D1A2-55C5-C21F-94D6-5C4A3F40FAC8" value="true"/>
</engineerTo>
<referedAttribute>0B09FBF2-B3A2-3152-17B0-35711E336AD2</referedAttribute>
<useDomainConstraints>false</useDomainConstraints>
<use>1</use>
<logicalDatatype>LOGDT011</logicalDatatype>
<ownDataTypeParameters>,,</ownDataTypeParameters>
</Attribute>
<Attribute name="id_sigla" id="0071A50E-24C8-8FCE-0272-2C557650C7EC">
<createdBy>Darklight</createdBy>
<createdTime>2025-09-06 20:09:25 UTC</createdTime>
<generatorID>35FCB1DB-2152-2531-C8CA-9B2AC0DE6E34</generatorID>
<ownerDesignName>Exp2_S4_Grupo22</ownerDesignName>
<engineerTo>
<item key="8425D1A2-55C5-C21F-94D6-5C4A3F40FAC8" value="true"/>
</engineerTo>
<referedAttribute>2AB6B5B8-557A-717A-79A1-EF3098203A8A</referedAttribute>
<useDomainConstraints>false</useDomainConstraints>
<use>1</use>
<logicalDatatype>LOGDT024</logicalDatatype>
<dataTypeSize>6 CHAR</dataTypeSize>
<ownDataTypeParameters>,,</ownDataTypeParameters>
</Attribute>
</attributes>
<identifiers itemClass="oracle.dbtools.crest.model.design.logical.CandidateKey">
<identifier id="86023883-A27D-BD8F-339E-70BD3BB830E5" name="POSTULANTE PK">
<createdBy>Darklight</createdBy>
<createdTime>2025-09-06 06:56:49 UTC</createdTime>
<ownerDesignName>Exp2_S4_Grupo22</ownerDesignName>
<engineerTo>
<item key="8425D1A2-55C5-C21F-94D6-5C4A3F40FAC8" value="true"/>
</engineerTo>
<pk>true</pk>
<usedAttributes>
<attributeRef>7DF0A768-69E2-EC5F-EE98-8EC64D65FB9C</attributeRef>
</usedAttributes>
</identifier>
</identifiers>
</Entity>