<?xml version = '1.0' encoding = 'UTF-8'?>
<Entity class="oracle.dbtools.crest.model.design.logical.Entity" directorySegmentName="seg_0" id="81BDD933-F0A8-B8F2-59F7-FDD8EB8A0A0B" name="CIUDAD">
<createdBy>Darklight</createdBy>
<createdTime>2025-09-06 06:41:56 UTC</createdTime>
<ownerDesignName>Exp2_S4_Grupo22</ownerDesignName>
<engineerTo>
<item key="8425D1A2-55C5-C21F-94D6-5C4A3F40FAC8" value="true"/>
</engineerTo>
<adequatelyNormalized>NO</adequatelyNormalized>
<expectedVolumes>0</expectedVolumes>
<fwdEngineeringStrategyName>Single Table</fwdEngineeringStrategyName>
<growthPercent>0</growthPercent>
<growthType>Year</growthType>
<maxVolumes>9999999</maxVolumes>
<minVolumes>0</minVolumes>
<normalForm>Third</normalForm>
<attributes itemClass="oracle.dbtools.crest.model.design.logical.Attribute">
<Attribute name="id_ciudad" id="3897B334-1C22-9774-15AD-979980D00858">
<createdBy>Darklight</createdBy>
<createdTime>2025-09-06 06:42:23 UTC</createdTime>
<ownerDesignName>Exp2_S4_Grupo22</ownerDesignName>
<engineerTo>
<item key="8425D1A2-55C5-C21F-94D6-5C4A3F40FAC8" value="true"/>
</engineerTo>
<useDomainConstraints>false</useDomainConstraints>
<use>1</use>
<logicalDatatype>LOGDT011</logicalDatatype>
<ownDataTypeParameters>,,</ownDataTypeParameters>
</Attribute>
<Attribute name="id_pais" id="24F9439A-0ACF-06C4-ECDF-9728C438CDA7">
<createdBy>Darklight</createdBy>
<createdTime>2025-09-06 19:45:34 UTC</createdTime>
<generatorID>8EB3F82C-7704-E440-596F-1CC5D458F09F</generatorID>
<ownerDesignName>Exp2_S4_Grupo22</ownerDesignName>
<engineerTo>
<item key="8425D1A2-55C5-C21F-94D6-5C4A3F40FAC8" value="true"/>
</engineerTo>
<referedAttribute>7B8D54B0-04B5-A969-4FCB-B534C1C12426</referedAttribute>
<useDomainConstraints>false</useDomainConstraints>
<use>1</use>
<logicalDatatype>LOGDT011</logicalDatatype>
<ownDataTypeParameters>,,</ownDataTypeParameters>
</Attribute>
</attributes>
<identifiers itemClass="oracle.dbtools.crest.model.design.logical.CandidateKey">
<identifier id="6BCA88DB-BC13-5209-66C6-1DC0578C8872" name="CIUDAD PK">
<createdBy>Darklight</createdBy>
<createdTime>2025-09-06 06:42:28 UTC</createdTime>
<ownerDesignName>Exp2_S4_Grupo22</ownerDesignName>
<engineerTo>
<item key="8425D1A2-55C5-C21F-94D6-5C4A3F40FAC8" value="true"/>
</engineerTo>
<pk>true</pk>
<usedAttributes>
<attributeRef>3897B334-1C22-9774-15AD-979980D00858</attributeRef>
</usedAttributes>
</identifier>
</identifiers>
</Entity>