<?xml version = '1.0' encoding = 'UTF-8'?>
<Entity class="oracle.dbtools.crest.model.design.logical.Entity" directorySegmentName="seg_0" id="BB1C52EB-83A9-7B2D-D11D-544216DED0A3" name="EMPRESA">
<createdBy>Darklight</createdBy>
<createdTime>2025-09-06 05:59:33 UTC</createdTime>
<ownerDesignName>Exp2_S4_Grupo22</ownerDesignName>
<engineerTo>
<item key="8425D1A2-55C5-C21F-94D6-5C4A3F40FAC8" value="true"/>
</engineerTo>
<adequatelyNormalized>NO</adequatelyNormalized>
<expectedVolumes>0</expectedVolumes>
<fwdEngineeringStrategyName>Single Table</fwdEngineeringStrategyName>
<growthPercent>0</growthPercent>
<growthType>Year</growthType>
<maxVolumes>9999999</maxVolumes>
<minVolumes>0</minVolumes>
<normalForm>Third</normalForm>
<attributes itemClass="oracle.dbtools.crest.model.design.logical.Attribute">
<Attribute name="id_sigla" id="2AB6B5B8-557A-717A-79A1-EF3098203A8A">
<createdBy>Darklight</createdBy>
<createdTime>2025-09-06 06:40:42 UTC</createdTime>
<ownerDesignName>Exp2_S4_Grupo22</ownerDesignName>
<engineerTo>
<item key="8425D1A2-55C5-C21F-94D6-5C4A3F40FAC8" value="true"/>
</engineerTo>
<useDomainConstraints>false</useDomainConstraints>
<use>1</use>
<logicalDatatype>LOGDT024</logicalDatatype>
<dataTypeSize>6 CHAR</dataTypeSize>
<ownDataTypeParameters>6 CHAR,,</ownDataTypeParameters>
</Attribute>
<Attribute name="direccion" id="C2AF9886-435F-FEFC-8621-60A1068C858A">
<createdBy>Darklight</createdBy>
<createdTime>2025-09-06 06:41:23 UTC</createdTime>
<ownerDesignName>Exp2_S4_Grupo22</ownerDesignName>
<engineerTo>
<item key="8425D1A2-55C5-C21F-94D6-5C4A3F40FAC8" value="true"/>
</engineerTo>
<useDomainConstraints>false</useDomainConstraints>
<use>1</use>
<logicalDatatype>LOGDT024</logicalDatatype>
<dataTypeSize>30 CHAR</dataTypeSize>
<ownDataTypeParameters>30 CHAR,,</ownDataTypeParameters>
</Attribute>
</attributes>
<identifiers itemClass="oracle.dbtools.crest.model.design.logical.CandidateKey">
<identifier id="45FF2937-E57C-B9AB-2D6C-CD343F5FCE20" name="EMPRESA PK">
<createdBy>Darklight</createdBy>
<createdTime>2025-09-06 06:41:16 UTC</createdTime>
<ownerDesignName>Exp2_S4_Grupo22</ownerDesignName>
<engineerTo>
<item key="8425D1A2-55C5-C21F-94D6-5C4A3F40FAC8" value="true"/>
</engineerTo>
<pk>true</pk>
<usedAttributes>
<attributeRef>2AB6B5B8-557A-717A-79A1-EF3098203A8A</attributeRef>
</usedAttributes>
</identifier>
</identifiers>
</Entity>