<?xml version = '1.0' encoding = 'UTF-8'?>
<Entity class="oracle.dbtools.crest.model.design.logical.Entity" directorySegmentName="seg_0" id="C67BC278-9BD9-EB77-5615-0F9EA84C0D97" name="PROFESION">
<createdBy>Darklight</createdBy>
<createdTime>2025-09-06 06:01:38 UTC</createdTime>
<ownerDesignName>Exp2_S4_Grupo22</ownerDesignName>
<engineerTo>
<item key="8425D1A2-55C5-C21F-94D6-5C4A3F40FAC8" value="true"/>
</engineerTo>
<adequatelyNormalized>NO</adequatelyNormalized>
<expectedVolumes>0</expectedVolumes>
<fwdEngineeringStrategyName>Single Table</fwdEngineeringStrategyName>
<growthPercent>0</growthPercent>
<growthType>Year</growthType>
<maxVolumes>9999999</maxVolumes>
<minVolumes>0</minVolumes>
<normalForm>Third</normalForm>
<attributes itemClass="oracle.dbtools.crest.model.design.logical.Attribute">
<Attribute name="id_titulo" id="54B7FAC4-1C6B-9E6F-6DDF-865975E9751B">
<createdBy>Darklight</createdBy>
<createdTime>2025-09-06 06:07:03 UTC</createdTime>
<ownerDesignName>Exp2_S4_Grupo22</ownerDesignName>
<engineerTo>
<item key="8425D1A2-55C5-C21F-94D6-5C4A3F40FAC8" value="true"/>
</engineerTo>
<useDomainConstraints>false</useDomainConstraints>
<use>1</use>
<logicalDatatype>LOGDT011</logicalDatatype>
<ownDataTypeParameters>,,</ownDataTypeParameters>
</Attribute>
</attributes>
<identifiers itemClass="oracle.dbtools.crest.model.design.logical.CandidateKey">
<identifier id="D6B0731D-12E8-32B4-EAA2-4FA2F3532BBE" name="PROFESION PK">
<createdBy>Darklight</createdBy>
<createdTime>2025-09-06 06:07:09 UTC</createdTime>
<ownerDesignName>Exp2_S4_Grupo22</ownerDesignName>
<engineerTo>
<item key="8425D1A2-55C5-C21F-94D6-5C4A3F40FAC8" value="true"/>
</engineerTo>
<pk>true</pk>
<usedAttributes>
<attributeRef>54B7FAC4-1C6B-9E6F-6DDF-865975E9751B</attributeRef>
</usedAttributes>
</identifier>
</identifiers>
</Entity>