<?xml version = '1.0' encoding = 'UTF-8'?>
<Entity class="oracle.dbtools.crest.model.design.logical.Entity" directorySegmentName="seg_0" id="DC69D988-6DA5-B903-A027-FFE986E4C32D" name="TITULO_2">
<createdBy>Darklight</createdBy>
<createdTime>2025-09-06 06:03:42 UTC</createdTime>
<ownerDesignName>Exp2_S4_Grupo22</ownerDesignName>
<engineerTo>
<item key="8425D1A2-55C5-C21F-94D6-5C4A3F40FAC8" value="true"/>
</engineerTo>
<adequatelyNormalized>NO</adequatelyNormalized>
<expectedVolumes>0</expectedVolumes>
<fwdEngineeringStrategyName>Single Table</fwdEngineeringStrategyName>
<growthPercent>0</growthPercent>
<growthType>Year</growthType>
<maxVolumes>9999999</maxVolumes>
<minVolumes>0</minVolumes>
<normalForm>Third</normalForm>
<attributes itemClass="oracle.dbtools.crest.model.design.logical.Attribute">
<Attribute name="id_titulo" id="310F44CB-9BF0-E73B-68D1-8CEF94F38F24">
<createdBy>Darklight</createdBy>
<createdTime>2025-09-06 06:07:16 UTC</createdTime>
<generatorID>D99AC209-D3D6-EF62-63A7-DEDB943FBF55</generatorID>
<ownerDesignName>Exp2_S4_Grupo22</ownerDesignName>
<engineerTo>
<item key="8425D1A2-55C5-C21F-94D6-5C4A3F40FAC8" value="true"/>
</engineerTo>
<referedAttribute>54B7FAC4-1C6B-9E6F-6DDF-865975E9751B</referedAttribute>
<useDomainConstraints>false</useDomainConstraints>
<use>1</use>
<logicalDatatype>LOGDT011</logicalDatatype>
<ownDataTypeParameters>,,</ownDataTypeParameters>
</Attribute>
<Attribute name="id_titulo1" id="953C62E6-1F99-D43E-544D-E636A842F0D4">
<createdBy>Darklight</createdBy>
<createdTime>2025-09-06 06:19:49 UTC</createdTime>
<generatorID>1547E7CF-F798-93EF-15B9-49A922DE52BB</generatorID>
<ownerDesignName>Exp2_S4_Grupo22</ownerDesignName>
<engineerTo>
<item key="8425D1A2-55C5-C21F-94D6-5C4A3F40FAC8" value="true"/>
</engineerTo>
<referedAttribute>B3872FAF-B0FD-9782-4523-0C813A0B46DF</referedAttribute>
<useDomainConstraints>false</useDomainConstraints>
<use>1</use>
<logicalDatatype>LOGDT011</logicalDatatype>
<ownDataTypeParameters>,,</ownDataTypeParameters>
</Attribute>
</attributes>
<identifiers itemClass="oracle.dbtools.crest.model.design.logical.CandidateKey">
<identifier id="5CD4F4F0-4870-28DC-7CF5-F7CC9D8E009D" name="TITULO_2 PK">
<createdBy>Darklight</createdBy>
<createdTime>2025-09-06 06:19:42 UTC</createdTime>
<ownerDesignName>Exp2_S4_Grupo22</ownerDesignName>
<engineerTo>
<item key="8425D1A2-55C5-C21F-94D6-5C4A3F40FAC8" value="true"/>
</engineerTo>
<pk>true</pk>
<usedAttributes>
<attributeRef>310F44CB-9BF0-E73B-68D1-8CEF94F38F24</attributeRef>
</usedAttributes>
</identifier>
</identifiers>
</Entity>