<?xml version = '1.0' encoding = 'UTF-8'?>
<Relation class="oracle.dbtools.crest.model.design.logical.Relation" name="Relation_5" directorySegmentName="seg_0" id="396D4C52-D650-9C30-A114-7F34F147A11F">
<createdBy>Darklight</createdBy>
<createdTime>2025-08-30 00:37:57 UTC</createdTime>
<ownerDesignName>Exp1_S3_Benjamin_Ruiz</ownerDesignName>
<engineerTo>
<item key="7C5BFE72-54B9-220C-DFDA-15DE8505C630" value="true"/>
</engineerTo>
<sourcePk>3B9DA81E-A4E4-77EE-69A1-6E32854020C8</sourcePk>
<targetPk>0F595A23-3F3F-F9FA-6162-440855A0BD04</targetPk>
<identifying>false</identifying>
<optionalSource>false</optionalSource>
<optionalTarget>false</optionalTarget>
<sourceCardinality>1</sourceCardinality>
<sourceEntity>43CD50DB-468D-A97B-4ACE-8484FB516E6E</sourceEntity>
<targetCardinalityString>1</targetCardinalityString>
<targetEntity>53CED498-8C4B-1021-2CA0-BAD5694A3F54</targetEntity>
<transferable>true</transferable>
<deleteRule>NO ACTION</deleteRule>
</Relation>