<?xml version = '1.0' encoding = 'UTF-8'?>
<Relation class="oracle.dbtools.crest.model.design.logical.Relation" name="Relation_6" directorySegmentName="seg_0" id="684C19EC-C513-C787-9B63-C08F276581DD">
<createdBy>Darklight</createdBy>
<createdTime>2025-08-30 00:38:22 UTC</createdTime>
<ownerDesignName>Exp1_S3_Benjamin_Ruiz</ownerDesignName>
<engineerTo>
<item key="7C5BFE72-54B9-220C-DFDA-15DE8505C630" value="true"/>
</engineerTo>
<sourcePk>0F595A23-3F3F-F9FA-6162-440855A0BD04</sourcePk>
<targetPk>652781A6-7ECA-1590-F12A-EE15B55A5A92</targetPk>
<identifying>false</identifying>
<optionalSource>false</optionalSource>
<optionalTarget>false</optionalTarget>
<sourceCardinality>1</sourceCardinality>
<sourceEntity>53CED498-8C4B-1021-2CA0-BAD5694A3F54</sourceEntity>
<targetCardinalityString>1</targetCardinalityString>
<targetEntity>DDF73B0D-7019-71D6-2841-BF1FA00EF9EA</targetEntity>
<transferable>true</transferable>
<deleteRule>NO ACTION</deleteRule>
</Relation>