<?xml version = '1.0' encoding = 'UTF-8'?>
<Relation class="oracle.dbtools.crest.model.design.logical.Relation" name="Relation_1" directorySegmentName="seg_0" id="A8EBE63D-D4E3-AB2E-DF01-CE79C5441C5B">
<createdBy>Darklight</createdBy>
<createdTime>2025-08-30 00:10:12 UTC</createdTime>
<ownerDesignName>Exp1_S3_Benjamin_Ruiz</ownerDesignName>
<engineerTo>
<item key="7C5BFE72-54B9-220C-DFDA-15DE8505C630" value="true"/>
</engineerTo>
<identifying>false</identifying>
<optionalSource>false</optionalSource>
<optionalTarget>false</optionalTarget>
<sourceCardinality>1</sourceCardinality>
<sourceEntity>C15B4DEB-2875-D8B5-E3F9-EDE0BCA532FA</sourceEntity>
<targetCardinalityString>*</targetCardinalityString>
<targetEntity>1D312987-3E84-7B96-371B-A20558C2D2FC</targetEntity>
<transferable>true</transferable>
<deleteRule>NO ACTION</deleteRule>
</Relation>