<?xml version = '1.0' encoding = 'UTF-8'?>
<Relation class="oracle.dbtools.crest.model.design.logical.Relation" name="Relation_4" directorySegmentName="seg_0" id="DD262E57-2871-A7AD-3A49-23ABF23F8840">
<createdBy>Darklight</createdBy>
<createdTime>2025-08-30 00:17:16 UTC</createdTime>
<ownerDesignName>Exp1_S3_Benjamin_Ruiz</ownerDesignName>
<engineerTo>
<item key="7C5BFE72-54B9-220C-DFDA-15DE8505C630" value="true"/>
</engineerTo>
<sourcePk>78D3DDAC-618E-C75D-F306-B5955B0BF318</sourcePk>
<identifying>false</identifying>
<optionalSource>true</optionalSource>
<optionalTarget>false</optionalTarget>
<sourceCardinality>1</sourceCardinality>
<sourceEntity>1D312987-3E84-7B96-371B-A20558C2D2FC</sourceEntity>
<targetCardinalityString>*</targetCardinalityString>
<targetEntity>43CD50DB-468D-A97B-4ACE-8484FB516E6E</targetEntity>
<transferable>true</transferable>
<deleteRule>NO ACTION</deleteRule>
</Relation>