<?xml version = '1.0' encoding = 'UTF-8'?>
<Relation class="oracle.dbtools.crest.model.design.logical.Relation" name="Relation_8" directorySegmentName="seg_0" id="EC543AA5-2068-E246-64DB-96B9F5EE3FF5">
<createdBy>Darklight</createdBy>
<createdTime>2025-08-30 00:42:58 UTC</createdTime>
<ownerDesignName>Exp1_S3_Benjamin_Ruiz</ownerDesignName>
<engineerTo>
<item key="7C5BFE72-54B9-220C-DFDA-15DE8505C630" value="true"/>
</engineerTo>
<targetPk>48E18AA5-57F9-C0C4-AD8D-7743A26A1C50</targetPk>
<identifying>false</identifying>
<optionalSource>true</optionalSource>
<optionalTarget>false</optionalTarget>
<sourceCardinality>1</sourceCardinality>
<sourceEntity>C0CB2744-8F30-BE9C-C753-2D7808579E47</sourceEntity>
<targetCardinalityString>*</targetCardinalityString>
<targetEntity>C0CB2744-8F30-BE9C-C753-2D7808579E47</targetEntity>
<transferable>true</transferable>
<deleteRule>NO ACTION</deleteRule>
</Relation>