<?xml version = '1.0' encoding = 'UTF-8'?>
<Relation class="oracle.dbtools.crest.model.design.logical.Relation" name="Relation_7" directorySegmentName="seg_0" id="FFAB24FE-407F-E2FB-CD51-FEC6D0346771">
<createdBy>Darklight</createdBy>
<createdTime>2025-08-30 00:39:33 UTC</createdTime>
<ownerDesignName>Exp1_S3_Benjamin_Ruiz</ownerDesignName>
<engineerTo>
<item key="7C5BFE72-54B9-220C-DFDA-15DE8505C630" value="true"/>
</engineerTo>
<sourcePk>A9D48154-97ED-1062-BFB7-D82A6F091236</sourcePk>
<identifying>false</identifying>
<optionalSource>false</optionalSource>
<optionalTarget>false</optionalTarget>
<sourceCardinality>1</sourceCardinality>
<sourceEntity>B108EE10-B193-203F-8082-1EEDEF55DB51</sourceEntity>
<targetCardinalityString>*</targetCardinalityString>
<targetEntity>DDF73B0D-7019-71D6-2841-BF1FA00EF9EA</targetEntity>
<transferable>true</transferable>
<deleteRule>NO ACTION</deleteRule>
</Relation>